mut_name,mutdiffsel
B:A316E,2.0314882136850736
A:N279R,1.850133660888251
B:K207Q,1.7390569603202564
B:R308D,1.732862727581142
B:K207L,1.6105306407238926
B:A316D,1.550916113956816
A:N279C,1.4781971226028312
B:K207P,1.4368132796769468
B:K207V,1.4135404651290755
B:A316K,1.3813071497530458
B:K207N,1.3501783536751946
B:K207I,1.3458356043249935
B:K207T,1.2949198386581906
B:R308S,1.2597673798065736
A:K282P,1.2343217657351064
A:N279Y,1.2079286026863414
B:R308C,1.169745766105625
B:K207S,1.0796515558579125
A:K282G,1.0794110900347036
A:N280D,1.0766597525989654
B:A316S,1.069786379576282
A:N279K,1.0567467055051103
B:R308P,1.0516671178239672
B:R308T,0.9826242458033374
B:S306E,0.9604571211740668
A:A281L,0.9125115098261763
A:G459Y,0.9086509498193126
A:G366V,0.88963436106162
A:K282W,0.8870157766488365
A:S460L,0.87502968378997
A:G459E,0.8683153088831135
A:T465K,0.85597183311206
A:A281D,0.8426322539984377
B:S306W,0.8027291740301417
A:G458Y,0.7570038704025759
B:K207A,0.7489481383178709
A:K282A,0.7466024215030989
A:R469P,0.734710204844136
A:G458W,0.7133503575558864
A:N279L,0.6426286548921751
B:A316N,0.6257129201520318
A:G458T,0.5975199539224616
A:K282E,0.5942656586273368
A:A281T,0.5883165713094093
A:A281V,0.5720926238977911
A:A281F,0.5665268138966266
A:R456I,0.543671312826937
B:R308E,0.5375594546796398
A:D457A,0.5353812524124086
A:A281W,0.5262256218856154
A:N279H,0.5116258879732232
B:R308N,0.5113558317810574
A:G458I,0.509909893871527
B:K207F,0.5066145868128219
A:N279D,0.4958664303751207
A:R469D,0.4815601956492273
A:K282F,0.4665056988092778
A:K282L,0.4654730920090786
A:D368H,0.4529538713136249
A:Q428K,0.4431139254659846
A:T464E,0.4428768208781542
A:G366E,0.4391692172093477
A:T465H,0.4259517860598813
B:S306D,0.4232153113142806
A:T461L,0.4176772302808856
A:S463Q,0.4066465234138522
A:A281P,0.3917949111942591
A:N279F,0.3886568716618536
A:G458A,0.3778417823912921
B:R308G,0.3732189842166565
A:T278S,0.3621178928223034
A:G458C,0.3602058770803443
A:N279W,0.3486565425971432
A:N280E,0.3450065499015725
A:G458E,0.3412585224135597
B:S306G,0.3395751728444386
A:S463G,0.3366660198558516
A:D368S,0.333324521362916
B:S306Q,0.3280726010884801
B:K207C,0.3230294680196115
A:K282Q,0.3083838528527248
B:K207M,0.304117600806249
A:A281S,0.30039924008515
A:S460V,0.2952145879865815
B:R308K,0.288519006415449
A:N279P,0.2884045177211946
B:R308V,0.2867018871117159
A:G458M,0.2849613328837973
A:R456W,0.2801204875713846
A:K282D,0.2734131078836773
A:S460K,0.269714332767538
A:N280P,0.2691048282418344
A:R469A,0.2554792783031266
A:N279S,0.2450528593488668
B:R308A,0.2439518711403868
A:G367W,0.2421817960949925
A:T465Q,0.2307450828186546
A:T464V,0.2304515554225333
A:D368Q,0.230276090003404
A:N280H,0.2287508819709962
A:D457F,0.223048066426035
A:N279G,0.2160278634224482
A:D368L,0.2119678145703556
A:N280M,0.2112513016330484
A:N280A,0.2080024565538328
B:K207G,0.19752936687549
A:R469L,0.1974098557521993
A:R456H,0.1879694790261299
A:G459M,0.1779042696023129
A:G366P,0.1726932592621688
A:K282S,0.1710311640428435
A:D368T,0.1694865642097775
A:A281C,0.1666645173310067
A:R456F,0.1585276296440761
A:T461M,0.1568303026165218
A:K282N,0.1539464556337563
A:T278Q,0.1528735102540163
B:R308M,0.149424198922445
A:S463K,0.1449487627747036
A:G459K,0.1416627733254219
A:R469C,0.1402968516399996
A:K282I,0.135264946726601
A:S365W,0.1347904427488975
A:A281R,0.1309277345864353
A:T278Y,0.1248043672349108
A:R456V,0.1234933798343866
A:T465N,0.1229593983502812
A:S460I,0.1227263177152546
A:I430C,0.1213905609607229
A:R469I,0.115227759204863
A:D457H,0.1131155547701418
A:N279A,0.1074272189054307
A:R469E,0.1065393614730093
A:A281M,0.1029824363471682
A:N462W,0.0990582141746767
A:N279T,0.0982435752227109
A:D457V,0.0962214731823013
A:V371G,0.0959436252180729
A:T461H,0.0926167478671645
A:R469S,0.092090074776603
B:A316Q,0.0880138898639066
A:R456Y,0.0849271964339513
B:K207H,0.0834360920278948
B:A316T,0.0832812828656901
A:S463H,0.0823676138571546
A:G366A,0.0818490305560277
A:V371I,0.0797189613657608
A:G459V,0.0761151634630933
A:V371F,0.0684907429594678
A:G459Q,0.0610995553780749
B:S306H,0.060562228219261
B:A316V,0.0601054239188977
A:N280Q,0.0593547893478132
A:G459N,0.0553212115293135
A:R456S,0.0474896734179047
A:N280W,0.0457453841646338
A:G458V,0.0273089279231931
B:A316P,0.026389196902338
A:S460C,0.0218284811395723
B:S306Y,0.019102491861074
A:T278D,0.0122107456981769
B:S306R,0.0078653143852574
A:A281K,0.001700369636104
A:A281E,0.001700369636104
A:R456K,0.0006505940866691
A:N280R,0.00037864408814
A:N280F,0.00037864408814
A:G458Q,0.0002720922145065
A:G458K,0.0002720922145065
A:G459C,0.0002315338056894
A:G459H,0.0002315338056894
A:R456M,0.0001454695416363
A:R456C,0.0001454695416363
A:R456D,0.0001454695416363
A:R469Y,6.0341010171628646e-05
A:R469W,6.0341010171628646e-05
A:D368Y,-3.141206838185412e-05
A:D368F,-3.141206838185412e-05
A:D368K,-3.141206838185412e-05
A:D368M,-3.141206838185412e-05
A:D368R,-3.141206838185412e-05
A:D368W,-3.141206838185412e-05
A:G366W,-7.627695361882632e-05
A:G366M,-7.627695361882632e-05
A:G366H,-7.627695361882632e-05
A:G366Q,-7.627695361882632e-05
A:G366N,-7.627695361882632e-05
A:G366Y,-7.627695361882632e-05
A:G366I,-7.627695361882632e-05
A:D457M,-8.805675197191154e-05
A:D457K,-8.805675197191154e-05
A:D457C,-8.805675197191154e-05
A:G367Y,-0.0001112253960753
A:G367T,-0.0001112253960753
A:G367M,-0.0001112253960753
A:G367L,-0.0001112253960753
A:G367K,-0.0001112253960753
A:G367D,-0.0001112253960753
A:G367I,-0.0001112253960753
A:G367H,-0.0001112253960753
A:G367F,-0.0001112253960753
A:V371N,-0.0001278279616602
A:V371Q,-0.0001278279616602
A:V371W,-0.0001278279616602
A:V371K,-0.0001278279616602
A:V371M,-0.0001278279616602
A:V371E,-0.0001278279616602
A:Q428C,-0.0005974459871088
A:S365D,-0.0007247720476041
A:N280Y,-0.001190029662026
A:T464W,-0.0016864956968718
A:G459T,-0.0073571737101777
B:S306C,-0.0077110892105014
A:Q428M,-0.0169698438300655
A:T461A,-0.0221428417839188
A:D457Y,-0.0223127809460837
A:D457I,-0.033434944134717
A:G366D,-0.0395076762365326
A:G366S,-0.0395076762365326
B:S306N,-0.0396160961287468
A:D368C,-0.0397595422714958
A:S365M,-0.0398464852822679
A:S463R,-0.0420435997077164
A:R456L,-0.0432482940385517
A:S460H,-0.0448667748208086
A:N279I,-0.0515694685504012
A:G367V,-0.0545686858236744
A:Q428V,-0.0580762992730955
B:K207D,-0.0603355276013712
A:G458H,-0.0619571128961983
A:R469M,-0.0621094540984164
A:Q428P,-0.0624038856479374
A:S463M,-0.0640106378653251
B:S306F,-0.0640242017943303
A:T461Q,-0.0655242958756417
A:G459F,-0.065527067652759
B:A316C,-0.0672048272006596
A:D457N,-0.0681743710092543
A:K282M,-0.0712689764330976
A:G459P,-0.0716507614807578
A:G367P,-0.0748069673779796
A:G367C,-0.0748069673779796
A:V371C,-0.075642842687471
A:S460N,-0.0787515823520899
B:R308H,-0.0794504148656586
A:R456Q,-0.0885281758718231
A:D368A,-0.0916516454130674
B:A316H,-0.0929934333503077
A:S460F,-0.1012018923829382
A:R469Q,-0.105221254177873
B:A316R,-0.1060809129323177
A:D368E,-0.1068246174908835
A:G367Q,-0.1069592124420013
A:S365E,-0.1072799914179908
A:D368P,-0.1080937659569017
A:R469F,-0.1106895623377042
A:G366L,-0.1116826216753149
A:G366F,-0.1116826216753149
A:V371S,-0.1143261248019801
A:V371Y,-0.1143261248019801
A:V371R,-0.1143261248019801
A:D368I,-0.1143518158100284
A:S365K,-0.1152095572511025
A:S365R,-0.1152095572511025
A:V371A,-0.1154522375422944
A:G367S,-0.1160905006564867
A:N279V,-0.1200543677862293
A:Q428G,-0.1219541527796692
A:K282C,-0.1228275172966117
A:T278C,-0.1251956327650891
A:G458P,-0.1312451107023904
A:G458N,-0.1312451107023904
A:R456P,-0.1313717333752606
A:R469N,-0.1314568619067253
A:D457W,-0.1316052596688689
A:N462F,-0.1332862331360245
A:I430E,-0.1333202269363796
A:T278F,-0.1339384081732603
B:S306K,-0.1349359347330383
B:A316G,-0.1402998109189895
A:K282V,-0.1404442829456571
A:D368V,-0.1472497507471795
A:S460R,-0.1528088335174201
A:D457Q,-0.153327011199744
A:I430T,-0.1539311397122249
A:G367N,-0.1553686171364784
A:T465Y,-0.1555908425407519
A:N280V,-0.1588231256690395
A:K282H,-0.1604744775222526
A:R469T,-0.1816893331497517
A:S460W,-0.1838889983042624
B:A316M,-0.1847889663302531
A:D457L,-0.1857770468678281
A:V371P,-0.186350526227906
A:S365C,-0.1871683875969691
A:G367R,-0.1894298109375546
A:R456N,-0.193547723890767
A:D457P,-0.1938201518696936
A:T278N,-0.1952352695651311
A:N280L,-0.1989512031200417
A:D457R,-0.1991687752400666
B:S306P,-0.2032202070492148
B:S306L,-0.2138662335829829
B:K207Y,-0.2146174047478731
A:G367A,-0.2159794010589271
A:S365V,-0.2186206225073518
A:S365G,-0.2221620499073866
A:G459A,-0.222544558573389
A:N279M,-0.2258919263104192
A:A281Q,-0.2266332061288965
A:G458F,-0.227014214397055
A:N280T,-0.2282119744899711
A:N280C,-0.2296592710229763
A:A281Y,-0.2302851342950733
A:T278W,-0.2313301106933354
A:R469G,-0.2322576618724811
A:N279E,-0.2364528457794916
A:N462C,-0.2370121603787178
A:D457T,-0.2428014703370929
A:A281G,-0.2498997175389305
A:R456T,-0.2501812593078029
A:T278M,-0.2507025299156427
A:S365N,-0.2531102036245063
A:G458R,-0.2581417264071505
A:A281I,-0.2597066553927489
B:A316W,-0.2624899715557098
A:I430K,-0.2682989152914953
A:Q428R,-0.276280215973297
B:S306A,-0.2777939371151277
B:R308I,-0.2798181247245253
A:S460M,-0.2882722030940433
A:Q428W,-0.2935131933857539
A:N280G,-0.2954178724814248
A:D457S,-0.3011232359470283
B:K207W,-0.3030489411864921
A:Q428E,-0.3072269005871069
A:S365Y,-0.3104825653434701
A:S365I,-0.3121574700207445
A:K282T,-0.323250317150932
A:R456A,-0.3314121214435046
A:Q428I,-0.3337207372557306
A:R469H,-0.3389756115461473
A:I430D,-0.3408389765758016
B:R308Y,-0.3431270200233793
A:T278V,-0.3435577750848507
A:G458D,-0.3473849029905967
A:S463T,-0.3518516538553152
A:N462L,-0.3536024736380275
A:N280S,-0.3553038453322492
A:V371L,-0.3574474625837999
A:S365H,-0.3582279777842121
A:G366K,-0.3586311396441941
B:K207E,-0.360829686125287
A:T465F,-0.3619170700683675
A:R456E,-0.3639246508360451
A:G366T,-0.3697064520462764
A:S365F,-0.378377164426284
A:Q428T,-0.3796844231383706
A:N462M,-0.3823770993938937
A:T461W,-0.3862747363935172
A:S365A,-0.3943904471480332
A:G366C,-0.400336090181202
A:R469V,-0.4047342130045957
A:S460E,-0.4051474579451103
A:D457G,-0.4133351067638641
A:Q428H,-0.4166979739678189
A:N280I,-0.4175310926961931
A:S460D,-0.4221995537039281
A:G459W,-0.4390634456815574
A:V371T,-0.4416961933431496
B:A316I,-0.4439581387906156
B:R308L,-0.4462121607593894
A:Q428F,-0.4465785609755398
B:S306M,-0.4468753984190563
A:S365Q,-0.4483701298395139
A:T461Y,-0.4561689468584095
A:T465S,-0.4570836194945232
A:V371H,-0.4577011580408314
A:G458L,-0.4601205671343727
A:I430Q,-0.4609884441605635
A:T461E,-0.4725983442746402
A:Q428Y,-0.4750013475328586
B:R308F,-0.4752696534361656
A:D368G,-0.482302345973643
A:S463C,-0.489667040941211
A:T465W,-0.4900603645037075
A:Q428D,-0.4903545007230322
A:N279Q,-0.4904292387280186
B:S306T,-0.4995913542387371
A:R456G,-0.5035098166326372
A:T461K,-0.5050667941115765
A:T461V,-0.5188740780149637
A:T461C,-0.5293849913281083
A:S463W,-0.5335008952645071
A:T278H,-0.5337048339253356
A:G459L,-0.5342342169879981
A:S460Q,-0.5402113466612115
A:N462S,-0.5422035955040794
A:V371D,-0.5487554523754679
A:N280K,-0.5532593814198195
A:S463A,-0.5568840814058982
A:T278P,-0.5630206844629809
A:S460Y,-0.5691046658053104
B:R308Q,-0.5725602985996593
A:T461F,-0.5790553489173611
A:T464I,-0.5799440980983734
A:K282R,-0.5812555414110525
A:T465E,-0.5830498406155867
A:T465V,-0.60782615925759
A:T465M,-0.6087895984081299
A:G459S,-0.6096346837770368
A:T464P,-0.6121637577044505
A:T278E,-0.6136700915003257
B:A316L,-0.6142336077527774
A:G459I,-0.620762315244612
A:N462Q,-0.6210836881573697
A:G458S,-0.6219158101024194
A:T278K,-0.6251947560037162
A:S463E,-0.6310727983036193
A:T465A,-0.6325062022787249
A:S460T,-0.6356941406301787
A:T464Q,-0.6418890390438144
A:I430G,-0.6423142479453251
A:D368N,-0.6501201781851339
A:T464N,-0.6524786639377487
A:Q428L,-0.6545723118652824
A:T464M,-0.6573743603867584
A:T464D,-0.6655525252064793
B:S306V,-0.6805192487757087
A:D457E,-0.6845708855244845
A:K282Y,-0.6946070239434925
A:T461S,-0.7045129897217693
A:G459D,-0.7186907005146698
A:A281H,-0.7195843772836543
A:I430L,-0.7219425659765619
A:A281N,-0.7277750025008857
A:T465D,-0.729664188347087
A:S460A,-0.7416065341495557
A:S365L,-0.7446431133559546
B:K207R,-0.7495162941280318
B:A316Y,-0.7604539801204513
A:S463V,-0.7837275957972663
A:N462V,-0.7846184019136752
A:T461G,-0.7864134180202219
A:I430V,-0.7868954397668595
A:T465I,-0.7973646876740461
A:T465P,-0.8149617199963557
A:S460P,-0.8208586272737499
B:R308W,-0.8217759721048197
A:T278G,-0.822301555737367
A:G366R,-0.8272877780073525
A:S463Y,-0.8289899830750636
A:T278R,-0.8295463703060377
A:T461D,-0.8545072535376563
A:I430F,-0.8614629541013819
A:R469K,-0.8667379611750047
A:N462E,-0.868387595555142
A:G367E,-0.8766517197338595
A:G459R,-0.9005915436357552
A:T464K,-0.9150692353081886
A:T465C,-0.9451261201665424
A:T278I,-0.95297237398177
A:N462T,-0.9573354483304448
A:T278A,-0.9682754305365612
A:T461N,-0.9759130253303232
A:T461I,-0.986340563266316
A:N462D,-0.9977985676205978
A:I430H,-1.0051655372587485
A:S463L,-1.041808680793272
A:I430N,-1.048080438499288
A:N462R,-1.049878100091428
B:A316F,-1.085472885105208
A:S463I,-1.101030588336236
A:S463F,-1.1109706199257885
A:T465L,-1.1113463590218575
A:T464L,-1.1298289801393837
A:T464A,-1.1302482404299663
A:I430W,-1.1370952621878307
A:Q428S,-1.142593540031806
A:S463D,-1.149302174779765
A:T465G,-1.166986075029557
A:T278L,-1.172903545179839
A:T464H,-1.1809465909716974
A:I430S,-1.194129988672275
A:I430M,-1.2054036761353475
A:S463N,-1.2085402971305454
A:S365T,-1.2291290768936158
A:T464G,-1.267012447998053
A:N462H,-1.286369550410835
A:S365P,-1.286855879434947
A:T464C,-1.2937126316237588
A:S460G,-1.2997712469870406
A:N462Y,-1.3132464564507225
A:T461P,-1.315816169878916
B:S306I,-1.317367499840698
A:T464Y,-1.3480948624229856
A:T464S,-1.3697928401646402
A:Q428A,-1.3704726012445043
A:Q428N,-1.3724713518453415
A:N462P,-1.376442095448985
A:T464F,-1.4023415667010135
A:I430R,-1.4594502585804732
A:T465R,-1.4638910458020475
A:N462A,-1.4940520071443495
A:N462G,-1.506256406792993
A:S463P,-1.6217241680998595
A:N462K,-1.7033875883839198
A:I430A,-1.7258112386615865
A:T464R,-1.7872741783948192
A:I430Y,-1.8039833854129244
A:N462I,-1.878554144846485
A:T461R,-1.9099607249593624
A:I430P,-2.017275629034798
B:K207K,
A:T278T,
A:N279N,
A:N280N,
A:A281A,
A:K282K,
B:S306S,
B:R308R,
B:A316A,
A:S365S,
A:G366G,
A:G367G,
A:D368D,
A:V371V,
A:Q428Q,
A:I430I,
A:R456R,
A:D457D,
A:G458G,
A:G459G,
A:S460S,
A:T461T,
A:N462N,
A:S463S,
A:T464T,
A:T465T,
A:R469R,
