mut_name,mut_escape
A:T345A,0.001512
A:T345D,0.001512
A:T345E,0.001512
A:T345K,0.001512
A:T345P,0.001512
A:T345R,0.001512
A:T345S,0.002367
A:R346A,0.001512
A:R346C,0.01367
A:R346D,0.7536
A:R346E,0.9445
A:R346F,0.01136
A:R346G,0.001512
A:R346H,0.001512
A:R346I,0.001512
A:R346K,0.001512
A:R346L,0.02215
A:R346M,0.01616
A:R346N,0.002157
A:R346Q,0.001512
A:R346S,0.01452
A:R346T,0.001512
A:R346V,0.03779
A:R346W,0.001512
A:R346Y,0.005046
A:L441A,0.001512
A:L441F,0.001512
A:L441H,0.001512
A:L441I,0.001512
A:L441Q,0.001512
A:L441R,0.001597
A:L441S,0.001512
A:L441V,0.001512
A:L441W,0.001426
A:N448A,0.001512
A:N448C,0.001512
A:N448D,0.78
A:N448E,0.02359
A:N448G,0.896
A:N448H,0.08536
A:N448K,0.8291
A:N448P,0.8378
A:N448Q,1.0
A:N448R,0.9361
A:N448S,0.001512
A:N448T,0.001512
A:N448V,0.02555
A:N448Y,0.2548
A:Y449A,0.8794
A:Y449C,0.02218
A:Y449D,0.9807
A:Y449E,0.9744
A:Y449F,0.001512
A:Y449G,0.001512
A:Y449H,0.001512
A:Y449I,0.8945
A:Y449K,0.97
A:Y449L,0.9316
A:Y449M,0.002012
A:Y449N,0.3887
A:Y449P,0.9629
A:Y449Q,0.913
A:Y449R,0.8994
A:Y449S,0.8656
A:Y449T,0.9576
A:Y449V,0.9938
A:Y449W,0.001512
A:N450A,0.001512
A:N450C,0.001512
A:N450D,0.6568
A:N450E,0.03933
A:N450F,0.001512
A:N450G,0.001512
A:N450H,0.001512
A:N450I,0.001512
A:N450K,0.001512
A:N450L,0.001512
A:N450M,0.001512
A:N450P,0.951
A:N450Q,0.001512
A:N450R,0.001512
A:N450S,0.001512
A:N450T,0.7941
A:N450V,0.001512
A:N450W,0.001512
A:N450Y,0.001512
A:L452A,0.06125
A:L452C,0.001512
A:L452D,0.8481
A:L452E,0.9574
A:L452F,0.974
A:L452G,0.04741
A:L452H,0.8214
A:L452I,0.001512
A:L452K,0.9685
A:L452M,0.001512
A:L452N,0.3129
A:L452Q,0.1807
A:L452R,0.9786
A:L452S,0.9212
A:L452T,0.8237
A:L452V,0.001512
A:L452W,0.9799
A:L452Y,0.9738
A:F490A,0.9355
A:F490C,0.1457
A:F490D,0.9867
A:F490E,0.9533
A:F490G,0.2195
A:F490H,0.001512
A:F490I,0.06973
A:F490K,0.9526
A:F490L,0.0398
A:F490M,0.001512
A:F490N,0.9199
A:F490P,0.8493
A:F490Q,0.6483
A:F490R,0.903
A:F490S,0.742
A:F490T,0.3404
A:F490V,0.199
A:F490W,0.001512
A:F490Y,0.001512
A:S494A,0.001512
A:S494D,0.8577
A:S494F,0.7244
A:S494G,0.001512
A:S494H,0.935
A:S494I,0.8865
A:S494K,0.8979
A:S494M,0.9614
A:S494N,0.9461
A:S494P,0.2861
A:S494R,0.4022
A:S494T,0.001512
A:S494V,0.7781
A:S494W,0.9529
A:S494Y,0.8298
A:Q498A,0.001512
A:Q498C,0.001512
A:Q498D,0.001512
A:Q498E,0.001512
A:Q498F,0.001512
A:Q498G,0.001512
A:Q498H,0.001512
A:Q498I,0.001512
A:Q498K,0.001512
A:Q498L,0.001512
A:Q498M,0.001512
A:Q498N,0.001512
A:Q498R,0.001547
A:Q498S,0.001512
A:Q498T,0.001512
A:Q498V,0.001512
A:Q498W,0.001512
A:Q498Y,0.001512
A:P499A,0.001512
A:P499C,0.001512
A:P499D,0.001512
A:P499E,0.01036
A:P499G,0.001512
A:P499H,0.001512
A:P499L,0.001512
A:P499M,0.001512
A:P499N,0.02918
A:P499Q,0.001512
A:P499R,0.001512
A:P499S,0.02894
A:P499T,0.001512
A:P499V,0.001512
A:P499Y,0.001512
A:T500A,0.001512
A:T500C,0.001512
A:T500D,0.001512
A:T500E,0.001512
A:T500F,0.001512
A:T500G,0.001512
A:T500H,0.001512
A:T500I,0.001512
A:T500K,0.001512
A:T500L,0.001512
A:T500M,0.001512
A:T500N,0.001512
A:T500P,0.001512
A:T500Q,0.001512
A:T500R,0.001512
A:T500S,0.001512
A:T500V,0.001512
A:T500W,0.001892
A:T500Y,0.001512
