site,wildtype,mutation,Normalized_FitnessMetric,Unselected_Reads,Selected_Reads,RawLog2
1,S,*,-1.6952,162.0,2.0,-6.317880829
1,S,F,-0.6079,107.0,46.0,-1.195935856
1,S,W,-0.6744,197.0,71.0,-1.450335526
1,S,Y,-0.7406,123.0,37.0,-1.711091965
1,S,P,-0.1332,23.0,30.0,0.405297814
1,S,M,0.1424,33.0,73.0,1.167399614
1,S,I,-0.658,77.0,29.0,-1.386836371
1,S,L,-0.4961,98.0,56.0,-0.785385748
1,S,V,-0.5907,109.0,49.0,-1.131505306
1,S,A,-0.2818,190.0,180.0,-0.056033338
1,S,G,0.0986,133.0,272.0,1.05414958
1,S,C,-0.6898,81.0,28.0,-1.510525907
1,S,T,-0.5856,90.0,41.0,-1.112331917
1,S,N,-0.8738,136.0,28.0,-2.258138745
1,S,Q,-0.0167,34.0,56.0,0.741861255
1,S,D,0.2563,67.0,180.0,1.44773308
1,S,E,0.4033,13.0,44.0,1.780961075
1,S,H,-0.0945,34.0,48.0,0.519468834
1,S,K,-0.3756,106.0,81.0,-0.366101277
1,S,R,-0.3874,152.0,113.0,-0.405779377
2,S,*,-0.7383,109.0,33.0,-1.701821031
2,S,F,0.2748,13.0,36.0,1.491454458
2,S,W,0.3004,44.0,127.0,1.551222242
2,S,P,-0.148,34.0,43.0,0.360771088
2,S,M,-0.189,25.0,29.0,0.23609398
2,S,L,0.0205,52.0,92.0,0.845091412
2,S,V,0.3201,46.0,137.0,1.596439301
2,S,A,-0.1348,80.0,104.0,0.400480798
2,S,G,-0.0629,115.0,173.0,0.611107351
2,S,C,-0.4597,8.0,5.0,-0.656102731
2,S,T,0.3764,8.0,26.0,1.722408892
2,S,N,0.5644,20.0,85.0,2.109432016
2,S,Q,-0.7032,6.0,2.0,-1.562993326
2,S,E,0.2878,35.0,99.0,1.522042777
2,S,H,0.1839,37.0,88.0,1.271947427
2,S,R,-0.2877,138.0,129.0,-0.075328027
3,S,*,-1.536,88.0,2.0,-5.437462444
3,S,F,-0.4331,72.0,48.0,-0.562993326
3,S,W,-0.7416,60.0,18.0,-1.71499642
3,S,Y,-0.046,18.0,28.0,0.659399095
3,S,P,-0.173,45.0,54.0,0.28500358
3,S,M,0.2705,20.0,55.0,1.481400793
3,S,L,-0.0059,173.0,291.0,0.77221629
3,S,V,0.0269,129.0,231.0,0.86249096
3,S,A,0.0679,30.0,58.0,0.973059574
3,S,G,-0.1133,145.0,197.0,0.464111904
3,S,C,-0.3728,39.0,30.0,-0.356542449
3,S,T,0.4087,17.0,58.0,1.792487328
3,S,N,0.4521,44.0,160.0,1.884465651
3,S,D,0.3708,18.0,58.0,1.710025168
3,S,R,0.389,48.0,159.0,1.749889629
4,H,*,-1.4222,29.0,1.0,-4.836011821
4,H,W,-0.6523,34.0,13.0,-1.365053949
4,H,Y,0.0319,26.0,47.0,0.876118308
4,H,P,0.3836,14.0,46.0,1.738176208
4,H,I,0.0183,21.0,37.0,0.839105117
4,H,L,0.0526,116.0,218.0,0.932172504
4,H,V,0.1225,133.0,284.0,1.116433858
4,H,A,0.3987,36.0,121.0,1.77090741
4,H,G,-0.0917,193.0,274.0,0.52754422
4,H,C,-0.7884,38.0,10.0,-1.904030244
4,H,S,0.3328,105.0,319.0,1.62513627
4,H,T,0.202,75.0,184.0,1.31671244
4,H,N,0.4338,37.0,131.0,1.84593881
4,H,Q,-0.1501,135.0,170.0,0.354544513
4,H,D,0.1716,64.0,149.0,1.241137695
4,H,E,0.1088,60.0,125.0,1.080862863
4,H,K,0.1245,49.0,105.0,1.121504848
4,H,R,0.0374,271.0,495.0,0.891104848
5,P,W,-0.9956,14.0,2.0,-2.785385748
5,P,Y,-0.2978,58.0,53.0,-0.108091366
5,P,L,-0.2973,47.0,43.0,-0.106354923
5,P,V,0.0863,11.0,22.0,1.021969174
5,P,G,0.3755,53.0,172.0,1.720313474
5,P,C,-0.27,73.0,71.0,-0.018108265
5,P,S,-0.0142,29.0,48.0,0.74895068
5,P,T,0.1729,24.0,56.0,1.244361596
5,P,Q,-0.2508,68.0,69.0,0.04303079
5,P,R,-0.2223,25.0,27.0,0.133000487
6,V,F,0.0863,7.0,14.0,1.021969174
6,V,W,0.0863,16.0,32.0,1.021969174
6,V,Y,0.8711,17.0,104.0,2.634946051
6,V,M,1.6063,5.0,53.0,3.427961534
6,V,I,0.0333,16.0,29.0,0.879950169
6,V,L,0.412,14.0,48.0,1.799576753
6,V,A,0.4171,33.0,114.0,1.810465069
6,V,G,0.004,238.0,408.0,0.799576753
6,V,S,0.915,15.0,96.0,2.700041079
6,V,T,0.5437,15.0,62.0,2.069274889
6,V,Q,0.8839,5.0,31.0,2.65423739
6,V,E,-0.5051,34.0,19.0,-0.817566153
6,V,H,0.2448,11.0,29.0,1.420518551
6,V,R,0.0102,132.0,229.0,0.816778843
7,F,*,-1.4124,140.0,5.0,-4.785385748
7,F,W,0.0937,74.0,150.0,1.041334499
7,F,Y,0.0273,125.0,224.0,0.863539812
7,F,P,-0.6158,57.0,24.0,-1.225958339
7,F,M,0.7389,7.0,37.0,2.424067618
7,F,I,-0.1166,103.0,139.0,0.45440972
7,F,L,0.2254,192.0,490.0,1.373644613
7,F,V,0.152,144.0,324.0,1.191894176
7,F,A,0.6726,17.0,83.0,2.309545764
7,F,G,1.0288,22.0,157.0,2.857158305
7,F,C,-0.2824,74.0,70.0,-0.058201174
7,F,S,0.1111,163.0,341.0,1.086868949
7,F,T,-0.0158,60.0,99.0,0.744435199
7,F,N,0.1803,22.0,52.0,1.262977274
7,F,Q,0.8163,13.0,75.0,2.550348147
7,F,D,0.4797,46.0,174.0,1.941350714
7,F,E,1.0972,19.0,144.0,2.943966662
7,F,H,-0.161,65.0,80.0,0.321529456
7,F,K,0.8302,7.0,41.0,2.572166257
7,F,R,-0.1185,122.0,164.0,0.448783841
8,H,*,-1.734,93.0,,-6.539158811
8,H,F,-0.4043,7.0,5.0,-0.463457653
8,H,W,-0.0986,10.0,14.0,0.507396001
8,H,Y,0.0999,40.0,82.0,1.057593084
8,H,P,0.4579,9.0,33.0,1.896438292
8,H,M,-0.0732,19.0,28.0,0.581396583
8,H,L,0.0497,84.0,157.0,0.9242725
8,H,V,-0.1906,109.0,126.0,0.231064773
8,H,A,-0.4264,62.0,42.0,-0.539909713
8,H,G,-0.0867,76.0,109.0,0.542225986
8,H,C,0.0192,17.0,30.0,0.841396929
8,H,N,-0.161,13.0,16.0,0.321529456
8,H,Q,0.0915,53.0,107.0,1.035515706
8,H,D,0.4105,38.0,130.0,1.796409474
8,H,E,-0.1922,46.0,53.0,0.226327673
8,H,R,0.1953,87.0,211.0,1.300124867
9,R,*,-0.7083,146.0,48.0,-1.582892884
9,R,F,0.0205,91.0,161.0,0.845091412
9,R,W,-0.2248,54.0,58.0,0.125062667
9,R,Y,-0.3523,88.0,71.0,-0.287715325
9,R,P,-0.1045,167.0,231.0,0.490013923
9,R,M,0.8722,8.0,49.0,2.636679018
9,R,I,-0.4914,64.0,37.0,-0.76857746
9,R,L,-0.0791,195.0,284.0,0.56438598
9,R,V,0.1414,245.0,541.0,1.164816019
9,R,A,0.3209,110.0,328.0,1.598161465
9,R,G,0.1464,408.0,909.0,1.177680317
9,R,C,-1.1653,36.0,3.0,-3.562993326
9,R,S,0.1857,280.0,668.0,1.27639045
9,R,T,0.6616,60.0,289.0,2.290004261
9,R,N,0.2959,119.0,341.0,1.54077934
9,R,Q,0.028,73.0,131.0,0.865567617
9,R,D,0.2411,171.0,448.0,1.411471581
9,R,E,0.2618,149.0,404.0,1.461012137
9,R,H,0.6444,21.0,99.0,2.259008372
9,R,K,0.1272,111.0,239.0,1.128420116
10,G,*,-1.3064,19.0,,-4.247927513
10,G,F,-0.4878,60.0,35.0,-0.755638404
10,G,W,-0.3836,260.0,195.0,-0.393068325
10,G,Y,-0.4174,26.0,18.0,-0.508545542
10,G,P,-0.2686,163.0,159.0,-0.013876025
10,G,I,-1.4782,35.0,,-5.129283017
10,G,L,-0.9449,126.0,21.0,-2.562993326
10,G,V,-0.7382,317.0,96.0,-1.701407355
10,G,A,0.3658,81.0,259.0,1.698927459
10,G,C,-0.3613,205.0,162.0,-0.317660922
10,G,S,-0.1059,174.0,240.0,0.485916274
10,G,Q,0.0611,22.0,42.0,0.954854978
10,G,D,0.1257,95.0,204.0,1.124538908
10,G,E,0.0115,23.0,40.0,0.820335313
10,G,H,-0.0602,41.0,62.0,0.61861348
10,G,K,-0.5001,76.0,43.0,-0.799693584
10,G,R,0.1897,194.0,466.0,1.286242477
11,E,*,-0.9812,288.0,43.0,-2.721691072
11,E,F,-0.6029,62.0,27.0,-1.177339634
11,E,W,-0.7257,134.0,42.0,-1.651802593
11,E,Y,-0.6688,41.0,15.0,-1.428692235
11,E,P,-0.5493,44.0,22.0,-0.978030826
11,E,M,-0.1739,96.0,115.0,0.282496725
11,E,I,-0.8016,71.0,18.0,-1.957852944
11,E,L,-0.1782,123.0,146.0,0.269279228
11,E,V,-0.2827,256.0,242.0,-0.059167588
11,E,A,-0.2489,158.0,161.0,0.049105304
11,E,G,-0.3573,805.0,642.0,-0.304446312
11,E,C,-1.0906,245.0,26.0,-3.214229047
11,E,S,-0.3383,204.0,170.0,-0.241065232
11,E,T,-0.5305,164.0,86.0,-0.909318076
11,E,N,-1.4892,37.0,1.0,-5.187484191
11,E,Q,-0.1211,86.0,115.0,0.441194471
11,E,D,-0.0207,93.0,152.0,0.730737877
11,E,H,-1.0387,8.0,1.0,-2.978030826
11,E,K,-0.2396,50.0,52.0,0.078552703
11,E,R,-1.0658,270.0,31.0,-3.100650112
12,F,*,-1.5894,53.0,,-5.727920455
12,F,W,-0.4723,66.0,40.0,-0.70049685
12,F,Y,0.1729,36.0,84.0,1.244361596
12,F,I,-0.0675,53.0,79.0,0.597829468
12,F,L,-0.0136,70.0,116.0,0.750667152
12,F,V,0.1151,84.0,177.0,1.097257302
12,F,A,0.0431,91.0,168.0,0.906491957
12,F,G,0.4753,133.0,500.0,1.932471023
12,F,C,-0.0372,297.0,470.0,0.684167
12,F,S,0.1599,32.0,73.0,1.211793733
12,F,T,0.0231,9.0,16.0,0.852044173
12,F,N,0.5555,15.0,63.0,2.092358502
12,F,Q,0.0863,14.0,28.0,1.021969174
12,F,D,0.4517,41.0,149.0,1.88358569
12,F,K,-0.1863,36.0,42.0,0.244361596
12,F,R,-0.2502,62.0,63.0,0.045052787
13,S,*,-1.3064,19.0,,-4.247927513
13,S,F,-0.8121,191.0,47.0,-2.000870802
13,S,Y,-0.9259,34.0,6.0,-2.480531166
13,S,P,-0.711,190.0,62.0,-1.593690124
13,S,M,-0.4803,69.0,41.0,-0.729003278
13,S,I,-1.6085,57.0,,-5.832890014
13,S,L,-1.5854,371.0,7.0,-5.70595128
13,S,V,-0.8287,179.0,42.0,-2.06952918
13,S,A,-0.4647,115.0,71.0,-0.673773757
13,S,G,0.0245,46.0,82.0,0.855959223
13,S,C,-0.8208,50.0,12.0,-2.036924515
13,S,T,-0.2813,116.0,110.0,-0.054652107
13,S,N,-0.3246,50.0,43.0,-0.195622261
13,S,D,0.0407,37.0,68.0,0.89997865
13,S,E,0.8163,13.0,75.0,2.550348147
13,S,H,0.4351,42.0,149.0,1.848820272
13,S,K,-1.0006,7.0,,-2.807354922
13,S,R,-1.5,154.0,4.0,-5.244817366
14,V,*,-1.3213,20.0,,-4.321928095
14,V,F,-0.5684,84.0,40.0,-1.048420154
14,V,W,-1.0809,9.0,,-3.169925001
14,V,Y,-1.7547,101.0,,-6.658211483
14,V,P,-0.4255,81.0,55.0,-0.536521115
14,V,I,-0.1582,21.0,26.0,0.33009147
14,V,L,-1.0848,37.0,4.0,-3.187484191
14,V,A,0.066,68.0,131.0,0.967929335
14,V,G,-0.4798,158.0,94.0,-0.727222722
14,V,C,-0.0986,35.0,49.0,0.507396001
14,V,S,0.0895,86.0,173.0,1.030332647
14,V,T,0.1169,79.0,167.0,1.101892719
14,V,Q,0.1892,15.0,36.0,1.28500358
14,V,D,-0.2574,13.0,13.0,0.021969174
14,V,E,-0.8476,9.0,2.0,-2.147955827
14,V,H,-0.8837,20.0,4.0,-2.299958921
14,V,K,-1.17,12.0,,-3.584962501
14,V,R,-1.1433,67.0,6.0,-3.459157515
15,C,*,-1.1182,175.0,17.0,-3.341779096
15,C,F,-1.0027,93.0,13.0,-2.816749919
15,C,W,-1.1561,163.0,14.0,-3.519404058
15,C,Y,-0.6371,108.0,43.0,-1.306653573
15,C,P,-1.3058,77.0,4.0,-4.244817366
15,C,M,-1.6795,75.0,,-6.228818691
15,C,I,-1.7912,117.0,,-6.87036472
15,C,L,-1.8349,284.0,2.0,-7.127777945
15,C,V,-2.0131,301.0,1.0,-8.211650502
15,C,A,-1.5018,310.0,8.0,-5.254155231
15,C,G,-1.9531,698.0,3.0,-7.840151551
15,C,S,-1.4855,292.0,8.0,-5.167855385
15,C,T,-1.7891,116.0,,-6.857980995
15,C,N,-1.7522,100.0,,-6.64385619
15,C,Q,-1.6304,62.0,,-5.95419631
15,C,D,-1.0533,67.0,8.0,-3.044120016
15,C,E,-1.7869,115.0,,-6.845490051
15,C,H,-1.2907,18.0,,-4.169925001
15,C,K,-1.5145,40.0,,-5.321928095
15,C,R,-1.1188,392.0,38.0,-3.344813156
16,D,*,-1.4124,28.0,1.0,-4.785385748
16,D,F,-0.95,6.0,,-2.584962501
16,D,W,-0.8888,5.0,,-2.321928095
16,D,Y,-0.6302,37.0,15.0,-1.280593596
16,D,M,-1.4022,27.0,1.0,-4.732918328
16,D,I,-1.3959,26.0,,-4.700439718
16,D,L,-1.7667,106.0,,-6.727920455
16,D,V,-1.1292,224.0,21.0,-3.393068325
16,D,A,-0.6616,126.0,47.0,-1.400721898
16,D,G,-0.9103,330.0,61.0,-2.413615702
16,D,C,-1.3353,21.0,,-4.392317423
16,D,S,-0.6148,45.0,19.0,-1.221956409
16,D,T,-1.2696,17.0,1.0,-4.065493667
16,D,N,-0.4331,24.0,16.0,-0.562993326
16,D,Q,-1.2863,54.0,3.0,-4.147955827
16,D,E,-0.3109,62.0,55.0,-0.150867423
16,D,H,-0.5653,50.0,24.0,-1.036924515
16,D,R,-1.8227,133.0,,-7.055282436
17,S,*,-0.7609,102.0,29.0,-1.792475173
17,S,F,-1.6856,78.0,1.0,-6.263433045
17,S,W,-1.3071,58.0,3.0,-4.25104932
17,S,Y,-1.4621,33.0,,-5.044394119
17,S,P,-0.1021,41.0,57.0,0.497307184
17,S,M,-0.8551,23.0,5.0,-2.179664687
17,S,I,-1.302,57.0,3.0,-4.225958339
17,S,L,-1.0561,245.0,29.0,-3.05668777
17,S,V,-0.8891,127.0,25.0,-2.322859323
17,S,A,-0.0377,210.0,332.0,0.682763088
17,S,G,-0.0265,349.0,564.0,0.714437301
17,S,C,-1.5804,52.0,1.0,-5.678470544
17,S,T,-0.6652,111.0,41.0,-1.414894687
17,S,Q,-0.9025,37.0,7.0,-2.380129269
17,S,D,-0.2948,25.0,23.0,-0.098325059
17,S,E,-0.3716,35.0,27.0,-0.35242634
17,S,H,-1.5298,43.0,1.0,-5.40429558
17,S,R,-0.9889,48.0,7.0,-2.755638404
18,V,*,-1.4316,90.0,3.0,-4.884921421
18,V,F,-0.2058,168.0,188.0,0.184240603
18,V,W,-0.4214,35.0,24.0,-0.522351342
18,V,Y,-0.2265,100.0,107.0,0.119579971
18,V,P,-1.4316,60.0,2.0,-4.884921421
18,V,M,-0.2367,150.0,157.0,0.087771233
18,V,I,-0.2786,87.0,83.0,-0.04593489
18,V,L,-0.4191,132.0,91.0,-0.514630305
18,V,A,0.0006,64.0,109.0,0.790153499
18,V,G,-1.197,333.0,25.0,-3.713553003
18,V,C,-0.6893,78.0,27.0,-1.508545542
18,V,S,-0.1833,178.0,209.0,0.253594875
18,V,T,-0.1931,60.0,69.0,0.223603035
18,V,N,0.2767,9.0,25.0,1.495900363
18,V,Q,0.4829,10.0,38.0,1.947968593
18,V,D,-0.0493,66.0,102.0,0.650000397
18,V,H,0.4763,17.0,64.0,1.934506333
18,V,R,-0.2054,50.0,56.0,0.185467907
19,S,*,-1.4887,480.0,13.0,-5.184481703
19,S,F,-1.2211,664.0,46.0,-3.829508301
19,S,W,-1.7908,949.0,8.0,-6.868295103
19,S,Y,-1.1464,282.0,25.0,-3.473725988
19,S,P,-1.0973,337.0,35.0,-3.24535259
19,S,M,-1.7937,360.0,3.0,-6.884921421
19,S,I,-1.403,352.0,13.0,-4.737022726
19,S,L,-1.6701,1101.0,15.0,-6.175738984
19,S,V,-1.737,860.0,9.0,-6.556298674
19,S,A,-0.9868,1165.0,171.0,-2.74629255
19,S,G,-0.922,2666.0,476.0,-2.463674127
19,S,C,-1.1813,1037.0,82.0,-3.638679
19,S,T,-0.9167,215.0,39.0,-2.440821456
19,S,N,-1.1355,98.0,9.0,-3.422815668
19,S,Q,-1.6504,204.0,3.0,-6.065493667
19,S,D,-1.9891,543.0,2.0,-8.062839214
19,S,E,-1.4753,457.0,13.0,-5.113641463
19,S,H,-0.8204,154.0,37.0,-2.035364001
19,S,K,-1.1896,104.0,8.0,-3.678470544
19,S,R,-1.5703,1001.0,20.0,-5.62332899
20,V,*,-1.1935,79.0,6.0,-3.696849073
20,V,F,0.097,102.0,208.0,1.04998355
20,V,W,-0.5183,209.0,113.0,-0.865210995
20,V,Y,0.1132,10.0,21.0,1.092358502
20,V,P,-1.3916,52.0,2.0,-4.678470544
20,V,M,0.0479,102.0,190.0,0.919399441
20,V,I,-0.3469,82.0,67.0,-0.26949364
20,V,L,0.0382,252.0,461.0,0.893312191
20,V,A,0.2686,360.0,987.0,1.477022352
20,V,G,0.2413,3957.0,10371.0,1.412045213
20,V,C,-0.0702,257.0,381.0,0.589991813
20,V,S,0.2224,356.0,904.0,1.366414706
20,V,T,-0.101,89.0,124.0,0.500432054
20,V,N,0.6079,20.0,90.0,2.191894176
20,V,Q,0.0324,63.0,114.0,0.877579265
20,V,D,-0.1968,206.0,235.0,0.211985594
20,V,E,0.3115,193.0,567.0,1.576717062
20,V,H,-0.0216,38.0,62.0,0.728237971
20,V,R,0.22,550.0,1391.0,1.36058807
21,W,*,-0.8284,247.0,58.0,-2.068417062
21,W,F,-1.2225,87.0,6.0,-3.836011821
21,W,Y,-1.169,85.0,7.0,-3.58006684
21,W,P,-1.6466,66.0,,-6.044394119
21,W,M,-1.5235,84.0,2.0,-5.370348248
21,W,I,-1.5076,39.0,,-5.285402219
21,W,L,-0.9285,257.0,45.0,-2.491802279
21,W,V,-1.5283,171.0,4.0,-5.395883341
21,W,A,-1.8189,266.0,2.0,-7.033313261
21,W,G,-0.802,154.0,39.0,-1.959415148
21,W,C,-0.9973,197.0,28.0,-2.792727723
21,W,S,-1.8066,253.0,2.0,-6.9610244
21,W,T,-1.3064,19.0,,-4.247927513
21,W,D,-1.5339,43.0,,-5.426264755
21,W,E,-1.4449,31.0,,-4.95419631
21,W,H,-1.8386,142.0,,-7.14974712
21,W,K,-1.5339,43.0,,-5.426264755
21,W,R,-0.8539,220.0,48.0,-2.174428039
22,V,*,-1.555,189.0,4.0,-5.54027325
22,V,F,-1.1387,154.0,14.0,-3.437462444
22,V,W,-1.7497,99.0,,-6.62935662
22,V,Y,-1.7582,104.0,1.0,-6.678470544
22,V,P,-1.4422,187.0,6.0,-4.939962785
22,V,M,-0.8837,125.0,25.0,-2.299958921
22,V,I,-0.2266,143.0,153.0,0.11948568
22,V,L,-0.9636,292.0,46.0,-2.644293429
22,V,A,-0.5719,214.0,101.0,-1.061286329
22,V,G,-1.5333,784.0,18.0,-5.422815668
22,V,C,-0.3176,95.0,83.0,-0.172847003
22,V,S,-0.6046,512.0,222.0,-1.183614959
22,V,T,-0.2981,219.0,200.0,-0.108961696
22,V,N,-0.0037,177.0,299.0,0.778365298
22,V,Q,-0.6876,92.0,32.0,-1.501592782
22,V,D,-1.0414,242.0,30.0,-2.990003467
22,V,E,-0.8214,192.0,46.0,-2.03943137
22,V,H,-0.7816,82.0,22.0,-1.876151212
22,V,K,-0.7477,217.0,64.0,-1.739582058
22,V,R,-0.5064,508.0,283.0,-0.82205727
23,G,*,-1.2371,15.0,,-3.906890596
23,G,F,-0.8687,67.0,14.0,-2.236765094
23,G,W,-0.8889,66.0,13.0,-2.321985227
23,G,Y,-1.212,70.0,5.0,-3.785385748
23,G,P,-1.1387,121.0,11.0,-3.437462444
23,G,M,-1.1818,76.0,6.0,-3.640995838
23,G,I,-1.3733,24.0,,-4.584962501
23,G,L,-1.7433,294.0,3.0,-6.59274067
23,G,V,-0.6417,239.0,94.0,-1.324308782
23,G,A,0.3509,16.0,50.0,1.665825364
23,G,C,-0.4867,53.0,31.0,-0.75175497
23,G,S,-0.1686,440.0,533.0,0.298601184
23,G,T,0.0498,23.0,43.0,0.924671973
23,G,N,-0.4304,76.0,51.0,-0.553532997
23,G,Q,-0.7725,109.0,30.0,-1.839324555
23,G,D,-0.1565,33.0,41.0,0.33512706
23,G,E,-0.5443,79.0,40.0,-0.959883479
23,G,H,-0.8226,67.0,16.0,-2.044120016
23,G,K,-1.5006,38.0,,-5.247927513
23,G,R,-0.6407,213.0,84.0,-1.320423023
24,D,*,-1.4449,31.0,,-4.95419631
24,D,F,-1.4347,91.0,3.0,-4.900862965
24,D,W,-0.9838,54.0,8.0,-2.732918328
24,D,Y,-0.7856,49.0,13.0,-1.892300952
24,D,P,-1.5577,47.0,,-5.554588852
24,D,M,-1.4782,35.0,,-5.129283017
24,D,I,-1.3507,45.0,2.0,-4.469883922
24,D,L,-1.863,157.0,,-7.294620749
24,D,V,-1.0504,307.0,37.0,-3.030672305
24,D,A,-0.8607,187.0,40.0,-2.202997191
24,D,G,-0.3658,610.0,477.0,-0.332850802
24,D,C,-0.6243,34.0,14.0,-1.258138745
24,D,S,-0.7209,170.0,54.0,-1.63253426
24,D,T,-0.8675,62.0,13.0,-2.231787418
24,D,N,-0.0842,77.0,111.0,0.5495985
24,D,Q,-1.1567,105.0,9.0,-3.522351342
24,D,E,-0.3182,259.0,226.0,-0.174660151
24,D,H,-0.0493,11.0,17.0,0.650000397
24,D,K,-1.5741,50.0,,-5.64385619
24,D,R,-1.2969,168.0,9.0,-4.200423247
25,K,*,-1.3507,450.0,20.0,-4.469883922
25,K,F,-1.8057,126.0,1.0,-6.955310749
25,K,W,-1.6773,151.0,2.0,-6.216435565
25,K,Y,-1.5519,46.0,,-5.523561956
25,K,P,-1.7721,110.0,1.0,-6.759390539
25,K,M,-0.5923,172.0,77.0,-1.13750904
25,K,I,-1.201,27.0,2.0,-3.732918328
25,K,L,-0.9427,149.0,25.0,-2.553343156
25,K,V,-1.379,174.0,7.0,-4.613619399
25,K,A,-1.4298,149.0,5.0,-4.875271251
25,K,G,-1.7157,439.0,5.0,-6.43417986
25,K,C,-1.6959,80.0,,-6.321928095
25,K,S,-1.3682,335.0,14.0,-4.558693189
25,K,T,-1.1576,117.0,10.0,-3.52646745
25,K,N,-0.7372,135.0,41.0,-1.697294418
25,K,Q,-0.5684,21.0,10.0,-1.048420154
25,K,D,-1.7643,105.0,,-6.714245518
25,K,E,-0.831,266.0,62.0,-2.079116951
25,K,H,-1.6504,68.0,1.0,-6.065493667
25,K,R,-0.0098,239.0,399.0,0.761347303
26,T,*,-1.2909,384.0,21.0,-4.170675904
26,T,F,-0.2253,247.0,265.0,0.123450492
26,T,W,-0.6532,409.0,156.0,-1.36858564
26,T,Y,-0.255,190.0,191.0,0.029542394
26,T,P,-1.162,273.0,23.0,-3.547226011
26,T,M,-0.2437,457.0,471.0,0.065502069
26,T,I,-0.348,335.0,273.0,-0.27329097
26,T,L,-0.4017,1187.0,853.0,-0.454733114
26,T,V,-0.042,803.0,1259.0,0.670775565
26,T,A,-0.2641,814.0,802.0,0.000542617
26,T,G,-0.1994,483.0,548.0,0.204121878
26,T,C,-0.7937,297.0,77.0,-1.925563406
26,T,S,-0.2382,858.0,895.0,0.082879209
26,T,N,-0.3567,576.0,460.0,-0.302465776
26,T,Q,-0.1749,169.0,202.0,0.279301221
26,T,D,-0.8142,417.0,102.0,-2.009509057
26,T,E,-0.228,120.0,128.0,0.115078579
26,T,H,-0.1022,100.0,139.0,0.497054057
26,T,K,-0.0865,352.0,505.0,0.542677133
26,T,R,0.0044,1111.0,1906.0,0.800658477
27,T,*,-1.3347,383.0,18.0,-4.389306406
27,T,F,-0.2938,231.0,213.0,-0.095070247
27,T,W,-0.0535,447.0,685.0,0.637798331
27,T,Y,-0.0806,177.0,257.0,0.559988173
27,T,P,-1.5375,177.0,4.0,-5.445636376
27,T,M,0.005,209.0,359.0,0.802450076
27,T,I,-0.0509,346.0,533.0,0.645332669
27,T,L,-0.0938,766.0,1083.0,0.52158612
27,T,V,0.0822,669.0,1328.0,1.011146205
27,T,A,-0.5776,714.0,332.0,-1.082771658
27,T,G,-1.3957,1477.0,56.0,-4.699130014
27,T,C,-0.5506,309.0,154.0,-0.982707313
27,T,S,-0.1141,673.0,913.0,0.46197753
27,T,N,-0.0023,248.0,420.0,0.782018382
27,T,Q,-0.6381,136.0,54.0,-1.310606165
27,T,D,-1.369,216.0,9.0,-4.562993326
27,T,E,-0.9384,353.0,60.0,-2.534664603
27,T,H,0.3522,114.0,357.0,1.668859424
27,T,K,-0.0097,215.0,359.0,0.761616359
27,T,R,0.0324,923.0,1670.0,0.877414724
28,A,F,-1.1434,11.0,,-3.459431619
28,A,W,-1.4965,38.0,1.0,-5.225958339
28,A,Y,-0.8921,82.0,16.0,-2.33558283
28,A,P,-0.8065,36.0,9.0,-1.978030826
28,A,M,-1.5741,50.0,,-5.64385619
28,A,I,-1.7759,110.0,,-6.781359714
28,A,L,-1.8245,134.0,,-7.06608919
28,A,V,-1.0482,272.0,33.0,-3.021099548
28,A,G,-0.8353,404.0,93.0,-2.097083497
28,A,C,-1.8599,155.0,,-7.276124405
28,A,S,-1.1716,245.0,20.0,-3.59274067
28,A,T,-0.2381,23.0,24.0,0.083369719
28,A,N,-1.4859,36.0,,-5.169925001
28,A,Q,-1.6175,59.0,,-5.882643049
28,A,D,-1.114,193.0,19.0,-3.32256035
28,A,E,-1.5267,85.0,2.0,-5.387421762
28,A,H,-1.0809,9.0,,-3.169925001
28,A,K,-1.2562,16.0,,-4.0
28,A,R,-1.6795,75.0,,-6.228818691
29,T,*,-1.4276,207.0,7.0,-4.864162861
29,T,F,-0.0045,220.0,371.0,0.775884837
29,T,W,-0.3991,65.0,47.0,-0.445809787
29,T,Y,-0.153,159.0,199.0,0.34571084
29,T,P,-1.2608,231.0,14.0,-4.022424945
29,T,M,0.3836,70.0,230.0,1.738176208
29,T,I,0.2946,64.0,183.0,1.537669013
29,T,L,-0.0501,549.0,847.0,0.647524995
29,T,V,-0.1146,335.0,454.0,0.460500376
29,T,A,-0.8573,287.0,62.0,-2.188741442
29,T,G,-1.593,491.0,9.0,-5.747685039
29,T,C,-0.4741,58.0,35.0,-0.706728804
29,T,S,-1.071,487.0,55.0,-3.124449074
29,T,N,-1.2423,93.0,6.0,-3.932227136
29,T,Q,-0.4781,231.0,138.0,-0.72125541
29,T,D,-1.7895,118.0,1.0,-6.860673875
29,T,E,-1.0499,116.0,14.0,-3.028656899
29,T,H,-0.4513,58.0,37.0,-0.626558455
29,T,K,-0.1271,184.0,243.0,0.423219722
29,T,R,0.1233,513.0,1097.0,1.118501969
30,D,*,-1.2927,1251.0,68.0,-4.179434059
30,D,F,-1.5104,960.0,24.0,-5.299958921
30,D,W,-1.405,1009.0,37.0,-4.747287919
30,D,Y,-1.5038,898.0,23.0,-5.265040504
30,D,P,-1.9412,885.0,4.0,-7.767564471
30,D,M,-1.6005,842.0,15.0,-5.788816653
30,D,I,-1.871,824.0,5.0,-7.342603258
30,D,L,-1.6764,2107.0,28.0,-6.211650502
30,D,V,-1.4047,1934.0,71.0,-4.745655786
30,D,A,-1.5304,1379.0,32.0,-5.407437567
30,D,G,-1.4769,3112.0,88.0,-5.122225552
30,D,C,-1.6045,912.0,16.0,-5.81092084
30,D,S,-1.4087,2155.0,78.0,-4.766100761
30,D,T,-0.2718,763.0,739.0,-0.024139518
30,D,N,-1.2819,656.0,37.0,-4.126129465
30,D,Q,-1.7509,404.0,4.0,-6.636242308
30,D,E,-1.2813,761.0,43.0,-4.123518714
30,D,H,-1.0976,453.0,47.0,-3.246809214
30,D,K,-1.531,475.0,11.0,-5.41038291
30,D,R,-1.6687,2044.0,28.0,-6.167855385
31,I,*,-1.5812,678.0,13.0,-5.682732571
31,I,F,-0.7374,425.0,129.0,-1.698122601
31,I,W,-0.5982,186.0,82.0,-1.159637632
31,I,Y,-0.7502,198.0,58.0,-1.749406451
31,I,P,-1.6905,159.0,2.0,-6.290913781
31,I,M,0.1474,151.0,337.0,1.180169216
31,I,L,-0.5238,677.0,361.0,-0.885187822
31,I,V,-0.5061,723.0,403.0,-0.821246634
31,I,A,-0.6501,377.0,145.0,-1.356542449
31,I,G,-1.8584,782.0,5.0,-7.267127528
31,I,C,-1.656,278.0,4.0,-6.096971898
31,I,S,-0.1502,533.0,671.0,0.354146408
31,I,T,-0.7903,298.0,78.0,-1.911797127
31,I,N,-0.2733,202.0,195.0,-0.028911995
31,I,Q,-0.3069,105.0,94.0,-0.137687492
31,I,D,-1.3873,128.0,5.0,-4.656102731
31,I,E,-1.8599,155.0,,-7.276124405
31,I,H,-0.3222,266.0,230.0,-0.18782321
31,I,K,-0.1839,168.0,197.0,0.251703571
31,I,R,-0.0171,723.0,1190.0,0.740863196
32,K,*,-1.1918,563.0,43.0,-3.688757183
32,K,F,-1.3256,268.0,13.0,-4.343680298
32,K,W,-1.4892,444.0,12.0,-5.187484191
32,K,Y,-1.7571,102.0,,-6.672425342
32,K,P,-1.8742,334.0,2.0,-7.361735118
32,K,M,-1.0381,503.0,63.0,-2.975165492
32,K,I,-1.6179,360.0,6.0,-5.884921421
32,K,L,-1.5816,888.0,17.0,-5.684983851
32,K,V,-1.3782,818.0,33.0,-4.609593739
32,K,A,-0.7234,653.0,206.0,-1.64246948
32,K,G,-0.738,1383.0,419.0,-1.700809833
32,K,C,-1.9782,259.0,1.0,-7.994839113
32,K,S,-0.3668,887.0,692.0,-0.336192892
32,K,T,-0.2541,408.0,411.0,0.032538416
32,K,N,-0.903,307.0,58.0,-2.382144676
32,K,Q,-0.9144,230.0,42.0,-2.431203454
32,K,D,-1.7087,427.0,5.0,-6.39419499
32,K,E,-0.8573,500.0,108.0,-2.188927608
32,K,H,-0.8222,205.0,49.0,-2.042801081
32,K,R,0.2035,1001.0,2462.0,1.320357962
33,G,*,-1.4669,341.0,10.0,-5.06973066
33,G,F,-1.7469,497.0,5.0,-6.613204772
33,G,W,-1.5703,851.0,17.0,-5.623583306
33,G,Y,-1.8827,173.0,1.0,-7.412659053
33,G,P,-1.8244,272.0,2.0,-7.065493667
33,G,M,-1.2053,178.0,13.0,-3.753324539
33,G,I,-1.6387,195.0,3.0,-6.000398639
33,G,L,-1.9887,542.0,2.0,-8.060179867
33,G,V,-1.4162,1050.0,37.0,-4.804751073
33,G,A,-1.4275,798.0,27.0,-4.86338826
33,G,C,-1.3845,507.0,20.0,-4.641944668
33,G,S,-1.351,901.0,40.0,-4.471486027
33,G,T,-1.7124,260.0,3.0,-6.415436138
33,G,N,-1.4391,339.0,11.0,-4.92374067
33,G,Q,-1.9503,230.0,1.0,-7.823520877
33,G,D,-1.074,438.0,49.0,-3.138108041
33,G,E,-1.465,508.0,15.0,-5.059824917
33,G,H,-1.5952,110.0,2.0,-5.759390539
33,G,K,-1.7285,91.0,,-6.50779464
33,G,R,-1.3895,1161.0,45.0,-4.667329986
34,K,*,-1.1324,194.0,18.0,-3.408018666
34,K,F,-1.7547,101.0,,-6.658211483
34,K,W,-1.3916,208.0,8.0,-4.678470544
34,K,Y,-1.2916,110.0,6.0,-4.174428038
34,K,P,-1.0533,67.0,8.0,-3.044120016
34,K,M,-1.9835,261.0,,-8.027905997
34,K,I,-1.0761,198.0,22.0,-3.147955827
34,K,L,-1.4214,376.0,13.0,-4.832179959
34,K,V,-1.2097,528.0,38.0,-3.774497432
34,K,A,-0.9339,505.0,87.0,-2.515226907
34,K,G,-1.3208,1764.0,87.0,-4.319722175
34,K,C,-1.5104,200.0,5.0,-5.299958921
34,K,S,-1.0405,177.0,22.0,-2.986204757
34,K,T,-0.8355,113.0,26.0,-2.09777007
34,K,N,0.1383,158.0,347.0,1.156980279
34,K,Q,-0.5039,223.0,125.0,-0.813146441
34,K,D,-1.238,443.0,29.0,-3.911212719
34,K,E,-0.8012,390.0,99.0,-1.956004519
34,K,H,-0.2539,129.0,130.0,0.033109732
34,K,R,0.0183,772.0,1360.0,0.838903073
35,E,*,-0.9259,17.0,3.0,-2.480531166
35,E,F,-1.5276,42.0,,-5.392317423
35,E,W,-1.0006,7.0,,-2.807354922
35,E,Y,-1.1139,10.0,,-3.321928095
35,E,P,-0.6036,23.0,10.0,-1.179664687
35,E,M,-1.5035,39.0,1.0,-5.263433045
35,E,I,-0.5842,35.0,16.0,-1.107313843
35,E,L,-1.0809,9.0,,-3.169925001
35,E,V,-0.0463,128.0,199.0,0.658593795
35,E,A,-0.4917,45.0,26.0,-0.769444204
35,E,G,-0.9981,268.0,38.0,-2.796192503
35,E,S,-0.2038,113.0,127.0,0.190474899
35,E,T,0.2234,46.0,117.0,1.368771938
35,E,N,-0.196,7.0,8.0,0.214614252
35,E,Q,-0.8888,5.0,,-2.321928095
35,E,D,-0.7502,198.0,58.0,-1.749406451
35,E,K,-0.0408,105.0,165.0,0.674045871
35,E,R,-0.1319,143.0,187.0,0.408992297
36,V,*,-0.2574,19.0,19.0,0.021969174
36,V,F,-1.3664,214.0,9.0,-4.549572811
36,V,W,-1.8487,148.0,,-7.209453366
36,V,Y,-1.7826,113.0,,-6.820178962
36,V,P,-1.9011,184.0,,-7.523561956
36,V,M,-1.5339,43.0,,-5.426264755
36,V,I,-0.6329,77.0,31.0,-1.290621056
36,V,L,-1.4495,160.0,5.0,-4.978030826
36,V,A,-1.1091,310.0,31.0,-3.299958921
36,V,G,-1.6029,623.0,11.0,-5.80168756
36,V,C,-1.8383,144.0,1.0,-7.147955827
36,V,S,-1.8017,124.0,1.0,-6.932227136
36,V,T,-1.17,12.0,,-3.584962501
36,V,N,-1.2225,58.0,4.0,-3.836011821
36,V,Q,-1.5076,39.0,,-5.285402219
36,V,D,-0.5883,42.0,19.0,-1.122420735
36,V,E,-1.9291,207.0,,-7.693486958
36,V,H,-1.7744,111.0,1.0,-6.772446692
36,V,K,-1.6983,82.0,1.0,-6.33558283
36,V,R,-1.2652,268.0,16.0,-4.044120016
37,M,*,-1.477,283.0,8.0,-5.122689069
37,M,F,-0.0149,98.0,162.0,0.747109333
37,M,W,-0.3586,83.0,66.0,-0.308676138
37,M,Y,0.2955,22.0,63.0,1.539817479
37,M,P,-1.5574,143.0,3.0,-5.552939662
37,M,I,-0.0083,89.0,149.0,0.765404264
37,M,L,0.0977,286.0,584.0,1.051922396
37,M,V,0.2412,166.0,435.0,1.411801334
37,M,A,-0.1106,142.0,194.0,0.472134897
37,M,G,-0.6052,261.0,113.0,-1.18575786
37,M,C,-0.5592,160.0,78.0,-1.014556702
37,M,S,-0.0284,159.0,256.0,0.709086219
37,M,T,0.4014,48.0,162.0,1.776856676
37,M,Q,0.67,60.0,292.0,2.304903138
37,M,D,0.082,64.0,127.0,1.010653861
37,M,E,0.2201,51.0,129.0,1.360771088
37,M,K,0.0196,141.0,249.0,0.842419754
37,M,R,-0.0136,245.0,406.0,0.750667152
38,V,*,-1.4537,32.0,,-5.0
38,V,F,-0.9732,183.0,28.0,-2.686375742
38,V,W,-1.1942,13.0,,-3.700439718
38,V,Y,-1.7804,112.0,,-6.807354922
38,V,P,-1.8334,139.0,,-7.118941073
38,V,M,-1.8334,139.0,,-7.118941073
38,V,I,-0.379,182.0,138.0,-0.377301009
38,V,L,-0.3596,208.0,165.0,-0.31214833
38,V,A,-0.8161,148.0,36.0,-2.01755919
38,V,G,-1.176,348.0,28.0,-3.613619399
38,V,C,-2.0181,303.0,,-8.243173983
38,V,S,-1.8503,149.0,,-7.21916852
38,V,N,-1.6265,62.0,1.0,-5.932227136
38,V,Q,-1.6895,78.0,,-6.285402219
38,V,D,-0.8809,124.0,25.0,-2.288370946
38,V,E,-1.6959,80.0,,-6.321928095
38,V,H,-1.4065,27.0,,-4.754887502
38,V,K,-1.7201,88.0,,-6.459431619
38,V,R,-1.7721,220.0,2.0,-6.759390539
39,L,*,-1.185,384.0,30.0,-3.656102731
39,L,F,-0.8101,400.0,99.0,-1.992530395
39,L,W,-1.1067,387.0,39.0,-3.288818363
39,L,Y,-1.8698,164.0,1.0,-7.33558283
39,L,P,-1.311,196.0,10.0,-4.270812575
39,L,M,-0.189,175.0,203.0,0.23609398
39,L,I,-0.0808,206.0,299.0,0.559470321
39,L,V,-0.0401,373.0,587.0,0.676154047
39,L,A,-0.5931,338.0,151.0,-1.140505523
39,L,G,-1.825,409.0,3.0,-7.069025358
39,L,C,-0.5019,229.0,129.0,-0.806007358
39,L,S,-1.0261,523.0,68.0,-2.921235121
39,L,T,-2.0199,310.0,1.0,-8.254155231
39,L,N,-1.1213,52.0,5.0,-3.356542449
39,L,Q,-1.6127,294.0,5.0,-5.855775076
39,L,D,-1.0297,70.0,9.0,-2.937388841
39,L,E,-1.7954,119.0,,-6.894817763
39,L,H,-1.5211,41.0,,-5.357552005
39,L,K,-1.9871,265.0,,-8.049848549
39,L,R,-2.0635,375.0,1.0,-8.528777611
40,G,*,-1.7497,99.0,,-6.62935662
40,G,F,-1.7912,117.0,,-6.87036472
40,G,W,-1.3943,105.0,4.0,-4.692276343
40,G,Y,-1.5145,40.0,,-5.321928095
40,G,P,0.0863,21.0,42.0,1.021969174
40,G,M,-1.274,17.0,,-4.087462841
40,G,I,-1.5211,41.0,,-5.357552005
40,G,L,-1.4057,164.0,6.0,-4.75062033
40,G,V,-1.1984,281.0,21.0,-3.720139723
40,G,A,0.0181,247.0,435.0,0.838473533
40,G,C,-0.4774,132.0,79.0,-0.718644197
40,G,S,0.0078,249.0,430.0,0.810160092
40,G,T,-0.1163,97.0,131.0,0.455479334
40,G,N,-0.8837,35.0,7.0,-2.299958921
40,G,Q,-0.1392,59.0,76.0,0.387253638
40,G,D,0.0807,98.0,194.0,1.007172172
40,G,E,-0.2938,90.0,83.0,-0.094844491
40,G,H,-0.5393,39.0,20.0,-0.94150495
40,G,R,-0.3076,226.0,202.0,-0.139998305
41,E,*,-1.1544,521.0,45.0,-3.511317292
41,E,F,-1.3972,557.0,21.0,-4.70724692
41,E,W,-1.2517,448.0,28.0,-3.978030826
41,E,Y,-0.7917,303.0,79.0,-1.917424061
41,E,P,-1.9214,407.0,2.0,-7.64691581
41,E,M,-1.0833,267.0,29.0,-3.180745762
41,E,I,-1.4022,162.0,6.0,-4.732918328
41,E,L,-1.479,1283.0,36.0,-5.133411279
41,E,V,-1.2419,1161.0,75.0,-3.930364392
41,E,A,-0.9516,557.0,91.0,-2.591769703
41,E,G,-1.3264,1654.0,80.0,-4.34784625
41,E,C,-1.1802,378.0,30.0,-3.633382654
41,E,S,-0.5344,807.0,419.0,-0.923649255
41,E,T,-0.6339,538.0,216.0,-1.294605686
41,E,N,-0.7534,93.0,27.0,-1.762302135
41,E,Q,-0.4016,96.0,69.0,-0.45446887
41,E,D,-0.6684,718.0,263.0,-1.42695187
41,E,H,-0.8508,268.0,59.0,-2.161476967
41,E,K,-0.9972,211.0,30.0,-2.792239419
41,E,R,-1.3554,755.0,33.0,-4.493969541
42,V,*,-1.9125,193.0,,-7.592457037
42,V,F,-0.4548,283.0,179.0,-0.638873291
42,V,W,-1.5061,315.0,8.0,-5.277238844
42,V,Y,-1.2225,116.0,8.0,-3.836011821
42,V,P,-1.7201,88.0,,-6.459431619
42,V,M,-1.0876,56.0,6.0,-3.200423247
42,V,I,-0.1847,211.0,247.0,0.249237217
42,V,L,-0.412,318.0,223.0,-0.490013881
42,V,A,-1.3053,634.0,33.0,-4.241975736
42,V,G,-1.5215,2043.0,49.0,-5.35979447
42,V,C,-1.8124,259.0,2.0,-6.994839113
42,V,S,-1.523,545.0,13.0,-5.367703527
42,V,T,-1.3263,186.0,9.0,-4.347264635
42,V,N,-1.5461,45.0,,-5.491853096
42,V,Q,-1.8599,155.0,,-7.276124405
42,V,D,-1.212,406.0,29.0,-3.785385748
42,V,E,-1.4936,188.0,5.0,-5.210691582
42,V,H,-1.0436,8.0,,-3.0
42,V,R,-1.5545,283.0,6.0,-5.537726568
43,N,*,-1.0148,401.0,54.0,-2.87060175
43,N,F,-0.2041,130.0,146.0,0.18942592
43,N,W,0.0144,219.0,383.0,0.828382697
43,N,Y,0.0863,35.0,70.0,1.021969174
43,N,P,-1.0436,8.0,,-3.0
43,N,M,0.1487,76.0,170.0,1.183432597
43,N,I,-0.031,103.0,165.0,0.701790861
43,N,L,0.0306,244.0,440.0,0.87259155
43,N,V,-0.1648,199.0,243.0,0.310157057
43,N,A,-0.3907,221.0,163.0,-0.417205231
43,N,G,-0.4782,375.0,224.0,-0.721422689
43,N,C,-0.1388,128.0,165.0,0.388291389
43,N,S,0.0459,340.0,631.0,0.914074433
43,N,T,0.1757,58.0,136.0,1.25145102
43,N,Q,-0.1569,58.0,72.0,0.333913181
43,N,D,-0.1021,41.0,57.0,0.497307184
43,N,E,-0.4273,179.0,121.0,-0.542983366
43,N,H,-0.1771,58.0,69.0,0.272512636
43,N,K,-0.1907,122.0,141.0,0.230783189
43,N,R,-0.038,393.0,621.0,0.68203313
44,I,*,-1.4186,458.0,16.0,-4.817234614
44,I,F,0.0857,415.0,829.0,1.02022994
44,I,W,-0.1803,578.0,683.0,0.26278526
44,I,Y,0.0118,277.0,482.0,0.821116344
44,I,P,-1.4741,315.0,9.0,-5.107313843
44,I,M,-0.1707,301.0,363.0,0.292175236
44,I,L,-0.5304,839.0,440.0,-0.909198113
44,I,V,0.1662,800.0,1845.0,1.227518085
44,I,A,-0.5441,377.0,191.0,-0.959022711
44,I,G,-1.7275,1564.0,17.0,-6.501592782
44,I,C,-0.5426,584.0,297.0,-0.953536264
44,I,S,-1.3367,750.0,35.0,-4.399494594
44,I,T,-0.6966,218.0,74.0,-1.536761785
44,I,N,-0.9809,174.0,26.0,-2.720534603
44,I,Q,-1.8263,135.0,,-7.076815597
44,I,D,-1.5035,507.0,13.0,-5.263433045
44,I,E,-1.6687,365.0,5.0,-6.167855385
44,I,H,-0.7403,93.0,28.0,-1.709834715
44,I,K,-1.5235,294.0,7.0,-5.370348248
44,I,R,-1.4825,1119.0,31.0,-5.151828836
45,N,*,-1.5583,287.0,6.0,-5.557975252
45,N,F,-1.7133,87.0,1.0,-6.420974322
45,N,W,-1.781,228.0,2.0,-6.81092084
45,N,Y,-0.7487,85.0,25.0,-1.743565572
45,N,P,-1.4407,93.0,3.0,-4.932227136
45,N,M,-1.2464,110.0,7.0,-3.952035617
45,N,I,-0.8485,185.0,41.0,-2.151860282
45,N,L,-1.1125,283.0,28.0,-3.315334146
45,N,V,-1.3224,367.0,18.0,-4.327742077
45,N,A,-0.3213,457.0,396.0,-0.184724561
45,N,G,0.311,510.0,1497.0,1.575474244
45,N,C,-1.0612,352.0,41.0,-3.07991044
45,N,S,-0.1913,486.0,561.0,0.229013631
45,N,T,-1.1264,296.0,28.0,-3.380129269
45,N,Q,-0.6247,158.0,65.0,-1.259443761
45,N,D,-0.0391,137.0,216.0,0.678824594
45,N,E,-0.2893,277.0,258.0,-0.080545736
45,N,H,-0.5258,98.0,52.0,-0.892300952
45,N,K,-0.8875,177.0,35.0,-2.316353359
45,N,R,-1.2546,614.0,38.0,-3.992198158
46,N,*,-1.8133,130.0,1.0,-7.000398639
46,N,F,-1.7133,87.0,1.0,-6.420974322
46,N,W,-1.4264,29.0,,-4.857980995
46,N,Y,-0.7545,38.0,11.0,-1.766526721
46,N,P,-1.3959,26.0,,-4.700439718
46,N,M,-1.7393,95.0,,-6.569855608
46,N,I,-0.9146,126.0,23.0,-2.431748793
46,N,L,-1.8895,178.0,1.0,-7.453764257
46,N,V,-1.7606,210.0,2.0,-6.692276343
46,N,A,-0.5684,126.0,60.0,-1.048420154
46,N,G,0.2534,322.0,861.0,1.440921724
46,N,C,-1.9049,187.0,,-7.54689446
46,N,S,-0.0331,89.0,142.0,0.695982863
46,N,T,-1.3671,143.0,6.0,-4.552939662
46,N,Q,-0.5875,75.0,34.0,-1.119386675
46,N,D,-0.3423,218.0,180.0,-0.254362054
46,N,E,-0.1602,73.0,90.0,0.323997712
46,N,H,-0.5638,193.0,93.0,-1.031329052
46,N,K,-0.5121,122.0,67.0,-0.842678973
46,N,R,-1.0326,157.0,20.0,-2.95072348
47,S,*,-1.0732,107.0,12.0,-3.134535311
47,S,F,-0.2574,32.0,32.0,0.021969174
47,S,P,-0.2242,53.0,57.0,0.126938734
47,S,M,-0.2073,26.0,29.0,0.179510451
47,S,I,-0.4481,14.0,9.0,-0.615460746
47,S,L,-0.3648,111.0,87.0,-0.329503196
47,S,V,-0.1499,127.0,160.0,0.355212582
47,S,A,0.0217,97.0,172.0,0.848321087
47,S,G,-0.8165,391.0,95.0,-2.019200015
47,S,C,-0.4102,71.0,50.0,-0.483921755
47,S,T,-0.2123,87.0,96.0,0.163988179
47,S,N,-0.7442,47.0,14.0,-1.725264755
47,S,E,0.5927,34.0,150.0,2.163325024
47,S,H,0.2606,34.0,92.0,1.458068289
47,S,K,-0.2669,48.0,47.0,-0.008404475
47,S,R,0.1361,80.0,175.0,1.151252191
48,V,*,-1.1264,148.0,14.0,-3.380129269
48,V,F,-0.5854,147.0,67.0,-1.11161398
48,V,W,-0.1678,150.0,182.0,0.300945124
48,V,Y,-0.6353,5.0,2.0,-1.299958921
48,V,P,-0.5675,44.0,21.0,-1.045145022
48,V,M,-0.2205,107.0,116.0,0.138483183
48,V,I,-0.2132,158.0,174.0,0.161131922
48,V,L,-0.305,238.0,214.0,-0.131381603
48,V,A,-0.1326,134.0,175.0,0.407091096
48,V,G,-1.0901,922.0,98.0,-3.211943922
48,V,C,-0.406,194.0,138.0,-0.469419211
48,V,S,0.0985,512.0,1047.0,1.054014901
48,V,T,0.6339,23.0,107.0,2.239874205
48,V,N,-0.4092,34.0,24.0,-0.480531166
48,V,Q,-0.0784,24.0,35.0,0.566289691
48,V,D,-0.9983,247.0,35.0,-2.79711504
48,V,E,-0.9153,291.0,53.0,-2.434985714
48,V,H,-0.2242,53.0,57.0,0.126938734
48,V,K,0.0296,90.0,162.0,0.869966081
48,V,R,-0.1667,467.0,568.0,0.304437554
49,F,W,-0.2574,51.0,51.0,0.021969174
49,F,Y,0.1393,15.0,33.0,1.159472698
49,F,P,-1.4934,37.0,,-5.209453366
49,F,M,-0.3317,13.0,11.0,-0.219038925
49,F,I,-0.7837,30.0,8.0,-1.884921421
49,F,L,-0.4744,68.0,41.0,-0.707941662
49,F,V,-1.2259,44.0,3.0,-3.852499944
49,F,A,-1.6542,69.0,1.0,-6.086555282
49,F,G,-1.8352,140.0,,-7.129283017
49,F,C,-0.8697,24.0,5.0,-2.241065232
49,F,S,-0.6901,110.0,38.0,-1.511463026
49,F,T,-1.5401,44.0,,-5.459431619
49,F,Q,-1.0809,9.0,,-3.169925001
49,F,D,-1.4621,33.0,,-5.044394119
49,F,H,-0.324,72.0,62.0,-0.193759517
49,F,K,-1.3486,22.0,,-4.459431619
49,F,R,-1.3054,173.0,9.0,-4.242734052
50,K,*,-1.3349,958.0,45.0,-4.390059575
50,K,F,-0.8726,363.0,75.0,-2.253037873
50,K,W,-1.8262,274.0,2.0,-7.076062909
50,K,Y,-0.2595,219.0,218.0,0.015366439
50,K,P,-1.9603,240.0,1.0,-7.884921421
50,K,M,-1.6298,314.0,5.0,-5.95072348
50,K,I,-1.212,266.0,19.0,-3.785385748
50,K,L,-1.5607,724.0,15.0,-5.570986117
50,K,V,-1.3501,988.0,44.0,-4.466966439
50,K,A,-1.0649,608.0,70.0,-3.096675322
50,K,G,-1.0337,1142.0,145.0,-2.955468671
50,K,C,-1.6347,448.0,7.0,-5.978030826
50,K,S,-0.4584,504.0,316.0,-0.651530001
50,K,T,-0.2302,423.0,449.0,0.108026956
50,K,N,-0.1585,257.0,318.0,0.32922758
50,K,Q,-0.3749,422.0,323.0,-0.36373966
50,K,D,-1.5479,184.0,4.0,-5.501592782
50,K,E,-0.9956,420.0,60.0,-2.785385748
50,K,H,0.368,120.0,385.0,1.703793214
50,K,R,0.0574,1365.0,2588.0,0.94490584
51,Q,*,-0.6123,120.0,51.0,-1.212496079
51,Q,F,-1.8017,124.0,1.0,-6.932227136
51,Q,W,-1.0144,89.0,12.0,-2.868801756
51,Q,Y,-1.4264,29.0,,-4.857980995
51,Q,P,-1.5976,222.0,4.0,-5.772446692
51,Q,M,-1.5401,44.0,,-5.459431619
51,Q,I,-1.6983,82.0,1.0,-6.33558283
51,Q,L,-1.2467,409.0,26.0,-3.95354814
51,Q,V,-1.9291,207.0,,-7.693486958
51,Q,A,-1.938,215.0,,-7.74819285
51,Q,G,-1.2464,220.0,14.0,-3.952035617
51,Q,C,-1.7759,110.0,,-6.781359714
51,Q,S,-1.8599,155.0,,-7.276124405
51,Q,T,-1.7766,112.0,1.0,-6.785385748
51,Q,N,-1.542,45.0,1.0,-5.469883922
51,Q,D,-1.869,161.0,,-7.330916878
51,Q,E,-1.5479,138.0,3.0,-5.501592782
51,Q,H,-0.8583,130.0,28.0,-2.193043717
51,Q,K,-1.1243,63.0,6.0,-3.370348248
51,Q,R,-0.7905,409.0,107.0,-1.912520872
52,Y,*,-0.9838,54.0,8.0,-2.732918328
52,Y,F,-0.4697,182.0,111.0,-0.6914096
52,Y,W,0.2075,42.0,104.0,1.33009147
52,Y,P,-1.6829,76.0,,-6.247927513
52,Y,M,-0.4382,82.0,54.0,-0.580695328
52,Y,I,-1.3443,44.0,2.0,-4.437462444
52,Y,L,-0.9055,176.0,33.0,-2.393068325
52,Y,V,-1.9322,213.0,1.0,-7.712740446
52,Y,A,-1.7606,105.0,1.0,-6.692276343
52,Y,G,-1.6361,193.0,3.0,-5.985525362
52,Y,C,-0.7276,93.0,29.0,-1.659208642
52,Y,S,-1.5718,151.0,3.0,-5.631473064
52,Y,T,-1.5632,48.0,,-5.584962501
52,Y,N,-0.9449,30.0,5.0,-2.562993326
52,Y,Q,-1.5519,46.0,,-5.523561956
52,Y,D,-0.3383,6.0,5.0,-0.241065232
52,Y,E,-1.4661,34.0,1.0,-5.065493667
52,Y,H,-0.5181,61.0,33.0,-0.864374044
52,Y,K,-1.5401,44.0,,-5.459431619
52,Y,R,-1.021,53.0,7.0,-2.898596358
53,F,*,-1.1567,490.0,42.0,-3.522351342
53,F,W,-1.3081,388.0,20.0,-4.256015573
53,F,Y,-0.8706,77.0,16.0,-2.244817366
53,F,P,-1.2696,136.0,8.0,-4.065493667
53,F,M,-1.9149,198.0,1.0,-7.607387446
53,F,I,-1.083,92.0,10.0,-3.179664687
53,F,L,-0.9983,480.0,68.0,-2.79745858
53,F,V,-1.7314,841.0,9.0,-6.524067815
53,F,A,-1.5211,333.0,8.0,-5.357409193
53,F,G,-1.6332,827.0,13.0,-5.969334627
53,F,C,-1.6091,464.0,8.0,-5.836011821
53,F,S,-1.1941,475.0,36.0,-3.699889527
53,F,T,-1.592,163.0,3.0,-5.741796479
53,F,N,-0.5805,26.0,12.0,-1.093508043
53,F,Q,-1.2562,16.0,,-4.0
53,F,D,-1.6055,286.0,5.0,-5.815974068
53,F,E,-1.5488,277.0,6.0,-5.506810491
53,F,H,-1.8037,125.0,1.0,-6.94381511
53,F,K,-1.6654,71.0,,-6.14974712
53,F,R,-1.7971,365.0,3.0,-6.904820979
54,F,*,-1.7721,110.0,1.0,-6.759390539
54,F,W,-0.7254,51.0,16.0,-1.650456168
54,F,Y,-0.245,108.0,111.0,0.061497538
54,F,P,-1.5006,38.0,,-5.247927513
54,F,M,-0.4331,36.0,24.0,-0.562993326
54,F,I,-1.2608,99.0,6.0,-4.022424945
54,F,L,-0.4884,400.0,233.0,-0.757700871
54,F,V,-1.0136,296.0,40.0,-2.865556096
54,F,A,-1.7874,117.0,1.0,-6.848395545
54,F,G,-1.847,147.0,,-7.199672345
54,F,C,-1.4621,268.0,8.0,-5.044120016
54,F,S,-0.9356,210.0,36.0,-2.522351342
54,F,T,-1.5741,50.0,,-5.64385619
54,F,N,-1.4358,30.0,,-4.906890596
54,F,D,-1.9011,184.0,,-7.523561956
54,F,E,-1.5145,40.0,,-5.321928095
54,F,H,-1.7471,98.0,,-6.614709844
54,F,K,-1.6262,61.0,,-5.930737338
54,F,R,-1.5844,264.0,5.0,-5.70049685
55,E,*,-0.6198,36.0,15.0,-1.241065232
55,E,F,-1.7113,85.0,,-6.409390936
55,E,W,-1.6543,68.0,,-6.087462841
55,E,Y,-1.5992,55.0,,-5.781359714
55,E,P,-1.4065,27.0,,-4.754887502
55,E,I,-1.1434,11.0,,-3.459431619
55,E,L,-1.9539,230.0,,-7.845490051
55,E,V,-0.8662,114.0,24.0,-2.225958339
55,E,A,-1.083,92.0,10.0,-3.179664687
55,E,G,-0.5319,178.0,93.0,-0.914605446
55,E,C,-1.2165,14.0,,-3.807354922
55,E,S,-1.7229,89.0,,-6.475733431
55,E,T,-0.9489,85.0,14.0,-2.58006684
55,E,N,-1.0006,7.0,,-2.807354922
55,E,Q,-0.356,10.0,8.0,-0.299958921
55,E,D,-0.2574,40.0,40.0,0.021969174
55,E,K,-0.41,44.0,31.0,-0.483266134
55,E,R,-1.3205,81.0,4.0,-4.317880829
56,T,*,-1.4449,31.0,,-4.95419631
56,T,F,-1.201,27.0,2.0,-3.732918328
56,T,W,-1.4362,61.0,2.0,-4.908768163
56,T,Y,-1.1434,11.0,,-3.459431619
56,T,P,-0.9476,127.0,21.0,-2.57439809
56,T,M,-1.6304,62.0,,-5.95419631
56,T,I,0.122,15.0,32.0,1.115078579
56,T,L,-1.0437,195.0,24.0,-3.000398639
56,T,V,-0.7324,169.0,52.0,-1.678470544
56,T,A,-0.8526,347.0,76.0,-2.168895165
56,T,G,-1.1404,354.0,32.0,-3.445636376
56,T,C,-1.2562,16.0,,-4.0
56,T,S,-0.4418,144.0,94.0,-0.593366975
56,T,N,-1.0436,8.0,,-3.0
56,T,Q,-1.0819,110.0,12.0,-3.174428038
56,T,D,-1.6175,59.0,,-5.882643049
56,T,E,-1.3733,24.0,,-4.584962501
56,T,H,-1.7759,110.0,,-6.781359714
56,T,K,-1.0651,113.0,13.0,-3.09777007
56,T,R,-1.2724,309.0,18.0,-4.079568852
57,K,*,-0.356,25.0,20.0,-0.299958921
57,K,F,-1.4892,37.0,1.0,-5.187484191
57,K,W,-1.5714,201.0,4.0,-5.629082517
57,K,Y,-1.154,185.0,16.0,-3.509412286
57,K,P,-1.0006,7.0,,-2.807354922
57,K,M,-0.9956,42.0,6.0,-2.785385748
57,K,L,-1.8958,180.0,,-7.491853096
57,K,V,-0.9838,54.0,8.0,-2.732918328
57,K,A,-0.562,157.0,76.0,-1.024724061
57,K,G,-1.0999,233.0,24.0,-3.25725447
57,K,C,-1.1896,13.0,1.0,-3.678470544
57,K,S,-0.4764,105.0,63.0,-0.71499642
57,K,T,-0.317,48.0,42.0,-0.170675904
57,K,N,-0.8505,118.0,26.0,-2.160234157
57,K,Q,-0.6835,91.0,32.0,-1.485825466
57,K,D,-1.6262,61.0,,-5.930737338
57,K,E,-0.0945,34.0,48.0,0.519468834
57,K,R,0.0634,387.0,742.0,0.961054795
58,C,*,-0.1348,10.0,13.0,0.400480798
58,C,F,-1.0533,67.0,8.0,-3.044120016
58,C,W,-0.5864,11.0,5.0,-1.115534349
58,C,Y,0.0254,14.0,25.0,0.858470442
58,C,P,-1.4449,31.0,,-4.95419631
58,C,M,-1.4124,28.0,1.0,-4.785385748
58,C,L,-1.3443,88.0,4.0,-4.437462444
58,C,V,-1.6304,62.0,,-5.95419631
58,C,A,-1.2165,14.0,,-3.807354922
58,C,G,-0.9558,31.0,5.0,-2.610299041
58,C,S,-0.7591,7.0,2.0,-1.785385748
58,C,D,-1.6304,62.0,,-5.95419631
58,C,E,-1.2423,31.0,2.0,-3.932227136
58,C,H,-0.95,6.0,,-2.584962501
58,C,R,-0.7793,100.0,27.0,-1.866999513
59,R,*,-0.5554,65.0,32.0,-1.000398639
59,R,F,-1.0761,27.0,3.0,-3.147955827
59,R,W,-1.742,96.0,,-6.584962501
59,R,P,0.1056,56.0,116.0,1.072595247
59,R,M,-0.4174,26.0,18.0,-0.508545542
59,R,I,-0.1983,51.0,58.0,0.207524827
59,R,L,0.0176,133.0,234.0,0.837051458
59,R,V,0.2593,70.0,189.0,1.454928582
59,R,A,1.5428,15.0,154.0,3.381865119
59,R,G,-0.3552,141.0,113.0,-0.297403216
59,R,S,-0.0249,169.0,274.0,0.719121821
59,R,Q,0.5946,26.0,115.0,2.167019507
59,R,D,-0.8208,25.0,6.0,-2.036924515
59,R,E,-0.0722,128.0,189.0,0.584211599
59,R,K,0.3083,13.0,38.0,1.56945697
60,D,*,-1.0006,7.0,,-2.807354922
60,D,F,-0.7032,18.0,6.0,-1.562993326
60,D,Y,-0.1401,7.0,9.0,0.384539254
60,D,P,0.4579,6.0,22.0,1.896438292
60,D,I,-0.6198,12.0,5.0,-1.241065232
60,D,L,-0.2726,121.0,117.0,-0.026529343
60,D,V,-0.0462,137.0,213.0,0.658646712
60,D,A,-0.3177,253.0,221.0,-0.173121841
60,D,G,-0.6937,228.0,78.0,-1.525518621
60,D,C,-0.842,62.0,14.0,-2.124872214
60,D,S,-0.0713,48.0,71.0,0.586753793
60,D,T,0.2816,5.0,14.0,1.507396001
60,D,N,0.1831,8.0,19.0,1.269896688
60,D,Q,0.3509,8.0,25.0,1.665825364
60,D,E,0.1024,101.0,208.0,1.06419741
60,D,R,-0.4523,11.0,7.0,-0.630107522
61,P,F,-1.4629,42.0,,-5.392317423
61,P,W,-0.9206,29.0,4.0,-2.739557449
61,P,M,-1.5699,63.0,,-5.977279924
61,P,L,-0.381,81.0,49.0,-0.606716613
61,P,V,-0.4126,75.0,42.0,-0.718077722
61,P,A,-0.2285,66.0,57.0,-0.093080559
61,P,G,-0.2465,41.0,34.0,-0.151665617
61,P,C,-0.9525,24.0,3.0,-2.881576454
61,P,S,0.0126,80.0,115.0,0.641985502
61,P,T,0.089,9.0,15.0,0.85538914
61,P,Q,-0.3547,45.0,29.0,-0.515448555
61,P,H,0.0342,8.0,12.0,0.703386047
61,P,R,-0.0105,59.0,81.0,0.575630499
62,T,*,-1.0107,96.0,10.0,-3.14461086
62,T,F,-0.7578,188.0,42.0,-2.043847883
62,T,W,-0.5138,106.0,46.0,-1.085934953
62,T,Y,-0.4368,91.0,48.0,-0.804408594
62,T,P,-0.0217,111.0,149.0,0.5431762
62,T,M,0.6096,55.0,213.0,2.071773453
62,T,I,0.7272,49.0,221.0,2.291616261
62,T,L,0.1333,243.0,440.0,0.974970756
62,T,V,0.2104,185.0,385.0,1.175756721
62,T,A,-0.1522,453.0,463.0,0.149924689
62,T,G,-0.6756,529.0,149.0,-1.709531846
62,T,C,-0.1556,137.0,139.0,0.139332536
62,T,S,0.1845,317.0,630.0,1.109292534
62,T,N,0.0657,138.0,220.0,0.791258803
62,T,Q,0.1797,34.0,67.0,1.097049895
62,T,D,-0.1265,100.0,108.0,0.229454858
62,T,E,-0.3754,137.0,84.0,-0.587291114
62,T,H,-0.429,106.0,57.0,-0.776606895
62,T,K,-0.0502,90.0,114.0,0.459460464
62,T,R,-0.1067,301.0,339.0,0.289945332
63,P,*,-0.9953,64.0,7.0,-3.074221532
63,P,F,0.2155,10.0,21.0,1.188812874
63,P,W,-0.4407,67.0,35.0,-0.818382628
63,P,Y,-0.3954,113.0,66.0,-0.657361297
63,P,M,-0.1529,49.0,50.0,0.147569892
63,P,I,0.4732,21.0,67.0,1.792195314
63,P,L,-0.2894,318.0,239.0,-0.293592601
63,P,V,0.0507,133.0,206.0,0.749641638
63,P,A,0.4135,81.0,236.0,1.661216592
63,P,G,0.1755,180.0,352.0,1.086002068
63,P,C,-0.1189,41.0,45.0,0.252724638
63,P,S,0.1077,139.0,240.0,0.906373069
63,P,T,-0.1335,219.0,233.0,0.207822631
63,P,N,-0.4837,128.0,60.0,-0.974685859
63,P,Q,-0.1662,115.0,114.0,0.105823509
63,P,D,0.6138,19.0,74.0,2.079949398
63,P,E,-0.2234,95.0,83.0,-0.076392631
63,P,H,1.4196,5.0,43.0,3.222760206
63,P,K,-0.3583,72.0,46.0,-0.527939499
63,P,R,0.1816,175.0,346.0,1.101840662
64,V,*,-1.4629,42.0,,-5.392317423
64,V,F,-0.2052,311.0,283.0,-0.017688981
64,V,W,-0.2098,191.0,172.0,-0.032740527
64,V,Y,-0.1545,118.0,120.0,0.142671092
64,V,P,-0.1004,99.0,113.0,0.309245888
64,V,M,0.0071,109.0,155.0,0.626363626
64,V,I,0.2514,119.0,266.0,1.278888218
64,V,L,0.1623,243.0,464.0,1.051592037
64,V,A,0.1699,203.0,393.0,1.071473131
64,V,G,0.0211,762.0,1114.0,0.666309876
64,V,C,-0.6617,311.0,91.0,-1.654552584
64,V,S,0.079,332.0,543.0,0.828192502
64,V,T,-0.0214,169.0,227.0,0.544092597
64,V,N,0.5567,55.0,198.0,1.966420452
64,V,Q,0.0207,89.0,130.0,0.665057928
64,V,D,0.0769,167.0,272.0,0.822182095
64,V,E,-0.1399,182.0,191.0,0.188057734
64,V,H,-0.3163,136.0,96.0,-0.384076795
64,V,K,0.1127,35.0,61.0,0.919877867
64,V,R,-0.1665,541.0,536.0,0.105027953
65,D,*,-0.9048,76.0,11.0,-2.670072349
65,D,F,-0.8416,120.0,21.0,-2.396149627
65,D,W,-0.5433,102.0,41.0,-1.196449791
65,D,Y,-0.3561,123.0,79.0,-0.520310211
65,D,P,-0.6527,60.0,18.0,-1.618542048
65,D,M,-0.2112,88.0,79.0,-0.037227325
65,D,I,0.041,25.0,38.0,0.72249487
65,D,L,-0.4631,322.0,159.0,-0.899610377
65,D,V,-0.2101,961.0,865.0,-0.033412752
65,D,A,-0.0912,226.0,263.0,0.337163573
65,D,G,-0.0762,738.0,886.0,0.382109428
65,D,C,0.1367,163.0,297.0,0.984014512
65,D,S,-0.0119,317.0,434.0,0.571635748
65,D,T,0.2362,79.0,172.0,1.240907552
65,D,N,0.5368,76.0,266.0,1.925778468
65,D,Q,0.0529,45.0,70.0,0.755853467
65,D,E,-0.3263,264.0,182.0,-0.418175933
65,D,H,-0.2986,140.0,103.0,-0.324358944
65,D,K,0.1001,47.0,80.0,0.885762789
65,D,R,-0.1673,457.0,452.0,0.102552153
66,S,*,-0.963,314.0,38.0,-2.92826969
66,S,F,-0.7258,237.0,58.0,-1.912338708
66,S,W,-1.2528,150.0,7.0,-4.303040223
66,S,Y,-0.6704,147.0,42.0,-1.688931376
66,S,P,-0.4381,175.0,92.0,-0.80922561
66,S,M,-0.951,215.0,27.0,-2.874881802
66,S,I,-1.0499,272.0,25.0,-3.325183106
66,S,L,-1.1358,389.0,27.0,-3.730315297
66,S,V,-0.5549,518.0,202.0,-1.240173259
66,S,A,-0.157,434.0,439.0,0.134949443
66,S,G,0.2102,422.0,878.0,1.175401487
66,S,C,-0.1329,184.0,196.0,0.209571434
66,S,T,-0.2674,258.0,204.0,-0.220378368
66,S,N,0.3133,54.0,134.0,1.429625234
66,S,Q,0.4498,75.0,231.0,1.741353897
66,S,D,-0.2819,136.0,104.0,-0.268599577
66,S,E,-0.6334,427.0,135.0,-1.542853117
66,S,H,-0.4994,131.0,59.0,-1.032356406
66,S,K,-0.1466,87.0,90.0,0.167333146
66,S,R,-0.5182,627.0,269.0,-1.102435724
67,G,*,-1.5983,229.0,3.0,-6.135817741
67,G,F,-1.0626,34.0,3.0,-3.384076795
67,G,W,-1.3937,106.0,3.0,-5.024534408
67,G,Y,-1.0533,121.0,11.0,-3.341008073
67,G,P,-0.934,136.0,18.0,-2.799114294
67,G,M,-1.5527,128.0,2.0,-5.881576454
67,G,I,-0.4232,11.0,6.0,-0.756045572
67,G,L,-1.1493,226.0,15.0,-3.794864821
67,G,V,-0.8612,206.0,34.0,-2.48061414
67,G,A,-0.4124,332.0,186.0,-0.717457074
67,G,C,-0.2237,260.0,227.0,-0.07739578
67,G,S,-0.516,241.0,104.0,-1.094026072
67,G,T,-1.2853,48.0,2.0,-4.466538955
67,G,N,-1.2127,56.0,3.0,-4.103968875
67,G,Q,-0.7182,36.0,9.0,-1.881576454
67,G,D,-0.7652,160.0,35.0,-2.074221532
67,G,E,-1.329,112.0,4.0,-4.688931376
67,G,H,-0.948,71.0,9.0,-2.861398572
67,G,K,-0.691,63.0,17.0,-1.771393536
67,G,R,-1.1545,506.0,33.0,-3.820175909
68,C,*,-1.1063,758.0,58.0,-3.589649497
68,C,F,-1.2836,811.0,34.0,-4.457671717
68,C,W,-1.2096,868.0,47.0,-4.088538835
68,C,Y,-0.9351,523.0,69.0,-2.803719134
68,C,P,-0.9835,652.0,74.0,-3.020851243
68,C,M,-1.2549,518.0,24.0,-4.313422241
68,C,I,-1.4482,518.0,12.0,-5.313422241
68,C,L,-1.4744,1523.0,32.0,-5.454276681
68,C,V,-1.2218,1367.0,71.0,-4.148626862
68,C,A,-1.2858,1250.0,52.0,-4.468849116
68,C,G,-1.4357,2020.0,49.0,-5.247006188
68,C,S,-1.2553,1837.0,85.0,-4.315321429
68,C,T,-1.4001,651.0,18.0,-5.058165186
68,C,N,-1.3265,222.0,8.0,-4.67599232
68,C,Q,-1.5695,478.0,7.0,-5.97508834
68,C,D,-1.5387,546.0,9.0,-5.804408594
68,C,E,-1.3635,602.0,19.0,-4.867268617
68,C,H,-1.3545,276.0,9.0,-4.820175909
68,C,K,-1.4313,365.0,9.0,-5.223404106
68,C,R,-1.2957,2190.0,88.0,-4.51885999
69,R,*,-1.3775,1033.0,31.0,-4.940004683
69,R,F,-0.8529,520.0,88.0,-2.444512649
69,R,W,-1.349,872.0,29.0,-4.791779784
69,R,Y,-0.5668,254.0,96.0,-1.28529864
69,R,P,-1.1377,725.0,50.0,-3.739557449
69,R,M,-0.1641,502.0,500.0,0.112664277
69,R,I,-0.1979,292.0,270.0,0.005414584
69,R,L,-0.4201,1417.0,779.0,-0.744720979
69,R,V,0.0659,1163.0,1855.0,0.791991636
69,R,A,0.2867,763.0,1811.0,1.36545513
69,R,G,-0.8872,1880.0,287.0,-2.593186474
69,R,C,-0.1163,588.0,649.0,0.260825869
69,R,S,-0.1535,1575.0,1605.0,0.145645015
69,R,T,0.2462,627.0,1389.0,1.265932797
69,R,N,-0.6339,418.0,132.0,-1.544541467
69,R,Q,-0.021,401.0,539.0,0.545106582
69,R,D,-1.1591,218.0,14.0,-3.842405857
69,R,E,-0.7344,314.0,75.0,-1.947378513
69,R,H,-0.2721,225.0,176.0,-0.235926027
69,R,K,0.0487,444.0,685.0,0.743967857
70,G,*,-1.3863,344.0,10.0,-4.985913114
70,G,F,-1.3343,371.0,13.0,-4.716412113
70,G,W,-1.3468,537.0,18.0,-4.780429731
70,G,Y,-1.4518,175.0,4.0,-5.332787566
70,G,P,-1.0149,214.0,22.0,-3.163611822
70,G,M,-1.2201,134.0,7.0,-4.140310723
70,G,I,-1.2074,220.0,12.0,-4.077973667
70,G,L,-1.3552,615.0,20.0,-4.824090959
70,G,V,-0.8845,968.0,149.0,-2.581271171
70,G,A,-0.2776,703.0,543.0,-0.254148945
70,G,C,-1.0246,311.0,31.0,-3.208150914
70,G,S,-0.9096,666.0,95.0,-2.691099213
70,G,T,-1.1345,502.0,35.0,-3.723836991
70,G,N,-0.6973,132.0,35.0,-1.796687557
70,G,Q,-1.6281,79.0,,-6.303780748
70,G,D,-1.0747,330.0,28.0,-3.440543746
70,G,E,-1.1763,264.0,16.0,-3.925970573
70,G,H,-0.9592,98.0,12.0,-2.911323798
70,G,K,-1.1097,185.0,14.0,-3.605602993
70,G,R,-1.2904,733.0,30.0,-4.492355247
71,I,*,-1.4309,243.0,6.0,-5.221426457
71,I,F,-0.3885,165.0,98.0,-0.633188824
71,I,W,-1.1508,212.0,14.0,-3.802141987
71,I,Y,-0.0072,89.0,123.0,0.58520462
71,I,P,-1.0388,189.0,18.0,-3.273893877
71,I,M,-0.0028,175.0,244.0,0.597949772
71,I,L,-0.6333,430.0,136.0,-1.542306462
71,I,V,0.2039,521.0,1072.0,1.159373174
71,I,A,-0.5211,479.0,204.0,-1.113032958
71,I,G,-1.2212,711.0,37.0,-4.145828838
71,I,C,-1.193,192.0,11.0,-4.007107336
71,I,S,-0.7969,456.0,91.0,-2.206671828
71,I,T,-0.0928,169.0,196.0,0.332253954
71,I,N,-0.5918,82.0,29.0,-1.381147464
71,I,Q,-1.4038,110.0,3.0,-5.077973667
71,I,D,-1.7889,151.0,,-7.238404739
71,I,E,-1.2873,290.0,12.0,-4.476523043
71,I,H,-1.1124,80.0,6.0,-3.618542048
71,I,K,-1.6258,170.0,2.0,-6.29096739
71,I,R,-1.5418,798.0,13.0,-5.821381672
72,D,*,-1.108,184.0,14.0,-3.597783488
72,D,F,-0.9065,125.0,18.0,-2.677435737
72,D,W,-1.3169,295.0,11.0,-4.62671598
72,D,Y,-0.4554,145.0,73.0,-0.871660985
72,D,P,-1.4579,179.0,4.0,-5.365392231
72,D,M,-1.6228,168.0,2.0,-6.273893877
72,D,I,-1.5971,70.0,,-6.129283017
72,D,L,-1.5141,442.0,8.0,-5.669479014
72,D,V,-1.0321,483.0,47.0,-3.242866981
72,D,A,-0.6788,283.0,79.0,-1.722453949
72,D,G,-1.1709,891.0,55.0,-3.899498362
72,D,C,-1.7983,157.0,,-7.294620749
72,D,S,-0.7462,368.0,85.0,-1.995747474
72,D,T,-1.1325,228.0,16.0,-3.714466468
72,D,N,-0.3618,161.0,102.0,-0.54006799
72,D,Q,-1.0659,126.0,11.0,-3.399424759
72,D,E,-0.7355,252.0,60.0,-1.951965782
72,D,H,-0.5452,25.0,10.0,-1.203504549
72,D,K,-0.8204,102.0,19.0,-2.306074283
72,D,R,-1.3409,555.0,19.0,-4.749992902
73,S,*,-0.7656,357.0,78.0,-2.075954499
73,S,F,-0.5692,221.0,83.0,-1.294439582
73,S,W,-0.5304,178.0,74.0,-1.147856519
73,S,Y,-0.035,75.0,98.0,0.5043147
73,S,P,-0.044,159.0,204.0,0.477965933
73,S,M,-0.2065,97.0,88.0,-0.022057678
73,S,I,-0.4388,181.0,95.0,-0.811566733
73,S,L,-0.3623,452.0,286.0,-0.54188408
73,S,V,0.1649,184.0,353.0,1.058385963
73,S,A,-0.1248,393.0,426.0,0.234747664
73,S,G,0.0868,394.0,654.0,0.849518552
73,S,C,-1.026,262.0,26.0,-3.214559738
73,S,T,0.0957,234.0,395.0,0.873767669
73,S,N,0.0974,124.0,210.0,0.878472753
73,S,Q,-0.1166,136.0,150.0,0.259779395
73,S,D,-0.1001,197.0,225.0,0.310152918
73,S,E,-0.0035,204.0,284.0,0.595745323
73,S,H,0.3816,70.0,194.0,1.589053371
73,S,K,0.4262,104.0,309.0,1.689446856
73,S,R,0.0189,505.0,735.0,0.659884408
74,K,*,-1.0861,367.0,30.0,-3.494322111
74,K,F,-0.2769,53.0,41.0,-0.251944904
74,K,W,-1.1736,327.0,20.0,-3.912795185
74,K,Y,-0.7961,105.0,21.0,-2.203504549
74,K,P,-0.6944,202.0,54.0,-1.784900435
74,K,M,-0.3021,185.0,135.0,-0.336142318
74,K,I,0.188,31.0,62.0,1.118423546
74,K,L,-0.4649,598.0,294.0,-0.905905783
74,K,V,-0.3086,327.0,235.0,-0.358206333
74,K,A,-0.0655,299.0,367.0,0.414058125
74,K,G,-0.3161,640.0,452.0,-0.383325587
74,K,C,-1.5145,166.0,3.0,-5.671653385
74,K,S,0.0528,236.0,367.0,0.755416749
74,K,T,0.6726,67.0,282.0,2.191885708
74,K,N,-0.2572,278.0,225.0,-0.186736336
74,K,Q,0.0365,148.0,223.0,0.70987008
74,K,D,0.0251,150.0,221.0,0.677507415
74,K,E,-0.1016,325.0,370.0,0.305509098
74,K,H,0.1629,34.0,65.0,1.053328518
74,K,R,0.0824,520.0,856.0,0.837522719
75,H,*,-1.351,212.0,7.0,-4.802141987
75,H,F,-0.1199,105.0,115.0,0.249668079
75,H,W,-0.4271,124.0,67.0,-0.769683574
75,H,Y,0.018,117.0,170.0,0.657449762
75,H,P,-1.1133,321.0,24.0,-3.623043441
75,H,M,-0.1622,135.0,135.0,0.118423546
75,H,I,0.5431,47.0,166.0,1.938874126
75,H,L,0.1376,429.0,783.0,0.986458206
75,H,V,0.2189,240.0,507.0,1.197374887
75,H,A,0.2985,171.0,414.0,1.394057989
75,H,G,-0.0698,374.0,455.0,0.401251821
75,H,C,-1.1793,150.0,9.0,-3.940470143
75,H,S,-0.2727,402.0,314.0,-0.238007396
75,H,T,-0.0464,159.0,203.0,0.470876508
75,H,N,0.428,98.0,292.0,1.693538261
75,H,Q,-0.1356,253.0,268.0,0.201519162
75,H,D,0.1933,105.0,212.0,1.132098483
75,H,E,0.2417,111.0,244.0,1.254745017
75,H,K,0.1388,123.0,225.0,0.989690232
75,H,R,-0.007,455.0,629.0,0.585617018
76,W,*,-0.7983,478.0,95.0,-2.212587654
76,W,F,0.0217,261.0,382.0,0.667946377
76,W,Y,0.4325,70.0,210.0,1.703386047
76,W,P,-1.498,208.0,4.0,-5.582016172
76,W,M,0.0003,72.0,101.0,0.606710027
76,W,I,-1.3026,153.0,6.0,-4.554001796
76,W,L,-0.7276,538.0,131.0,-1.919615815
76,W,V,-1.1964,565.0,32.0,-4.023683511
76,W,A,-1.2782,515.0,22.0,-4.430573458
76,W,G,-1.1286,872.0,62.0,-3.695564469
76,W,C,-0.8373,237.0,42.0,-2.37800228
76,W,S,-1.1708,664.0,41.0,-3.899063881
76,W,T,-1.7487,278.0,2.0,-7.000517527
76,W,N,-1.0354,135.0,13.0,-3.257952333
76,W,Q,-1.1412,88.0,6.0,-3.756045572
76,W,D,-0.972,51.0,6.0,-2.969039295
76,W,E,-1.4997,157.0,3.0,-5.591234702
76,W,H,-0.1125,71.0,79.0,0.272457175
76,W,K,-1.0215,149.0,15.0,-3.193854379
76,W,R,-0.7754,612.0,130.0,-2.116596484
77,N,*,-1.3015,127.0,5.0,-4.548333046
77,N,F,-0.6168,130.0,43.0,-1.477679512
77,N,W,-1.1086,158.0,12.0,-3.600394702
77,N,Y,-0.3775,100.0,61.0,-0.594695306
77,N,P,-1.0262,121.0,12.0,-3.215477191
77,N,M,-0.3577,236.0,151.0,-0.525814764
77,N,I,-0.7291,165.0,40.0,-1.925970573
77,N,L,-0.6685,289.0,83.0,-1.681462705
77,N,V,-0.8281,280.0,51.0,-2.338434129
77,N,A,0.0086,169.0,241.0,0.630433446
77,N,G,0.0355,389.0,585.0,0.707090015
77,N,C,-1.6554,88.0,,-6.459431619
77,N,S,-0.1965,442.0,410.0,0.010001086
77,N,T,0.16,132.0,251.0,1.04557298
77,N,Q,0.7342,51.0,232.0,2.303979199
77,N,D,0.1746,168.0,328.0,1.083658128
77,N,E,0.0598,229.0,361.0,0.775074785
77,N,H,-0.601,142.0,49.0,-1.416613729
77,N,K,0.2444,120.0,265.0,1.2613815
77,N,R,-0.1085,426.0,478.0,0.284580734
78,S,*,-1.3476,389.0,13.0,-4.784763081
78,S,F,-1.3697,324.0,10.0,-4.899498362
78,S,W,-1.4467,601.0,14.0,-5.305442713
78,S,Y,-1.3201,217.0,8.0,-4.643127687
78,S,P,-0.876,228.0,36.0,-2.544541467
78,S,M,-1.1479,150.0,10.0,-3.78846705
78,S,I,-1.3333,199.0,7.0,-4.710846153
78,S,L,-1.4262,796.0,20.0,-5.19627298
78,S,V,-1.7363,925.0,7.0,-6.927531087
78,S,A,-0.9876,937.0,105.0,-3.039236174
78,S,G,-1.125,2252.0,162.0,-3.678717563
78,S,C,-1.1899,570.0,33.0,-3.992000444
78,S,T,-0.9432,272.0,35.0,-2.839756278
78,S,N,-0.5549,100.0,39.0,-1.240030425
78,S,Q,-1.6496,86.0,,-6.426264755
78,S,D,-1.9186,283.0,1.0,-8.026234697
78,S,E,-1.3088,417.0,16.0,-4.585480028
78,S,H,-0.4085,99.0,56.0,-0.703578152
78,S,K,-1.7921,153.0,,-7.257387843
78,S,R,-1.4809,829.0,17.0,-5.489341904
79,Y,*,-0.8084,399.0,77.0,-2.25503485
79,Y,F,0.1155,137.0,240.0,0.927282059
79,Y,W,0.0685,136.0,218.0,0.799145029
79,Y,P,-1.3593,156.0,5.0,-4.845050578
79,Y,M,0.3529,102.0,270.0,1.522813801
79,Y,I,-0.1903,218.0,205.0,0.029719321
79,Y,L,0.336,311.0,801.0,1.483311208
79,Y,V,0.1517,307.0,575.0,1.023746846
79,Y,A,0.3753,289.0,793.0,1.574674919
79,Y,G,0.3294,593.0,1511.0,1.467823197
79,Y,C,0.5508,114.0,407.0,1.954418516
79,Y,S,0.5049,373.0,1247.0,1.859637475
79,Y,T,0.3611,233.0,625.0,1.541949781
79,Y,N,0.3178,156.0,390.0,1.440351641
79,Y,Q,1.2765,31.0,241.0,3.077116572
79,Y,D,0.6953,99.0,429.0,2.233900763
79,Y,E,0.4362,117.0,353.0,1.7115832
79,Y,H,0.5585,64.0,231.0,1.970172587
79,Y,K,-0.0769,382.0,458.0,0.380198506
79,Y,R,0.386,430.0,1200.0,1.599049387
80,C,*,-1.2115,725.0,39.0,-4.09801142
80,C,F,-1.312,290.0,11.0,-4.602053925
80,C,W,-1.3882,381.0,11.0,-4.995792023
80,C,Y,-0.999,333.0,36.0,-3.09102982
80,C,P,-1.2793,188.0,8.0,-4.436165306
80,C,M,-1.072,222.0,19.0,-3.428064807
80,C,I,-1.1994,339.0,19.0,-4.038790404
80,C,L,-1.8812,965.0,4.0,-7.795961586
80,C,V,-1.4011,726.0,20.0,-5.063474097
80,C,A,-1.596,454.0,6.0,-6.123162441
80,C,G,-1.4932,919.0,18.0,-5.555572504
80,C,S,-1.5182,898.0,16.0,-5.692148089
80,C,T,-1.3483,420.0,14.0,-4.78846705
80,C,N,-1.8088,178.0,1.0,-7.357309885
80,C,Q,-1.786,162.0,1.0,-7.221426457
80,C,D,-1.7408,124.0,,-6.95419631
80,C,E,-1.5672,406.0,6.0,-5.961949871
80,C,H,-1.2074,330.0,18.0,-4.077973667
80,C,K,-1.4326,163.0,4.0,-5.230304608
80,C,R,-1.1706,1149.0,71.0,-3.897992417
81,T,*,-1.3029,919.0,36.0,-4.555572504
81,T,F,-1.446,942.0,22.0,-5.301728085
81,T,W,-1.6442,1188.0,13.0,-6.395455857
81,T,Y,-1.1637,506.0,32.0,-3.864570029
81,T,P,-1.1965,583.0,33.0,-4.024534408
81,T,M,-0.4194,454.0,250.0,-0.742340657
81,T,I,-1.0469,571.0,53.0,-3.311002935
81,T,L,-0.6489,1699.0,515.0,-1.603617969
81,T,V,-1.2484,1794.0,85.0,-4.281149693
81,T,A,0.0372,875.0,1320.0,0.711606553
81,T,G,0.1545,3544.0,6672.0,1.031164231
81,T,C,-1.3476,1077.0,36.0,-4.784453987
81,T,S,0.1709,1525.0,2958.0,1.074236356
81,T,N,-0.2823,496.0,379.0,-0.269718726
81,T,Q,0.0613,303.0,479.0,0.779131408
81,T,D,0.457,596.0,1856.0,1.757236021
81,T,E,0.382,768.0,2130.0,1.59009876
81,T,H,0.2206,412.0,873.0,1.201760862
81,T,K,0.1844,391.0,777.0,1.109169537
81,T,R,0.0037,2035.0,2874.0,0.616454813
82,T,*,-1.6174,329.0,4.0,-6.243520228
82,T,F,-1.5001,262.0,5.0,-5.593071361
82,T,W,-1.1116,133.0,10.0,-3.614930795
82,T,Y,-1.3803,101.0,3.0,-4.954825436
82,T,P,-0.2196,202.0,178.0,-0.064054506
82,T,M,-1.5684,68.0,1.0,-5.969039295
82,T,I,-0.5059,70.0,31.0,-1.056663161
82,T,L,-1.4972,311.0,6.0,-5.577384724
82,T,V,-1.4561,400.0,9.0,-5.355507642
82,T,A,-0.4158,441.0,245.0,-0.729573361
82,T,G,-0.3083,456.0,328.0,-0.356914464
82,T,C,-1.8655,208.0,,-7.700439718
82,T,S,-0.4904,510.0,235.0,-0.999412944
82,T,N,-0.3884,202.0,120.0,-0.632897341
82,T,Q,0.0984,155.0,263.0,0.88121813
82,T,D,-1.0711,268.0,23.0,-3.424103689
82,T,E,-0.6204,229.0,75.0,-1.491961552
82,T,H,-1.4767,96.0,2.0,-5.466538955
82,T,K,-0.8716,150.0,24.0,-2.525432644
82,T,R,-1.4523,526.0,12.0,-5.335532943
83,T,*,-1.5238,172.0,3.0,-5.722878708
83,T,F,-1.585,145.0,2.0,-6.061485544
83,T,W,-1.6332,175.0,2.0,-6.332787566
83,T,Y,-1.6792,105.0,1.0,-6.595821972
83,T,P,-1.1529,305.0,20.0,-3.812313792
83,T,M,-1.297,200.0,8.0,-4.525432644
83,T,I,-0.7397,136.0,32.0,-1.969039295
83,T,L,-1.0138,349.0,36.0,-3.158734679
83,T,V,-1.2274,373.0,19.0,-4.176680761
83,T,A,-0.1682,385.0,380.0,0.099564519
83,T,G,-0.8802,821.0,128.0,-2.562814866
83,T,C,-1.9177,282.0,1.0,-8.021127807
83,T,S,0.1722,376.0,731.0,1.07756229
83,T,N,-0.3163,51.0,36.0,-0.384076795
83,T,D,-1.3597,125.0,4.0,-4.847360739
83,T,E,-0.5348,219.0,90.0,-1.164510417
83,T,H,0.2981,31.0,75.0,1.393045926
83,T,K,-0.0658,75.0,92.0,0.413166811
83,T,R,-0.6323,596.0,189.0,-1.53850255
84,H,*,-1.1008,77.0,6.0,-3.563400494
84,H,F,-1.5486,63.0,1.0,-5.858856378
84,H,W,-1.4876,50.0,1.0,-5.525432644
84,H,Y,-0.5034,83.0,37.0,-1.04716252
84,H,P,-0.2819,119.0,91.0,-0.268599577
84,H,M,-1.5197,52.0,,-5.700439718
84,H,I,-1.0236,10.0,1.0,-3.203504549
84,H,L,-0.337,61.0,41.0,-0.454761787
84,H,V,-1.5808,214.0,3.0,-6.03808094
84,H,A,-0.8921,113.0,17.0,-2.614292575
84,H,G,0.1196,405.0,715.0,0.93844488
84,H,C,-1.0609,124.0,11.0,-3.376341146
84,H,S,0.5432,62.0,219.0,1.939014295
84,H,T,-0.4582,52.0,26.0,-0.881576454
84,H,N,-0.1437,49.0,51.0,0.176139044
84,H,Q,-0.0988,62.0,71.0,0.313974355
84,H,D,-0.1857,20.0,19.0,0.044422964
84,H,E,-0.6013,29.0,10.0,-1.417629354
84,H,K,-0.4843,47.0,22.0,-0.976733687
84,H,R,-0.3518,339.0,220.0,-0.505358204
85,T,*,-1.7983,157.0,,-7.294620749
85,T,F,-1.578,65.0,,-6.022367813
85,T,W,-1.7713,305.0,2.0,-7.134241887
85,T,Y,-1.0451,150.0,14.0,-3.303040223
85,T,P,-0.9347,106.0,14.0,-2.802141987
85,T,M,-1.329,84.0,3.0,-4.688931376
85,T,I,-0.477,86.0,41.0,-0.950289204
85,T,L,-2.0022,407.0,1.0,-8.550461438
85,T,V,-1.313,291.0,11.0,-4.607020178
85,T,A,-0.0195,442.0,596.0,0.549689507
85,T,G,0.449,668.0,2055.0,1.739641932
85,T,C,-1.6197,249.0,3.0,-6.256615885
85,T,S,0.211,479.0,998.0,1.177437706
85,T,N,-0.3709,121.0,75.0,-0.571621001
85,T,Q,-1.0344,176.0,17.0,-3.253545231
85,T,D,-1.41,75.0,2.0,-5.110395145
85,T,E,-1.0196,79.0,8.0,-3.185357202
85,T,H,-0.2701,112.0,88.0,-0.229499758
85,T,K,-0.8388,102.0,18.0,-2.384076795
85,T,R,-1.2598,505.0,23.0,-4.338154076
86,F,*,-1.1272,84.0,6.0,-3.688931376
86,F,W,0.4043,47.0,135.0,1.640650291
86,F,Y,-0.0125,49.0,67.0,0.569802892
86,F,P,-1.1763,33.0,2.0,-3.925970573
86,F,I,-0.8517,106.0,18.0,-2.439571907
86,F,L,-0.2091,194.0,175.0,-0.030278184
86,F,V,-1.2328,100.0,5.0,-4.203504549
86,F,A,-0.9266,96.0,13.0,-2.766099237
86,F,G,-1.6273,342.0,4.0,-6.299428969
86,F,C,-1.3593,156.0,5.0,-4.845050578
86,F,S,-0.6567,209.0,62.0,-1.634739276
86,F,T,-1.0968,38.0,3.0,-3.544541467
86,F,N,-1.2781,117.0,5.0,-4.430013079
86,F,Q,-1.6344,81.0,,-6.339850003
86,F,D,-0.8242,5.0,,-2.321928095
86,F,E,-1.3222,82.0,3.0,-4.654165958
86,F,H,-0.2719,23.0,18.0,-0.235213409
86,F,K,-1.2966,23.0,,-4.523561956
86,F,R,-0.9903,153.0,17.0,-3.051501456
87,V,*,-1.7447,126.0,,-6.977279924
87,V,F,-0.36,44.0,28.0,-0.533653151
87,V,W,-1.6406,83.0,,-6.375039431
87,V,Y,-1.1053,12.0,,-3.584962501
87,V,P,-1.2566,20.0,,-4.321928095
87,V,M,-0.9789,8.0,,-3.0
87,V,I,-0.3282,51.0,35.0,-0.424718779
87,V,L,-1.5567,195.0,3.0,-5.903944267
87,V,A,-0.4102,87.0,49.0,-0.709810106
87,V,G,-1.463,228.0,5.0,-5.392538373
87,V,C,-1.4359,38.0,,-5.247927513
87,V,S,-1.3135,53.0,2.0,-4.609496909
87,V,T,-0.9614,74.0,9.0,-2.921104818
87,V,N,-1.3802,31.0,,-4.95419631
87,V,Q,-0.7961,70.0,14.0,-2.203504549
87,V,D,-0.6971,49.0,13.0,-1.79584658
87,V,E,0.2155,10.0,21.0,1.188812874
87,V,K,-0.9789,8.0,,-3.0
87,V,R,-1.5572,60.0,,-5.906890596
88,K,*,-1.0319,267.0,26.0,-3.241832668
88,K,F,-1.7769,156.0,1.0,-7.166978673
88,K,W,-0.9475,189.0,24.0,-2.858856378
88,K,Y,-1.709,109.0,,-6.768184325
88,K,P,0.4715,137.0,436.0,1.788575788
88,K,M,-1.0102,230.0,24.0,-3.142104004
88,K,I,-0.7182,16.0,4.0,-1.881576454
88,K,L,-1.342,528.0,18.0,-4.756045572
88,K,V,-1.7729,307.0,2.0,-7.143671299
88,K,A,-0.8002,86.0,17.0,-2.220378368
88,K,G,-1.395,497.0,14.0,-5.031323574
88,K,C,-0.999,185.0,20.0,-3.09102982
88,K,S,-0.6639,306.0,89.0,-1.663230866
88,K,T,-0.9316,330.0,44.0,-2.78846705
88,K,N,0.3026,48.0,117.0,1.403825765
88,K,Q,0.0489,127.0,196.0,0.744448703
88,K,D,-1.1988,178.0,10.0,-4.03538179
88,K,E,-0.9903,297.0,33.0,-3.051501456
88,K,H,-0.8182,32.0,6.0,-2.296613953
88,K,R,-0.0306,644.0,849.0,0.517127411
89,A,*,-0.9903,9.0,1.0,-3.051501456
89,A,F,-0.6872,22.0,6.0,-1.756045572
89,A,W,-1.6148,75.0,,-6.228818691
89,A,Y,-1.493,47.0,,-5.554588852
89,A,P,-0.8209,43.0,8.0,-2.307841209
89,A,M,-0.8853,6.0,,-2.584962501
89,A,L,-1.0372,94.0,9.0,-3.266240304
89,A,V,-0.8402,239.0,42.0,-2.390125839
89,A,G,-1.0236,210.0,21.0,-3.203504549
89,A,C,-1.0183,59.0,6.0,-3.179257003
89,A,S,-0.969,160.0,19.0,-2.955577036
89,A,T,-0.5936,179.0,63.0,-1.388112308
89,A,N,-1.4692,43.0,,-5.426264755
89,A,Q,-1.0492,10.0,,-3.321928095
89,A,D,-1.2418,19.0,,-4.247927513
89,A,E,-0.2734,109.0,85.0,-0.240369843
89,A,H,-1.3974,33.0,,-5.044394119
89,A,K,-1.5358,60.0,1.0,-5.78846705
89,A,R,-1.9031,244.0,,-7.930737338
90,L,*,-1.0223,239.0,24.0,-3.197480761
90,L,F,-0.4451,60.0,31.0,-0.834270739
90,L,W,-0.8785,134.0,21.0,-2.555348222
90,L,Y,-1.3087,24.0,,-4.584962501
90,L,P,-1.4056,34.0,,-5.087462841
90,L,M,-0.1508,40.0,41.0,0.154047456
90,L,I,-1.4822,49.0,1.0,-5.496286298
90,L,V,-1.2364,162.0,8.0,-4.221426457
90,L,A,-1.9079,249.0,,-7.960001932
90,L,G,-1.5877,293.0,4.0,-6.076333309
90,L,C,-1.3617,29.0,,-4.857980995
90,L,S,-0.7515,189.0,43.0,-2.017554124
90,L,T,-1.4814,45.0,,-5.491853096
90,L,Q,-1.6044,72.0,,-6.169925001
90,L,D,-1.672,94.0,,-6.554588852
90,L,E,-1.6182,76.0,,-6.247927513
90,L,H,-1.5615,61.0,,-5.930737338
90,L,K,-1.4498,40.0,,-5.321928095
90,L,R,-1.2669,270.0,12.0,-4.37342955
91,T,*,-1.0438,96.0,9.0,-3.296613953
91,T,F,-1.3962,107.0,3.0,-5.03808094
91,T,W,-1.2117,93.0,5.0,-4.09880717
91,T,Y,-0.9378,107.0,14.0,-2.815688518
91,T,P,-1.2551,216.0,10.0,-4.314535861
91,T,M,-1.6973,104.0,,-6.700439718
91,T,I,0.0916,203.0,340.0,0.862478565
91,T,L,-1.8282,386.0,2.0,-7.474033491
91,T,V,0.3909,469.0,1319.0,1.610208283
91,T,A,-0.5367,335.0,137.0,-1.171561656
91,T,G,-1.3558,493.0,16.0,-4.82702029
91,T,C,0.7145,66.0,293.0,2.268786281
91,T,S,-0.8927,333.0,50.0,-2.617098631
91,T,N,-1.0338,155.0,15.0,-3.250810264
91,T,Q,-1.6611,90.0,,-6.491853096
91,T,D,-1.2519,235.0,11.0,-4.298661782
91,T,E,-1.4207,78.0,2.0,-5.166978673
91,T,H,-1.8244,175.0,,-7.451211112
91,T,K,-1.2279,59.0,3.0,-4.179257003
91,T,R,-1.6361,354.0,4.0,-6.349182004
92,M,*,-1.256,195.0,9.0,-4.318981766
92,M,F,3.6854,7.0,92.0,3.83463058
92,M,W,0.1688,251.0,485.0,1.068720929
92,M,Y,-0.0264,88.0,117.0,0.529356647
92,M,P,-1.1053,12.0,,-3.584962501
92,M,I,0.1848,87.0,173.0,1.110108278
92,M,L,0.2494,123.0,274.0,1.273941124
92,M,V,0.3547,174.0,462.0,1.527229091
92,M,A,-0.5408,131.0,53.0,-1.187079001
92,M,G,-1.2671,518.0,23.0,-4.374822786
92,M,C,0.0789,63.0,103.0,0.82764415
92,M,S,0.0004,201.0,282.0,0.606923207
92,M,T,0.4258,99.0,294.0,1.688739271
92,M,Q,-0.1674,89.0,88.0,0.102121734
92,M,E,-0.3275,32.0,22.0,-0.422144835
92,M,H,-0.0429,21.0,27.0,0.480993625
92,M,K,-0.4194,69.0,38.0,-0.742173397
92,M,R,-0.8082,461.0,89.0,-2.254465964
93,D,*,-1.7998,158.0,,-7.303780748
93,D,F,-0.0838,88.0,104.0,0.359431645
93,D,W,-0.2346,54.0,46.0,-0.112902
93,D,Y,-0.2966,161.0,119.0,-0.317675569
93,D,P,-1.5858,67.0,,-6.06608919
93,D,M,-0.5764,38.0,14.0,-1.322149045
93,D,I,-0.0375,20.0,26.0,0.496935169
93,D,L,-0.1082,171.0,192.0,0.285533532
93,D,V,0.1344,178.0,323.0,0.97808047
93,D,A,-0.2836,214.0,163.0,-0.274315286
93,D,G,-1.0275,486.0,48.0,-3.221426457
93,D,C,-0.7621,145.0,32.0,-2.061485544
93,D,S,-0.214,130.0,116.0,-0.045963272
93,D,T,-0.7155,127.0,32.0,-1.870261141
93,D,N,-0.2794,65.0,50.0,-0.260088077
93,D,Q,0.1121,27.0,47.0,0.918124895
93,D,E,0.7822,28.0,135.0,2.387884221
93,D,H,-0.0007,15.0,21.0,0.603850373
93,D,K,-0.7898,108.0,22.0,-2.177032338
93,D,R,-0.5382,162.0,66.0,-1.177032338
94,G,*,-1.6038,78.0,1.0,-6.166978673
94,G,F,-1.389,32.0,,-5.0
94,G,W,-0.9903,45.0,5.0,-3.051501456
94,G,Y,-0.7327,25.0,6.0,-1.940470143
94,G,P,-1.5759,70.0,1.0,-6.010859471
94,G,M,-0.4582,12.0,6.0,-0.881576454
94,G,I,-1.4929,51.0,1.0,-5.554001796
94,G,L,-0.6664,45.0,13.0,-1.672989832
94,G,V,-0.3024,96.0,70.0,-0.337255938
94,G,A,-0.0234,77.0,103.0,0.538137532
94,G,C,-0.7991,116.0,23.0,-2.215995493
94,G,S,-0.2577,94.0,76.0,-0.188237792
94,G,T,-0.7673,23.0,5.0,-2.083210315
94,G,N,0.6127,9.0,35.0,2.077781561
94,G,D,0.1015,109.0,186.0,0.889398032
94,G,E,0.3015,30.0,73.0,1.401357509
94,G,R,-0.4662,200.0,98.0,-0.9107228
95,K,*,-0.9582,171.0,21.0,-2.907111546
95,K,F,-0.5675,167.0,63.0,-1.288000823
95,K,W,-0.1537,107.0,109.0,0.145140884
95,K,Y,-0.1428,70.0,73.0,0.178965088
95,K,P,-0.3364,104.0,70.0,-0.452733155
95,K,I,-0.0391,98.0,127.0,0.492398389
95,K,L,0.0574,123.0,193.0,0.768366078
95,K,V,0.0768,253.0,412.0,0.821930498
95,K,A,0.0628,152.0,241.0,0.783385369
95,K,G,0.404,317.0,910.0,1.639807251
95,K,C,-0.4812,106.0,50.0,-0.965640719
95,K,S,-0.0363,254.0,331.0,0.500426266
95,K,T,0.005,113.0,160.0,0.620172678
95,K,N,0.7098,46.0,203.0,2.260197507
95,K,Q,-0.2056,55.0,50.0,-0.019079978
95,K,D,0.9966,34.0,207.0,2.724447662
95,K,E,0.1721,89.0,173.0,1.077318343
95,K,H,-0.2944,70.0,52.0,-0.310419753
95,K,R,0.2758,109.0,254.0,1.338923908
96,Q,*,-0.573,78.0,29.0,-1.308997678
96,Q,F,-0.7645,73.0,16.0,-2.071401013
96,Q,W,-1.5291,117.0,2.0,-5.751941174
96,Q,P,-0.811,47.0,9.0,-2.266240304
96,Q,M,0.3178,22.0,55.0,1.440351641
96,Q,I,-0.4785,40.0,19.0,-0.955577036
96,Q,L,-0.0228,112.0,150.0,0.539887314
96,Q,V,-0.0795,182.0,217.0,0.372180138
96,Q,A,-0.0143,80.0,109.0,0.564679776
96,Q,G,-0.3883,414.0,246.0,-0.632548906
96,Q,C,-0.7415,94.0,22.0,-1.976733687
96,Q,S,0.3908,117.0,329.0,1.6100026
96,Q,T,0.1023,55.0,94.0,0.891652684
96,Q,N,1.8915,8.0,87.0,3.561367042
96,Q,D,0.3333,62.0,159.0,1.477110191
96,Q,E,0.2208,92.0,195.0,1.202191904
96,Q,H,-0.4403,197.0,103.0,-0.817127746
96,Q,K,-0.1506,157.0,161.0,0.154719675
96,Q,R,-0.0771,252.0,302.0,0.379548362
97,A,*,-1.5759,70.0,1.0,-6.010859471
97,A,F,-1.4804,146.0,3.0,-5.486438512
97,A,W,-1.4408,84.0,2.0,-5.273893877
97,A,Y,-1.2279,59.0,3.0,-4.179257003
97,A,P,-0.3032,180.0,131.0,-0.340006549
97,A,M,0.2982,50.0,121.0,1.393430593
97,A,I,0.5795,60.0,223.0,2.01243285
97,A,L,0.0406,293.0,445.0,0.721328217
97,A,V,0.3706,409.0,1114.0,1.56400003
97,A,G,-1.153,595.0,39.0,-3.812920093
97,A,C,-0.6139,195.0,65.0,-1.466538955
97,A,S,-0.95,373.0,47.0,-2.870019423
97,A,T,-0.3378,155.0,104.0,-0.457261141
97,A,N,-1.7286,118.0,,-6.882643049
97,A,Q,-1.2912,49.0,2.0,-4.496286298
97,A,D,-0.8504,88.0,15.0,-2.434117477
97,A,E,-1.6997,105.0,,-6.714245518
97,A,H,-1.2839,22.0,,-4.459431619
97,A,R,-1.5796,284.0,4.0,-6.031323574
98,A,*,-1.767,138.0,,-7.108524457
98,A,F,-1.702,106.0,,-6.727920455
98,A,W,-1.0644,114.0,10.0,-3.392538373
98,A,Y,-1.6693,93.0,,-6.539158811
98,A,P,-1.5031,106.0,2.0,-5.609496909
98,A,M,-0.2444,48.0,40.0,-0.14461086
98,A,I,-0.9431,101.0,13.0,-2.839348219
98,A,L,-0.7975,246.0,49.0,-2.209381115
98,A,V,-0.3513,391.0,254.0,-0.503916565
98,A,G,-0.1458,166.0,172.0,0.169648869
98,A,C,-0.8044,169.0,33.0,-2.238061771
98,A,S,0.0295,109.0,162.0,0.690089224
98,A,T,-0.5996,153.0,53.0,-1.411043842
98,A,N,-0.9858,71.0,8.0,-3.031323574
98,A,Q,-0.1622,17.0,17.0,0.118423546
98,A,E,-0.4058,144.0,82.0,-0.693949451
98,A,H,-1.7388,123.0,,-6.942514505
98,A,K,0.5247,25.0,86.0,1.900832111
98,A,R,-0.226,236.0,205.0,-0.084739404
99,W,*,-0.6924,253.0,68.0,-1.777107188
99,W,F,-1.1577,186.0,12.0,-3.835772764
99,W,Y,-1.2304,119.0,6.0,-4.191431717
99,W,P,-1.4321,122.0,3.0,-5.227351291
99,W,M,-0.9885,179.0,20.0,-3.043464136
99,W,I,-1.8141,182.0,1.0,-7.389371094
99,W,L,-0.9715,314.0,37.0,-2.966743837
99,W,V,-1.3778,467.0,14.0,-4.941500272
99,W,A,-1.704,232.0,2.0,-6.739557449
99,W,G,-1.5437,804.0,13.0,-5.832188427
99,W,C,-0.8299,265.0,48.0,-2.346462503
99,W,S,-1.3956,605.0,17.0,-5.034904945
99,W,T,-1.4013,109.0,3.0,-5.064798278
99,W,N,-1.4822,49.0,1.0,-5.496286298
99,W,Q,-1.6747,95.0,,-6.569855608
99,W,D,-1.5094,50.0,,-5.64385619
99,W,E,-1.8073,163.0,,-7.348728154
99,W,H,-1.0603,90.0,8.0,-3.37342955
99,W,K,-1.8338,182.0,,-7.50779464
99,W,R,-0.9889,475.0,53.0,-3.045439703
100,R,*,-1.0662,367.0,32.0,-3.401212707
100,R,F,-0.972,170.0,20.0,-2.969039295
100,R,W,-1.6975,339.0,3.0,-6.701755417
100,R,Y,-1.7265,117.0,,-6.87036472
100,R,P,-1.8203,172.0,,-7.426264755
100,R,M,-1.8615,222.0,1.0,-7.67599232
100,R,I,-0.923,168.0,23.0,-2.750331921
100,R,L,-1.2438,457.0,22.0,-4.258195191
100,R,V,-1.7845,644.0,4.0,-7.212493332
100,R,A,-0.8373,158.0,28.0,-2.37800228
100,R,G,-0.9889,699.0,78.0,-3.045322881
100,R,C,-1.3126,317.0,12.0,-4.604952984
100,R,S,-0.3222,691.0,481.0,-0.404225271
100,R,T,-0.5818,413.0,150.0,-1.342755735
100,R,N,-0.2805,159.0,122.0,-0.263722072
100,R,Q,-1.3081,52.0,2.0,-4.582016172
100,R,D,-1.0481,119.0,11.0,-3.316962599
100,R,E,-1.7721,153.0,1.0,-7.138964297
100,R,H,-1.5297,54.0,,-5.754887502
100,R,K,-0.205,212.0,193.0,-0.017039871
101,F,*,-1.2346,161.0,8.0,-4.212493332
101,F,W,0.1121,220.0,383.0,0.918264414
101,F,Y,0.3,96.0,233.0,1.39764719
101,F,P,-0.9478,134.0,17.0,-2.860202803
101,F,M,-0.399,152.0,88.0,-0.670072349
101,F,I,-0.7567,58.0,13.0,-2.039117731
101,F,L,-0.7055,220.0,57.0,-1.830046153
101,F,V,-1.104,454.0,35.0,-3.578841924
101,F,A,-0.0828,179.0,212.0,0.362528223
101,F,G,-1.1365,361.0,25.0,-3.733575291
101,F,C,-0.9687,143.0,17.0,-2.95398495
101,F,S,0.5526,214.0,766.0,1.958157141
101,F,T,-0.0838,44.0,52.0,0.359431645
101,F,N,1.5337,9.0,83.0,3.323537976
101,F,Q,-0.7307,29.0,7.0,-1.932202527
101,F,D,-0.021,244.0,328.0,0.545238213
101,F,E,-1.0533,99.0,9.0,-3.341008073
101,F,H,-0.1948,29.0,27.0,0.015330053
101,F,K,-1.4594,45.0,1.0,-5.37342955
101,F,R,-1.6438,365.0,4.0,-6.393329108
102,I,*,-1.1944,228.0,13.0,-4.01402675
102,I,F,-0.9631,124.0,15.0,-2.928882169
102,I,W,-1.8379,201.0,1.0,-7.532628145
102,I,Y,-1.7524,130.0,,-7.022367813
102,I,P,-1.2836,167.0,7.0,-4.457925825
102,I,M,-1.2578,218.0,10.0,-4.327832684
102,I,L,-1.2853,408.0,17.0,-4.466538955
102,I,V,-0.6325,508.0,161.0,-1.539344263
102,I,A,-1.3944,248.0,7.0,-5.028417842
102,I,G,-1.602,697.0,9.0,-6.156666299
102,I,C,-1.2989,302.0,12.0,-4.535018693
102,I,S,-1.4842,395.0,8.0,-5.507285297
102,I,T,-1.1521,289.0,19.0,-3.808574623
102,I,N,-0.9903,108.0,12.0,-3.051501456
102,I,Q,-1.498,52.0,1.0,-5.582016172
102,I,D,-1.1695,129.0,8.0,-3.89280371
102,I,E,-1.2288,217.0,11.0,-4.183696068
102,I,H,-1.702,106.0,,-6.727920455
102,I,K,-1.4365,124.0,3.0,-5.250810264
102,I,R,-1.1813,453.0,27.0,-3.950056192
103,R,*,-0.5419,57.0,23.0,-1.190904512
103,R,F,-1.2261,18.0,,-4.169925001
103,R,W,-0.7182,44.0,11.0,-1.881576454
103,R,Y,-1.2094,17.0,,-4.087462841
103,R,P,-1.4814,45.0,,-5.491853096
103,R,M,-1.3483,60.0,2.0,-4.78846705
103,R,I,-0.4812,53.0,25.0,-0.965640719
103,R,L,-1.7967,156.0,,-7.285402219
103,R,V,-1.7408,124.0,,-6.95419631
103,R,A,-0.526,88.0,37.0,-1.131554707
103,R,G,-0.6779,268.0,75.0,-1.718846954
103,R,S,-0.4523,203.0,103.0,-0.860411844
103,R,T,-0.1131,9.0,10.0,0.270426639
103,R,N,-1.4498,40.0,,-5.321928095
103,R,Q,-0.0162,14.0,19.0,0.558996137
103,R,D,-0.2903,8.0,6.0,-0.296613953
103,R,E,-1.2328,20.0,1.0,-4.203504549
103,R,H,-1.3087,24.0,,-4.584962501
103,R,K,-0.1323,60.0,64.0,0.21153295
104,I,*,-1.0662,367.0,32.0,-3.401212707
104,I,F,-1.1385,189.0,13.0,-3.74337916
104,I,W,-1.5567,455.0,7.0,-5.903944267
104,I,Y,-1.7348,121.0,,-6.918863237
104,I,P,-1.4336,409.0,10.0,-5.235605392
104,I,M,-0.4412,276.0,144.0,-0.820175909
104,I,L,0.2886,635.0,1512.0,1.370053188
104,I,V,-0.1882,942.0,890.0,0.036501822
104,I,A,-1.259,613.0,28.0,-4.333964796
104,I,G,-1.3866,1033.0,30.0,-4.987310397
104,I,C,-1.2524,107.0,5.0,-4.301115346
104,I,S,-1.249,719.0,34.0,-4.283961573
104,I,T,-0.8943,261.0,39.0,-2.624080232
104,I,N,-1.0263,232.0,23.0,-3.215995493
104,I,Q,-1.4136,114.0,3.0,-5.129503968
104,I,D,-1.3684,258.0,8.0,-4.89280371
104,I,E,-1.7845,322.0,2.0,-7.212493332
104,I,H,-1.2435,83.0,4.0,-4.256615885
104,I,K,-1.4303,202.0,5.0,-5.217859842
104,I,R,-1.6135,729.0,9.0,-6.221426457
105,D,*,-1.0007,186.0,20.0,-3.09880717
105,D,F,-1.4876,200.0,4.0,-5.525432644
105,D,W,-1.3256,166.0,6.0,-4.671653385
105,D,Y,-0.9677,109.0,13.0,-2.949321061
105,D,P,0.5171,154.0,524.0,1.885060007
105,D,M,-1.5358,60.0,1.0,-5.78846705
105,D,I,-1.5658,62.0,,-5.95419631
105,D,L,-1.497,259.0,5.0,-5.576456647
105,D,V,-1.0344,383.0,37.0,-3.25332367
105,D,A,-0.4528,371.0,188.0,-0.862262979
105,D,G,-0.5538,767.0,300.0,-1.235840531
105,D,C,-0.2995,79.0,58.0,-0.327376207
105,D,S,-0.611,515.0,173.0,-1.455376849
105,D,T,-0.5895,163.0,58.0,-1.372323613
105,D,N,0.8379,28.0,144.0,2.480993625
105,D,Q,0.2624,72.0,164.0,1.306050549
105,D,E,-0.0706,149.0,181.0,0.399100913
105,D,H,-0.8427,86.0,15.0,-2.400950613
105,D,K,-0.2774,44.0,34.0,-0.253545231
105,D,R,-0.453,306.0,155.0,-0.862839892
106,T,*,-1.0541,386.0,35.0,-3.344750474
106,T,F,-1.5859,291.0,4.0,-6.066451797
106,T,W,-1.5212,227.0,4.0,-5.708124941
106,T,Y,-1.8877,248.0,1.0,-7.835772764
106,T,P,-1.0218,537.0,54.0,-3.19546723
106,T,M,-1.5672,406.0,6.0,-5.961949871
106,T,I,-0.656,259.0,77.0,-1.631598201
106,T,L,-1.7599,1164.0,8.0,-7.066451797
106,T,V,-0.4531,776.0,393.0,-0.863103794
106,T,A,0.2074,996.0,2062.0,1.168250231
106,T,G,0.2709,1096.0,2533.0,1.327022825
106,T,C,-0.2314,275.0,236.0,-0.102221213
106,T,S,0.0051,1379.0,1953.0,0.620493038
106,T,N,0.2323,332.0,718.0,1.231224148
106,T,Q,-1.5291,351.0,6.0,-5.751941174
106,T,D,-1.3069,466.0,18.0,-4.575837597
106,T,E,-1.6827,426.0,4.0,-6.616286074
106,T,H,-1.4549,177.0,4.0,-5.349182004
106,T,K,-1.3557,308.0,10.0,-4.8264349
106,T,R,-1.5461,1186.0,19.0,-5.845537235
107,A,*,-1.2255,390.0,20.0,-4.166978673
107,A,F,-1.6258,170.0,2.0,-6.29096739
107,A,W,-1.6298,259.0,3.0,-6.313422241
107,A,Y,-1.8626,223.0,1.0,-7.682476354
107,A,P,-1.3344,314.0,11.0,-4.716765584
107,A,M,-1.7166,122.0,1.0,-6.812313792
107,A,I,-1.7856,149.0,,-7.21916852
107,A,L,-1.2873,435.0,18.0,-4.476523043
107,A,V,-1.0948,667.0,53.0,-3.535198951
107,A,G,-0.0256,1001.0,1333.0,0.531658352
107,A,C,-1.4549,354.0,8.0,-5.349182004
107,A,S,-0.7344,582.0,139.0,-1.947510724
107,A,T,-0.8868,229.0,35.0,-2.591497225
107,A,N,-0.9463,102.0,13.0,-2.853562078
107,A,Q,-1.574,64.0,,-6.0
107,A,D,-0.9312,352.0,47.0,-2.786419221
107,A,E,-0.9957,119.0,13.0,-3.075954499
107,A,H,-1.6669,200.0,2.0,-6.525432644
107,A,K,-1.1232,152.0,11.0,-3.670072349
107,A,R,-1.5299,528.0,9.0,-5.756045572
108,C,*,-1.0621,215.0,19.0,-3.38184179
108,C,F,-1.4295,282.0,7.0,-5.213772884
108,C,W,-1.4128,341.0,9.0,-5.125279382
108,C,Y,-1.0156,156.0,16.0,-3.166978673
108,C,P,-1.8527,197.0,,-7.622051819
108,C,M,-1.7607,146.0,1.0,-7.071401013
108,C,I,-1.4767,144.0,3.0,-5.466538955
108,C,L,-1.2814,568.0,24.0,-4.446361073
108,C,V,-1.4564,445.0,10.0,-5.357309885
108,C,A,-1.7513,281.0,2.0,-7.016002774
108,C,G,-1.1624,677.0,43.0,-3.858323723
108,C,S,-1.1881,412.0,24.0,-3.983114481
108,C,T,-1.7307,119.0,,-6.894817763
108,C,N,-1.058,67.0,6.0,-3.362703144
108,C,Q,-1.6215,77.0,,-6.266786541
108,C,D,-1.704,116.0,1.0,-6.739557449
108,C,E,-1.6768,104.0,1.0,-6.582016172
108,C,H,-1.0533,33.0,3.0,-3.341008073
108,C,K,-1.6669,100.0,1.0,-6.525432644
108,C,R,-0.9987,536.0,58.0,-3.089684649
109,V,*,-0.9654,333.0,40.0,-2.939026726
109,V,F,-1.0269,475.0,47.0,-3.218771306
109,V,W,-1.3495,241.0,8.0,-4.79446579
109,V,Y,-1.2217,154.0,8.0,-4.148362995
109,V,P,-1.321,517.0,19.0,-4.647669411
109,V,M,-0.5224,384.0,163.0,-1.117810801
109,V,I,-0.3051,385.0,279.0,-0.346169778
109,V,L,-0.5666,825.0,312.0,-1.284424544
109,V,A,-0.032,988.0,1299.0,0.51324203
109,V,G,0.2714,815.0,1885.0,1.328116105
109,V,C,-1.2945,347.0,14.0,-4.513013385
109,V,S,0.2507,856.0,1911.0,1.277068622
109,V,T,0.0583,523.0,822.0,0.770750993
109,V,N,0.686,124.0,531.0,2.216795286
109,V,Q,0.2564,216.0,487.0,1.291314006
109,V,D,0.34,400.0,1037.0,1.492767535
109,V,E,0.2901,426.0,1017.0,1.37381789
109,V,H,-0.3307,362.0,247.0,-0.43305511
109,V,K,-0.4773,254.0,121.0,-0.951397904
109,V,R,-1.3932,1023.0,29.0,-5.022185889
110,C,*,-0.711,145.0,37.0,-1.852032178
110,C,F,-1.2117,279.0,15.0,-4.09880717
110,C,W,-1.4172,308.0,8.0,-5.148362995
110,C,Y,-1.0502,196.0,18.0,-3.326361297
110,C,P,-1.4356,206.0,5.0,-5.246148886
110,C,M,-1.444,85.0,2.0,-5.29096739
110,C,I,-1.069,81.0,7.0,-3.414071535
110,C,L,-1.4632,502.0,11.0,-5.393688389
110,C,V,-1.5607,462.0,7.0,-5.925970573
110,C,A,-1.8943,235.0,,-7.876516947
110,C,G,-1.1246,347.0,25.0,-3.676512117
110,C,S,-1.2226,251.0,13.0,-4.15268029
110,C,T,-1.6693,93.0,,-6.539158811
110,C,N,-0.9388,69.0,9.0,-2.820175909
110,C,Q,-0.8818,58.0,9.0,-2.569632448
110,C,D,-1.6215,77.0,,-6.266786541
110,C,E,-1.3831,68.0,2.0,-4.969039295
110,C,H,-1.1047,91.0,7.0,-3.582016172
110,C,K,-1.3087,24.0,,-4.584962501
110,C,R,-1.017,568.0,58.0,-3.173342578
111,V,*,-1.1357,216.0,15.0,-3.729573361
111,V,F,-0.2746,99.0,77.0,-0.244146533
111,V,W,-1.2957,224.0,9.0,-4.519006375
111,V,Y,-0.4888,201.0,93.0,-0.993469334
111,V,P,-1.8903,231.0,,-7.851749041
111,V,M,0.2094,129.0,268.0,1.173285481
111,V,I,0.046,144.0,221.0,0.736401104
111,V,L,0.3673,220.0,596.0,1.556232353
111,V,A,0.4059,265.0,763.0,1.644114243
111,V,G,0.4498,547.0,1685.0,1.741559399
111,V,C,0.1957,109.0,221.0,1.138141781
111,V,S,0.456,256.0,796.0,1.755048166
111,V,T,1.507,50.0,454.0,3.301115843
111,V,N,0.0998,204.0,347.0,0.884790057
111,V,Q,0.2752,125.0,291.0,1.337514604
111,V,D,0.2375,203.0,443.0,1.244250517
111,V,E,0.3536,163.0,432.0,1.524582894
111,V,H,0.3312,45.0,115.0,1.472060501
111,V,K,0.2368,78.0,170.0,1.242412263
111,V,R,0.1237,434.0,772.0,0.949329351
112,L,*,-0.7918,158.0,32.0,-2.185357202
112,L,F,-0.7631,259.0,57.0,-2.065494728
112,L,W,-1.1591,109.0,7.0,-3.842405857
112,L,Y,-1.0481,119.0,11.0,-3.316962599
112,L,P,-1.5192,169.0,3.0,-5.69749339
112,L,M,-0.1732,127.0,124.0,0.08393517
112,L,I,0.1371,68.0,124.0,0.985157015
112,L,V,0.3771,250.0,688.0,1.578904016
112,L,A,0.4031,90.0,258.0,1.637797705
112,L,G,0.1815,218.0,431.0,1.10178328
112,L,C,0.4834,138.0,447.0,1.81403011
112,L,S,0.3595,228.0,610.0,1.538198964
112,L,T,-0.2273,291.0,252.0,-0.089171874
112,L,N,-1.0074,57.0,6.0,-3.129503968
112,L,Q,-0.1417,44.0,46.0,0.182553883
112,L,D,-0.9826,123.0,14.0,-3.016736037
112,L,E,-1.2893,73.0,3.0,-4.486438512
112,L,H,-0.3697,37.0,23.0,-0.567467864
112,L,K,-0.3646,116.0,73.0,-0.54973289
112,L,R,-0.4412,184.0,96.0,-0.820175909
113,S,*,-0.9306,157.0,21.0,-2.78387978
113,S,F,-0.6712,214.0,61.0,-1.692306103
113,S,W,-1.5006,210.0,4.0,-5.595821972
113,S,Y,-0.332,147.0,100.0,-0.437392609
113,S,P,-0.8724,213.0,34.0,-2.528823233
113,S,M,-0.5934,159.0,56.0,-1.387104487
113,S,I,-0.7785,57.0,12.0,-2.129503968
113,S,L,-0.9108,570.0,81.0,-2.69654456
113,S,V,-0.4481,429.0,220.0,-0.845050578
113,S,A,-0.1442,678.0,705.0,0.17476153
113,S,G,0.309,302.0,744.0,1.419177618
113,S,C,-0.6155,235.0,78.0,-1.472691182
113,S,T,-0.316,378.0,267.0,-0.383122947
113,S,N,0.2191,141.0,298.0,1.198040714
113,S,Q,-0.0609,138.0,171.0,0.427751604
113,S,D,0.166,206.0,396.0,1.061279639
113,S,E,0.1537,175.0,329.0,1.029156208
113,S,H,0.114,162.0,283.0,0.923231786
113,S,K,0.2803,112.0,263.0,1.349987613
113,S,R,0.098,463.0,785.0,0.880104006
114,R,*,-1.0342,300.0,29.0,-3.252414149
114,R,F,-0.6564,394.0,117.0,-1.633263554
114,R,W,-0.4604,177.0,88.0,-0.889750386
114,R,Y,-0.5065,407.0,180.0,-1.058608342
114,R,P,0.1523,208.0,390.0,1.025314142
114,R,M,-0.3328,327.0,222.0,-0.440307413
114,R,I,-0.2642,172.0,137.0,-0.209809126
114,R,L,-0.3567,488.0,313.0,-0.522294945
114,R,V,-0.4751,622.0,298.0,-0.943178704
114,R,A,0.0772,316.0,515.0,0.82307142
114,R,G,-0.1333,683.0,727.0,0.208493332
114,R,C,-0.6534,344.0,103.0,-1.621340682
114,R,S,0.3121,464.0,1149.0,1.426605633
114,R,T,-0.061,343.0,425.0,0.427677811
114,R,N,0.144,98.0,181.0,1.003559589
114,R,Q,1.0447,29.0,185.0,2.791824011
114,R,D,-0.2179,277.0,245.0,-0.058680681
114,R,E,0.2273,153.0,328.0,1.218587708
114,R,H,0.0576,151.0,237.0,0.768762055
114,R,K,-0.0331,231.0,303.0,0.509848488
115,K,*,-1.0118,183.0,19.0,-3.149348779
115,K,F,-0.6091,154.0,52.0,-1.447923277
115,K,W,-0.8114,183.0,35.0,-2.267993275
115,K,Y,-0.4517,61.0,31.0,-0.858117481
115,K,P,-0.7551,302.0,68.0,-2.032518352
115,K,M,-0.5906,217.0,77.0,-1.376341146
115,K,I,-0.1245,248.0,269.0,0.235689598
115,K,L,-0.0906,339.0,395.0,0.338990926
115,K,V,-0.3753,587.0,360.0,-0.586940051
115,K,A,-0.2333,378.0,323.0,-0.108428524
115,K,G,-0.682,712.0,197.0,-1.735258066
115,K,C,-1.6365,266.0,3.0,-6.351896389
115,K,S,-0.2783,511.0,394.0,-0.256704116
115,K,T,-0.4148,404.0,225.0,-0.726006746
115,K,N,-0.4746,321.0,154.0,-0.941219401
115,K,Q,-0.493,225.0,103.0,-1.008857118
115,K,D,-0.6401,306.0,95.0,-1.569108688
115,K,E,-0.2053,177.0,161.0,-0.018265126
115,K,H,-0.221,189.0,166.0,-0.068779447
115,K,R,-0.1211,768.0,839.0,0.245988046
116,A,*,-1.264,245.0,11.0,-4.358782774
116,A,F,-0.1826,161.0,154.0,0.054293208
116,A,W,-0.3619,431.0,273.0,-0.540363372
116,A,Y,-0.086,187.0,220.0,0.3528888
116,A,P,-0.2482,575.0,475.0,-0.157210897
116,A,M,-0.0084,235.0,324.0,0.581756602
116,A,I,0.7843,54.0,261.0,2.39144204
116,A,L,-0.099,601.0,688.0,0.31346712
116,A,V,-0.0021,770.0,1075.0,0.599829855
116,A,G,-0.0759,1132.0,1360.0,0.383156239
116,A,C,-1.2709,251.0,11.0,-4.393688389
116,A,S,0.0622,665.0,1053.0,0.781502737
116,A,T,0.0655,411.0,655.0,0.790780059
116,A,N,0.311,142.0,351.0,1.424003647
116,A,Q,-0.025,315.0,420.0,0.533461045
116,A,D,0.1272,310.0,555.0,0.958643102
116,A,E,0.1731,284.0,553.0,1.079812097
116,A,H,0.0776,263.0,429.0,0.824338394
116,A,K,-0.0946,341.0,394.0,0.326847436
116,A,R,-0.0876,870.0,1020.0,0.347905392
117,G,*,-1.9194,284.0,1.0,-8.031323574
117,G,F,-0.6355,229.0,72.0,-1.550855241
117,G,W,-0.8025,382.0,75.0,-2.230186592
117,G,Y,-0.4837,96.0,45.0,-0.974685858
117,G,P,0.0793,264.0,432.0,0.828916929
117,G,M,-0.1122,97.0,108.0,0.273398206
117,G,I,-0.3355,169.0,114.0,-0.449565876
117,G,L,-0.6009,423.0,146.0,-1.416265748
117,G,V,-0.444,695.0,360.0,-0.830592525
117,G,A,-0.1012,595.0,678.0,0.306819151
117,G,C,-0.6469,315.0,96.0,-1.595821972
117,G,S,0.0732,520.0,841.0,0.812017723
117,G,T,0.0465,345.0,530.0,0.737819544
117,G,N,-0.0129,142.0,194.0,0.568589269
117,G,Q,0.3904,58.0,163.0,1.609170705
117,G,D,0.5161,171.0,581.0,1.882965384
117,G,E,0.1867,224.0,447.0,1.115199645
117,G,H,-0.4563,219.0,110.0,-0.8750038
117,G,K,-0.0273,110.0,146.0,0.526888391
117,G,R,-0.2452,695.0,578.0,-0.147519939
118,R,*,-0.999,333.0,36.0,-3.09102982
118,R,F,0.0705,243.0,391.0,0.80463584
118,R,W,-0.0379,445.0,578.0,0.495687703
118,R,Y,0.2977,134.0,324.0,1.392184358
118,R,P,0.0686,441.0,707.0,0.799355105
118,R,M,0.3817,149.0,413.0,1.589252997
118,R,I,-0.0784,282.0,337.0,0.375476975
118,R,L,0.1173,661.0,1162.0,0.932311438
118,R,V,0.1472,618.0,1148.0,1.011867445
118,R,A,0.177,563.0,1104.0,1.089956891
118,R,G,0.1167,1179.0,2070.0,0.930490595
118,R,C,-0.9958,467.0,51.0,-3.076429852
118,R,S,0.0364,940.0,1416.0,0.709512149
118,R,T,0.0482,351.0,541.0,0.742581109
118,R,N,0.1314,174.0,314.0,0.970100799
118,R,Q,0.1707,262.0,508.0,1.073685231
118,R,D,-0.0842,597.0,705.0,0.358315872
118,R,E,0.2031,276.0,567.0,1.157104014
118,R,H,0.0453,321.0,492.0,0.734508564
118,R,K,0.3045,220.0,538.0,1.408526195
119,R,*,-0.902,137.0,20.0,-2.657680442
119,R,F,0.171,166.0,322.0,1.074300993
119,R,W,-0.184,344.0,328.0,0.049710796
119,R,Y,0.0818,208.0,342.0,0.835836343
119,R,P,0.4637,158.0,497.0,1.771744839
119,R,M,-0.1856,361.0,343.0,0.044633285
119,R,I,0.1016,174.0,297.0,0.889799171
119,R,L,0.0471,712.0,1095.0,0.739405269
119,R,V,0.1377,533.0,973.0,0.986727818
119,R,A,0.1487,452.0,842.0,1.015921007
119,R,G,0.0921,714.0,1197.0,0.863850719
119,R,C,-0.8546,196.0,33.0,-2.451892179
119,R,S,-0.0651,949.0,1166.0,0.415511342
119,R,T,-0.1353,401.0,425.0,0.20228415
119,R,N,0.1331,179.0,324.0,0.974457772
119,R,Q,0.2105,184.0,383.0,1.176062172
119,R,D,0.2967,232.0,560.0,1.389725568
119,R,E,0.2753,280.0,652.0,1.337868683
119,R,H,-0.072,270.0,327.0,0.394754774
119,R,K,0.101,227.0,387.0,0.888064815
120,A,*,-1.8193,186.0,1.0,-7.420735265
120,A,F,-0.1265,150.0,162.0,0.229454858
120,A,W,-0.09,138.0,161.0,0.340815967
120,A,Y,-0.1942,148.0,138.0,0.017494637
120,A,P,-0.0581,272.0,339.0,0.436102168
120,A,M,0.0455,75.0,115.0,0.735094906
120,A,I,0.1625,156.0,298.0,1.052189848
120,A,L,0.3307,262.0,669.0,1.470862945
120,A,V,-0.123,533.0,580.0,0.240340913
120,A,G,0.0639,462.0,734.0,0.786310757
120,A,C,-1.065,217.0,19.0,-3.395200173
120,A,S,0.141,306.0,562.0,0.995462023
120,A,T,-0.0767,286.0,343.0,0.380616975
120,A,N,-0.1439,198.0,206.0,0.175567453
120,A,Q,0.5655,76.0,277.0,1.984238199
120,A,D,-0.1939,477.0,445.0,0.018239616
120,A,E,-0.1837,240.0,229.0,0.050736738
120,A,H,0.2405,129.0,283.0,1.251854533
120,A,K,-0.0434,109.0,140.0,0.479522238
120,A,R,0.0137,454.0,654.0,0.645021884
