Location,wildtype,Mutation,Normalized_FitnessMetric,Unselected_Reads,Selected_Reads,RawLog2
1,S,*,-1.4393,162.0,7.0,-4.895145761
1,S,F,-0.3608,107.0,112.0,-0.296762745
1,S,W,-0.5271,197.0,138.0,-0.876178043
1,S,Y,-0.87,123.0,34.0,-2.217702344
1,S,P,-0.1167,23.0,41.0,0.471339368
1,S,M,-0.0443,33.0,68.0,0.680418042
1,S,I,-1.5772,77.0,2.0,-5.629437221
1,S,L,-0.6278,98.0,53.0,-1.24944007
1,S,V,-0.8386,109.0,33.0,-2.086440886
1,S,A,-0.3827,190.0,189.0,-0.370263864
1,S,G,-0.0225,133.0,286.0,0.741938221
1,S,C,-0.9256,81.0,19.0,-2.45457317
1,S,T,-1.0377,90.0,15.0,-2.947613181
1,S,N,-1.3904,136.0,7.0,-4.642758599
1,S,Q,0.0881,34.0,90.0,1.041739575
1,S,D,0.0257,67.0,158.0,0.875040878
1,S,E,-0.3804,13.0,13.0,-0.36265068
1,S,H,-0.1723,34.0,54.0,0.304773981
1,S,K,-0.9516,106.0,23.0,-2.567009179
1,S,R,-0.4122,152.0,141.0,-0.471026841
2,S,*,-0.8282,109.0,34.0,-2.043372164
2,S,F,0.9674,13.0,115.0,2.782399653
2,S,W,0.261,44.0,157.0,1.47253845
2,S,Y,NS,4.0,9.0,0.807274321
2,S,P,-0.0898,34.0,64.0,0.549886479
2,S,M,0.2387,25.0,86.0,1.419757885
2,S,I,NS,,1.0,
2,S,L,0.0402,52.0,126.0,0.914189525
2,S,V,0.3359,46.0,185.0,1.645168824
2,S,A,-0.0226,80.0,172.0,0.74168598
2,S,G,-0.3586,115.0,121.0,-0.289277494
2,S,C,-0.5721,8.0,5.0,-1.040722585
2,S,T,0.2492,8.0,28.0,1.444704242
2,S,N,0.0677,20.0,51.0,0.987846567
2,S,Q,-0.3804,6.0,6.0,-0.36265068
2,S,D,NS,3.0,48.0,3.63734932
2,S,E,0.2417,35.0,121.0,1.42692954
2,S,H,-0.0006,37.0,83.0,0.802935386
2,S,K,NS,,,
2,S,R,-0.2414,138.0,189.0,0.091067287
3,S,*,-1.7887,88.0,1.0,-6.822082299
3,S,F,-0.3188,72.0,83.0,-0.15753625
3,S,W,-0.047,60.0,123.0,0.67297323
3,S,Y,-0.1655,18.0,29.0,0.325405314
3,S,P,-0.3093,45.0,53.0,-0.126583322
3,S,M,0.6955,20.0,132.0,2.359815344
3,S,I,NS,4.0,35.0,2.766632337
3,S,L,-0.0295,173.0,367.0,0.722357345
3,S,V,0.1479,129.0,380.0,1.195977673
3,S,A,-0.1397,30.0,51.0,0.402884066
3,S,G,-0.0389,145.0,302.0,0.695844969
3,S,C,-0.5781,39.0,24.0,-1.063090398
3,S,T,0.1805,17.0,53.0,1.277806933
3,S,N,0.1882,44.0,139.0,1.296858774
3,S,Q,NS,,50.0,
3,S,D,0.5595,18.0,100.0,2.111280508
3,S,E,NS,,27.0,
3,S,H,NS,,5.0,
3,S,K,NS,4.0,22.0,2.096780938
3,S,R,0.3324,48.0,192.0,1.63734932
4,H,*,-1.4322,29.0,,-4.857980995
4,H,F,NS,3.0,41.0,3.409938824
4,H,W,-0.1135,34.0,61.0,0.480623816
4,H,Y,0.1656,26.0,79.0,1.24069035
4,H,P,0.0255,14.0,33.0,0.874388517
4,H,M,NS,,,
4,H,I,-0.5468,21.0,14.0,-0.947613181
4,H,L,-0.1427,116.0,196.0,0.394078169
4,H,V,0.0578,133.0,333.0,0.961445251
4,H,A,0.001,36.0,81.0,0.807274321
4,H,G,-0.0041,193.0,430.0,0.793085132
4,H,C,-0.6988,38.0,17.0,-1.523115352
4,H,S,0.3171,105.0,410.0,1.602583902
4,H,T,-0.0595,75.0,150.0,0.63734932
4,H,N,0.3106,37.0,143.0,1.587767291
4,H,Q,-0.3205,135.0,155.0,-0.163341872
4,H,D,0.3374,64.0,258.0,1.648576575
4,H,E,-0.0068,60.0,133.0,0.78574116
4,H,K,-0.0543,49.0,99.0,0.651996096
4,H,R,0.0589,271.0,680.0,0.964591215
5,P,*,NS,1.0,,
5,P,F,NS,,,
5,P,W,-0.1158,14.0,25.0,0.473850588
5,P,Y,-0.5536,58.0,38.0,-0.972704162
5,P,M,NS,,,
5,P,I,NS,,4.0,
5,P,L,-0.1331,47.0,81.0,0.422610471
5,P,V,-0.565,11.0,7.0,-1.014727377
5,P,A,NS,,2.0,
5,P,G,0.4529,53.0,254.0,1.898113552
5,P,C,-1.6783,73.0,,-6.189824559
5,P,S,0.3916,29.0,127.0,1.768053011
5,P,T,-0.2258,24.0,34.0,0.13984966
5,P,N,NS,2.0,63.0,3.835501268
5,P,Q,-0.0595,68.0,136.0,0.63734932
5,P,D,NS,,,
5,P,E,NS,,,
5,P,H,NS,3.0,2.0,-0.947613181
5,P,K,NS,,,
5,P,R,-0.2864,25.0,31.0,-0.05231056
6,V,*,NS,,,
6,V,F,0.0414,7.0,17.0,0.917457239
6,V,W,0.4558,16.0,77.0,1.904135861
6,V,Y,0.5954,17.0,99.0,2.179243099
6,V,P,NS,2.0,5.0,0.959277415
6,V,M,3.7753,5.0,131.0,3.835501268
6,V,I,0.0569,16.0,40.0,0.959277415
6,V,L,0.3324,14.0,56.0,1.63734932
6,V,A,0.5209,33.0,174.0,2.035898696
6,V,G,0.2708,238.0,863.0,1.495748306
6,V,C,NS,2.0,3.0,0.222311821
6,V,S,0.5922,15.0,87.0,2.17340222
6,V,T,0.4443,15.0,71.0,1.880205844
6,V,N,NS,,,
6,V,Q,1.2733,5.0,57.0,3.148311239
6,V,D,NS,4.0,25.0,2.28120551
6,V,E,-0.1135,34.0,61.0,0.480623816
6,V,H,0.4434,11.0,52.0,1.878357419
6,V,K,NS,,,
6,V,R,0.1868,132.0,416.0,1.293394919
7,F,*,-1.3986,140.0,7.0,-4.684578775
7,F,W,0.3707,74.0,314.0,1.722516703
7,F,Y,0.0949,125.0,335.0,1.059582321
7,F,P,-0.6257,57.0,31.0,-1.241344384
7,F,M,2.0537,7.0,114.0,3.662884412
7,F,I,0.0827,103.0,270.0,1.02766439
7,F,L,0.2537,192.0,677.0,1.455398843
7,F,V,0.2049,144.0,468.0,1.337789038
7,F,A,0.6491,17.0,106.0,2.277806933
7,F,G,0.9211,22.0,186.0,2.717076512
7,F,C,-0.0698,74.0,145.0,0.607805044
7,F,S,0.276,163.0,596.0,1.507789686
7,F,T,0.319,60.0,235.0,1.606975671
7,F,N,0.5209,22.0,116.0,2.035898696
7,F,Q,0.8577,13.0,103.0,2.623410129
7,F,D,0.3633,46.0,193.0,1.706244401
7,F,E,1.0977,19.0,189.0,2.951664231
7,F,H,-0.2519,65.0,87.0,0.057925003
7,F,K,0.6738,7.0,45.0,2.321847494
7,F,R,-0.0076,122.0,270.0,0.783427579
8,H,*,-1.5193,93.0,3.0,-5.316846991
8,H,F,-0.1774,7.0,11.0,0.289426016
8,H,W,-0.9785,10.0,2.0,-2.684578775
8,H,Y,0.0125,40.0,92.0,0.838983181
8,H,P,1.6592,9.0,128.0,3.467424318
8,H,M,-0.2418,19.0,26.0,0.089861525
8,H,I,NS,,4.0,
8,H,L,0.1962,84.0,269.0,1.31649426
8,H,V,-0.2803,109.0,137.0,-0.032802922
8,H,A,0.1108,62.0,171.0,1.101005524
8,H,G,0.2144,76.0,251.0,1.36096536
8,H,C,0.3785,17.0,73.0,1.739711037
8,H,S,NS,,1.0,
8,H,T,NS,,,
8,H,N,0.2014,13.0,42.0,1.329227024
8,H,Q,0.0671,53.0,135.0,0.986244462
8,H,D,0.5159,38.0,199.0,2.026046427
8,H,E,-0.0326,46.0,97.0,0.713700206
8,H,K,NS,,,
8,H,R,0.4362,87.0,407.0,1.863290808
9,R,*,-0.7883,146.0,51.0,-1.880049897
9,R,F,-0.1388,91.0,155.0,0.405679085
9,R,W,-0.5149,54.0,39.0,-0.832135963
9,R,Y,-0.4587,88.0,73.0,-0.63225774
9,R,P,0.1304,167.0,477.0,1.151490483
9,R,M,1.6249,8.0,112.0,3.444704242
9,R,I,-0.3295,64.0,72.0,-0.192725679
9,R,L,0.1079,195.0,535.0,1.093414087
9,R,V,0.0944,245.0,656.0,1.058263385
9,R,A,0.4274,110.0,508.0,1.844674293
9,R,G,0.321,408.0,1603.0,1.611482688
9,R,C,-0.7013,36.0,16.0,-1.532575682
9,R,S,0.2761,280.0,1024.0,1.508066303
9,R,T,0.5767,60.0,341.0,2.144086653
9,R,N,0.3243,119.0,470.0,1.619048503
9,R,Q,0.0253,73.0,172.0,0.873789516
9,R,D,0.4976,171.0,873.0,1.989334649
9,R,E,0.5147,149.0,779.0,2.023660317
9,R,H,0.6738,21.0,135.0,2.321847494
9,R,K,0.1087,111.0,305.0,1.095598886
10,G,*,-1.3122,19.0,,-4.247927513
10,G,F,-1.1497,60.0,7.0,-3.462186354
10,G,W,-1.0185,260.0,46.0,-2.861456537
10,G,Y,-0.8329,26.0,8.0,-2.063090398
10,G,P,0.0913,163.0,434.0,1.050172398
10,G,M,NS,2.0,32.0,3.63734932
10,G,I,-1.3608,35.0,2.0,-4.491933697
10,G,L,-0.5019,126.0,94.0,-0.785341752
10,G,V,-0.6244,317.0,173.0,-1.236361483
10,G,A,0.2901,81.0,303.0,1.5406733
10,G,C,-0.1213,205.0,362.0,0.457715107
10,G,S,0.007,174.0,396.0,0.823762444
10,G,T,NS,1.0,14.0,3.444704242
10,G,N,NS,1.0,1.0,-0.36265068
10,G,Q,0.3822,22.0,95.0,1.74777331
10,G,D,-0.0811,95.0,182.0,0.575288352
10,G,E,0.1989,23.0,74.0,1.323240729
10,G,H,-0.1446,41.0,69.0,0.388321772
10,G,K,-0.0366,76.0,159.0,0.702304762
10,G,R,0.3856,194.0,842.0,1.755112901
11,E,*,-1.0445,288.0,47.0,-2.97798683
11,E,F,-0.2685,62.0,80.0,0.005081104
11,E,W,-0.4938,134.0,102.0,-0.756314529
11,E,Y,-0.2509,41.0,55.0,0.061157029
11,E,P,-0.1648,44.0,71.0,0.327664821
11,E,M,0.1238,96.0,271.0,1.13453586
11,E,I,-0.2473,71.0,96.0,0.072564701
11,E,L,-0.0293,123.0,261.0,0.722740811
11,E,V,-0.0314,256.0,541.0,0.716834104
11,E,A,-0.2422,158.0,216.0,0.088456074
11,E,G,-0.0589,805.0,1612.0,0.639140375
11,E,C,-0.6292,245.0,132.0,-1.2548945
11,E,S,-0.1437,204.0,344.0,0.391188733
11,E,T,-0.2719,164.0,210.0,-0.005957167
11,E,N,-0.305,37.0,44.0,-0.112672427
11,E,Q,0.1694,86.0,263.0,1.250003554
11,E,D,0.1521,93.0,276.0,1.206714966
11,E,H,-0.5721,8.0,5.0,-1.040722585
11,E,K,0.0261,50.0,118.0,0.876136179
11,E,R,-0.096,270.0,502.0,0.532077277
12,F,*,-1.2804,53.0,4.0,-4.090571135
12,F,W,-0.472,66.0,53.0,-0.679124345
12,F,Y,0.0074,36.0,82.0,0.824976323
12,F,P,NS,,,
12,F,M,NS,3.0,1.0,-1.947613181
12,F,I,-0.1192,53.0,94.0,0.464017717
12,F,L,-0.0777,70.0,135.0,0.5848819
12,F,V,0.0201,84.0,196.0,0.859741741
12,F,A,0.269,91.0,329.0,1.491498453
12,F,G,0.4081,133.0,597.0,1.803654006
12,F,C,0.1235,297.0,838.0,1.133836633
12,F,S,0.2653,32.0,115.0,1.482839371
12,F,T,-0.3349,9.0,10.0,-0.210647587
12,F,N,0.6616,15.0,95.0,2.300314333
12,F,Q,0.7718,14.0,101.0,2.488205881
12,F,D,0.4369,41.0,192.0,1.864759816
12,F,E,NS,,,
12,F,H,NS,1.0,4.0,1.63734932
12,F,K,-0.2928,36.0,44.0,-0.073144063
12,F,R,-0.0199,62.0,134.0,0.7492422
13,S,*,-0.8868,19.0,5.0,-2.288650099
13,S,F,-0.8818,191.0,51.0,-2.267654166
13,S,W,NS,2.0,1.0,-1.36265068
13,S,Y,-0.7292,34.0,14.0,-1.642758599
13,S,P,-0.4709,190.0,153.0,-0.675118446
13,S,M,-0.7218,69.0,29.0,-1.613194142
13,S,I,-1.6143,57.0,,-5.832890014
13,S,L,-1.3919,371.0,19.0,-4.649998543
13,S,V,-0.9023,179.0,45.0,-2.354613361
13,S,A,-0.2061,115.0,170.0,0.201250205
13,S,G,-0.0066,46.0,102.0,0.786212706
13,S,C,-1.0508,50.0,8.0,-3.00650687
13,S,T,-0.1627,116.0,188.0,0.333957176
13,S,N,-0.5052,50.0,37.0,-0.797053504
13,S,Q,NS,,,
13,S,D,-0.0527,37.0,75.0,0.656714645
13,S,E,0.0974,13.0,35.0,1.066192619
13,S,H,0.7689,42.0,302.0,2.483436636
13,S,K,-0.1774,7.0,11.0,0.289426016
13,S,R,-0.2095,154.0,226.0,0.190741742
14,V,*,-1.327,20.0,,-4.321928095
14,V,F,-0.5398,84.0,57.0,-0.922078089
14,V,W,-1.0867,9.0,,-3.169925001
14,V,Y,-1.7604,101.0,,-6.658211483
14,V,P,-0.1457,81.0,136.0,0.384962158
14,V,M,NS,1.0,,
14,V,I,-0.3226,21.0,24.0,-0.170005602
14,V,L,-1.0465,37.0,6.0,-2.987141545
14,V,A,-0.0745,68.0,132.0,0.594280598
14,V,G,-0.8674,158.0,44.0,-2.20699981
14,V,C,0.3324,35.0,140.0,1.63734932
14,V,S,0.122,86.0,242.0,1.129947802
14,V,T,-0.0221,79.0,170.0,0.742959508
14,V,N,NS,,1.0,
14,V,Q,0.0497,15.0,37.0,0.93991209
14,V,D,-0.2897,13.0,16.0,-0.063090398
14,V,E,-0.9437,9.0,2.0,-2.532575682
14,V,H,-1.0713,20.0,3.0,-3.099616274
14,V,K,-1.1758,12.0,,-3.584962501
14,V,R,-1.6563,67.0,,-6.06608919
15,C,*,-0.9514,175.0,38.0,-2.565934279
15,C,F,-1.2066,93.0,9.0,-3.73188449
15,C,W,-1.2023,163.0,16.0,-3.711378834
15,C,Y,-0.6371,108.0,57.0,-1.284648168
15,C,P,-1.692,77.0,,-6.266786541
15,C,M,-1.7489,75.0,1.0,-6.591469371
15,C,I,-1.7969,117.0,,-6.87036472
15,C,L,-1.4695,284.0,11.0,-5.052966181
15,C,V,-1.821,301.0,3.0,-7.011307856
15,C,A,-2.0865,310.0,1.0,-8.638775085
15,C,G,-1.5135,698.0,23.0,-5.28617195
15,C,S,-1.2679,292.0,23.0,-4.028913283
15,C,T,-1.44,116.0,5.0,-4.89870358
15,C,N,-1.1678,100.0,11.0,-3.547075251
15,C,Q,-1.5193,62.0,2.0,-5.316846991
15,C,D,-1.6563,67.0,,-6.06608919
15,C,E,-1.8542,115.0,1.0,-7.208140731
15,C,H,-1.2965,18.0,,-4.169925001
15,C,K,-1.2823,40.0,3.0,-4.099616274
15,C,R,-1.1413,392.0,47.0,-3.422771673
16,D,*,-1.4224,28.0,,-4.807354922
16,D,F,-0.9558,6.0,,-2.584962501
16,D,W,-0.8946,5.0,,-2.321928095
16,D,Y,-0.7113,37.0,16.0,-1.572104046
16,D,P,NS,1.0,,
16,D,M,-1.4123,27.0,,-4.754887502
16,D,I,-1.4017,26.0,,-4.700439718
16,D,L,-1.7725,106.0,,-6.727920455
16,D,V,-1.0867,224.0,32.0,-3.170005602
16,D,A,-0.175,126.0,199.0,0.296694017
16,D,G,-0.5432,330.0,222.0,-0.934557028
16,D,C,-1.3411,21.0,,-4.392317423
16,D,S,-0.1822,45.0,70.0,0.27477924
16,D,T,-0.8486,17.0,5.0,-2.128185427
16,D,N,-0.1864,24.0,37.0,0.261840185
16,D,Q,-0.7675,54.0,20.0,-1.795610087
16,D,E,-0.1234,62.0,109.0,0.451337334
16,D,H,-0.9471,50.0,11.0,-2.547075251
16,D,K,NS,,5.0,
16,D,R,-1.2276,133.0,12.0,-3.832970615
17,S,*,-0.6959,102.0,46.0,-1.511514066
17,S,F,-1.6953,78.0,,-6.285402219
17,S,W,-1.5012,58.0,2.0,-5.220631675
17,S,Y,-1.344,33.0,2.0,-4.4070448
17,S,P,-0.2031,41.0,61.0,0.210534653
17,S,M,-1.3671,23.0,,-4.523561956
17,S,I,-1.6143,57.0,,-5.832890014
17,S,L,-0.9853,245.0,48.0,-2.714326118
17,S,V,-1.8782,127.0,1.0,-7.351335367
17,S,A,-0.2553,210.0,279.0,0.047225114
17,S,G,-0.1532,349.0,577.0,0.362693602
17,S,C,-1.5902,52.0,,-5.700439718
17,S,T,-0.9392,111.0,25.0,-2.513210357
17,S,N,NS,4.0,,
17,S,Q,-0.4546,37.0,31.0,-0.617907735
17,S,D,-1.2633,25.0,2.0,-4.00650687
17,S,E,-1.2429,35.0,3.0,-3.906971196
17,S,H,-1.5397,43.0,,-5.426264755
17,S,K,NS,,,
17,S,R,-1.0802,48.0,7.0,-3.140258259
18,V,*,-1.2716,90.0,7.0,-4.047148854
18,V,F,-0.5062,168.0,124.0,-0.800771793
18,V,W,-0.8586,35.0,10.0,-2.170005602
18,V,Y,-0.389,100.0,98.0,-0.391797026
18,V,P,-1.5104,60.0,2.0,-5.269541276
18,V,M,-0.4311,150.0,133.0,-0.536186935
18,V,I,-0.3804,87.0,87.0,-0.36265068
18,V,L,-0.7183,132.0,56.0,-1.599689877
18,V,A,-0.2191,64.0,92.0,0.160911276
18,V,G,-1.4893,333.0,12.0,-5.157066547
18,V,C,-1.1206,78.0,10.0,-3.326124804
18,V,S,-0.5456,178.0,119.0,-0.943566348
18,V,T,0.0087,60.0,137.0,0.828490807
18,V,N,0.1998,9.0,29.0,1.325405314
18,V,Q,-0.7397,10.0,4.0,-1.684578775
18,V,D,0.089,66.0,175.0,1.044166312
18,V,E,NS,,40.0,
18,V,H,0.2744,17.0,62.0,1.504082789
18,V,K,NS,,,
18,V,R,-0.1931,50.0,76.0,0.241420644
19,S,*,-1.1783,480.0,51.0,-3.597115934
19,S,F,-1.1851,664.0,69.0,-3.629165655
19,S,W,-1.6593,949.0,18.0,-6.082989956
19,S,Y,-1.0969,282.0,39.0,-3.216799814
19,S,P,-0.9388,337.0,76.0,-2.511327948
19,S,M,-2.0634,360.0,,-8.491853096
19,S,I,-1.3352,352.0,22.0,-4.36265068
19,S,L,-1.7272,1101.0,16.0,-6.467249434
19,S,V,-1.5581,860.0,24.0,-5.525881029
19,S,A,-0.8679,1165.0,324.0,-2.208914917
19,S,G,-0.4467,2666.0,2277.0,-0.590193169
19,S,C,-1.2392,1037.0,90.0,-3.888997763
19,S,T,-0.9785,215.0,43.0,-2.684578775
19,S,N,-0.8586,98.0,28.0,-2.170005602
19,S,Q,-1.1224,204.0,26.0,-3.334636304
19,S,D,-1.5119,543.0,18.0,-5.277534067
19,S,E,-1.6799,457.0,8.0,-6.198701035
19,S,H,-1.4253,154.0,7.0,-4.822082299
19,S,K,-1.7677,104.0,,-6.700439718
19,S,R,-1.4284,1001.0,45.0,-4.838023843
20,V,*,-1.6985,79.0,,-6.303780748
20,V,F,0.0089,102.0,233.0,0.829110123
20,V,W,-0.7253,209.0,87.0,-1.627066316
20,V,Y,0.4098,10.0,45.0,1.807274321
20,V,P,-1.4714,52.0,2.0,-5.063090398
20,V,M,-0.0116,102.0,224.0,0.7722789
20,V,I,-0.1106,82.0,148.0,0.489250681
20,V,L,0.0065,252.0,573.0,0.822460725
20,V,A,0.3466,360.0,1472.0,1.66905818
20,V,G,0.2223,3957.0,13244.0,1.380209265
20,V,C,-0.4007,257.0,245.0,-0.43163729
20,V,S,0.2603,356.0,1269.0,1.471092243
20,V,T,-0.0023,89.0,199.0,0.798240509
20,V,N,0.4968,20.0,102.0,1.987846567
20,V,Q,0.0129,63.0,145.0,0.839978486
20,V,D,-0.4059,206.0,194.0,-0.449238365
20,V,E,0.4959,193.0,983.0,1.985939889
20,V,H,0.2308,38.0,129.0,1.400649062
20,V,K,NS,,1.0,
20,V,R,0.4684,550.0,2695.0,1.930131069
21,W,*,-0.9196,247.0,59.0,-2.428374862
21,W,F,-1.723,87.0,,-6.442943496
21,W,Y,-1.3525,85.0,5.0,-4.450113521
21,W,P,-1.6524,66.0,,-6.044394119
21,W,M,-1.7141,84.0,,-6.392317423
21,W,I,-0.9311,39.0,9.0,-2.478127898
21,W,L,-1.1932,257.0,26.0,-3.667835511
21,W,V,-1.8893,171.0,,-7.417852515
21,W,A,-1.8893,266.0,2.0,-7.417933116
21,W,G,-1.5772,154.0,4.0,-5.629437221
21,W,C,-0.92,197.0,47.0,-2.430113648
21,W,S,-1.5247,253.0,8.0,-5.345644255
21,W,T,-1.3122,19.0,,-4.247927513
21,W,N,NS,,,
21,W,Q,NS,2.0,,
21,W,D,-1.5397,43.0,,-5.426264755
21,W,E,-0.5219,31.0,22.0,-0.857415372
21,W,H,-1.8444,142.0,,-7.14974712
21,W,K,-1.0453,43.0,7.0,-2.981560513
21,W,R,-0.9042,220.0,55.0,-2.36265068
22,V,*,-1.9132,189.0,,-7.562242424
22,V,F,-1.2711,154.0,12.0,-4.04447472
22,V,W,-1.7554,99.0,,-6.62935662
22,V,Y,-0.9453,104.0,23.0,-2.539528442
22,V,P,-1.9107,187.0,,-7.54689446
22,V,M,-1.598,125.0,3.0,-5.743472464
22,V,I,-0.0756,143.0,277.0,0.591220149
22,V,L,-1.391,292.0,15.0,-4.645584643
22,V,A,-0.7686,214.0,79.0,-1.800336918
22,V,G,-1.318,784.0,52.0,-4.276920806
22,V,C,-0.6088,95.0,54.0,-1.177618786
22,V,S,-0.9344,512.0,117.0,-2.492285961
22,V,T,-0.2552,219.0,291.0,0.047437603
22,V,N,0.0303,177.0,421.0,0.887420193
22,V,Q,-1.024,92.0,16.0,-2.886212636
22,V,D,-1.1109,242.0,32.0,-3.281513917
22,V,E,-1.3871,192.0,10.0,-4.625685086
22,V,H,-1.2895,82.0,6.0,-4.135240184
22,V,K,-0.9185,217.0,52.0,-2.423762194
22,V,R,-0.4098,508.0,474.0,-0.462592118
23,G,*,-1.1083,15.0,2.0,-3.269541276
23,G,F,-1.6563,67.0,,-6.06608919
23,G,W,-1.1013,66.0,9.0,-3.237119798
23,G,Y,-0.6909,70.0,32.0,-1.491933697
23,G,P,-1.8052,121.0,,-6.918863237
23,G,M,-0.7327,76.0,31.0,-1.656381883
23,G,I,-1.3791,24.0,,-4.584962501
23,G,L,-1.7438,294.0,4.0,-6.562323025
23,G,V,-0.9382,239.0,54.0,-2.508629986
23,G,A,0.001,16.0,36.0,0.807274321
23,G,C,-0.6104,53.0,30.0,-1.183680539
23,G,S,-0.1581,440.0,720.0,0.347842703
23,G,T,0.6856,23.0,150.0,2.342606054
23,G,N,-0.0866,76.0,144.0,0.559346808
23,G,Q,-1.0985,109.0,15.0,-3.223944409
23,G,D,-0.075,33.0,64.0,0.5929552
23,G,E,-1.0673,79.0,12.0,-3.081468928
23,G,H,-0.7794,67.0,24.0,-1.84377737
23,G,K,-0.8868,38.0,10.0,-2.288650099
23,G,R,-0.4092,213.0,199.0,-0.46073568
24,D,*,-1.4507,31.0,,-4.95419631
24,D,F,-1.5134,91.0,3.0,-5.28548282
24,D,W,-1.6001,54.0,,-5.754887502
24,D,Y,-0.8347,49.0,15.0,-2.070469929
24,D,P,-1.5634,47.0,,-5.554588852
24,D,M,-1.484,35.0,,-5.129283017
24,D,I,-1.5518,45.0,,-5.491853096
24,D,L,-1.8687,157.0,,-7.294620749
24,D,V,-0.9075,307.0,76.0,-2.376818012
24,D,A,-0.734,187.0,76.0,-1.661617627
24,D,G,-0.4033,610.0,578.0,-0.44039043
24,D,C,-1.4761,34.0,,-5.087462841
24,D,S,-1.0531,170.0,27.0,-3.017154114
24,D,T,-0.6006,62.0,36.0,-1.146921989
24,D,N,0.0611,77.0,194.0,0.970475621
24,D,Q,-1.3166,105.0,7.0,-4.269541276
24,D,E,-0.6531,259.0,131.0,-1.346035966
24,D,H,-0.2747,11.0,14.0,-0.014727377
24,D,K,-1.6456,50.0,1.0,-6.00650687
24,D,R,-1.4494,168.0,7.0,-4.947613181
25,K,*,-1.1835,450.0,47.0,-3.62184302
25,K,F,-1.8152,126.0,,-6.977279924
25,K,W,-1.8593,151.0,,-7.238404739
25,K,Y,-1.624,46.0,1.0,-5.886212636
25,K,P,-1.7817,110.0,,-6.781359714
25,K,M,-0.8526,172.0,50.0,-2.145059245
25,K,I,-1.4818,27.0,1.0,-5.117538182
25,K,L,-1.8561,149.0,,-7.21916852
25,K,V,-1.7858,174.0,2.0,-6.805594176
25,K,A,-1.2869,149.0,11.0,-4.122387582
25,K,G,-1.8429,439.0,4.0,-7.14072781
25,K,C,-1.0987,80.0,11.0,-3.225147156
25,K,S,-1.113,335.0,44.0,-3.291236347
25,K,T,-1.2153,117.0,11.0,-3.773583781
25,K,N,-0.5295,135.0,94.0,-0.884877426
25,K,Q,-0.6399,21.0,11.0,-1.295536484
25,K,D,-1.0867,105.0,15.0,-3.170005602
25,K,E,-0.8586,266.0,76.0,-2.170005602
25,K,H,-0.6919,68.0,31.0,-1.495917211
25,K,R,-0.3804,239.0,239.0,-0.36265068
26,T,*,-1.3733,384.0,21.0,-4.555295758
26,T,F,-0.3168,247.0,286.0,-0.151146575
26,T,W,-0.8611,409.0,116.0,-2.180626718
26,T,Y,-0.4249,190.0,171.0,-0.514653774
26,T,P,-1.4848,273.0,10.0,-5.133479726
26,T,M,-0.3776,457.0,460.0,-0.353210984
26,T,I,-0.489,335.0,258.0,-0.73944071
26,T,L,-0.6603,1187.0,589.0,-1.373631076
26,T,V,-0.2212,803.0,1149.0,0.154256225
26,T,A,-0.4492,814.0,691.0,-0.598993764
26,T,G,-0.4967,483.0,365.0,-0.766777405
26,T,C,-1.2729,297.0,23.0,-4.053407845
26,T,S,-0.2906,858.0,1054.0,-0.065825366
26,T,N,-0.5808,576.0,352.0,-1.073144063
26,T,Q,-0.2984,169.0,204.0,-0.091104774
26,T,D,-1.1292,417.0,52.0,-3.366114535
26,T,E,-0.6451,120.0,62.0,-1.315344965
26,T,H,-0.3433,100.0,109.0,-0.238322545
26,T,K,-0.0063,352.0,781.0,0.787096439
26,T,R,0.032,1111.0,2651.0,0.892027173
27,T,*,-1.3593,383.0,22.0,-4.484419643
27,T,F,-0.4267,231.0,207.0,-0.520912764
27,T,W,-0.0895,447.0,842.0,0.550894722
27,T,Y,-0.0046,177.0,394.0,0.791795589
27,T,P,-1.5549,177.0,5.0,-5.508328135
27,T,M,-0.0357,209.0,438.0,0.704777247
27,T,I,-0.2194,346.0,497.0,0.159823134
27,T,L,-0.2569,766.0,1014.0,0.041990675
27,T,V,0.0044,669.0,1515.0,0.816588998
27,T,A,-0.7521,714.0,276.0,-1.733906487
27,T,G,-1.5062,1477.0,50.0,-5.247248601
27,T,C,-0.8757,309.0,84.0,-2.241796285
27,T,S,-0.3562,673.0,712.0,-0.281379944
27,T,N,-0.0728,248.0,483.0,0.599032388
27,T,Q,-0.6307,136.0,73.0,-1.260288963
27,T,D,-2.0037,216.0,1.0,-8.117538182
27,T,E,-1.3232,353.0,23.0,-4.302613097
27,T,H,0.0757,114.0,295.0,1.00903045
27,T,K,0.0236,215.0,505.0,0.869296048
27,T,R,0.0316,923.0,2201.0,0.891105912
28,A,*,NS,,,
28,A,F,-1.1491,11.0,,-3.459431619
28,A,W,-1.5064,38.0,,-5.247927513
28,A,Y,-1.5938,82.0,2.0,-5.720202685
28,A,P,-1.1647,36.0,4.0,-3.532575682
28,A,M,-1.5798,50.0,,-5.64385619
28,A,I,-1.7817,110.0,,-6.781359714
28,A,L,-1.8911,134.0,1.0,-7.428739871
28,A,V,-1.1021,272.0,37.0,-3.240660156
28,A,G,-1.1997,404.0,40.0,-3.698934068
28,A,C,-1.8656,155.0,,-7.276124405
28,A,S,-1.2725,245.0,19.0,-4.051361106
28,A,T,-0.1662,23.0,37.0,0.323240729
28,A,N,-1.4917,36.0,,-5.169925001
28,A,Q,-1.6233,59.0,,-5.882643049
28,A,D,-1.0295,193.0,33.0,-2.910713598
28,A,E,-0.8773,85.0,23.0,-2.24847966
28,A,H,-1.0867,9.0,,-3.169925001
28,A,K,-1.262,16.0,,-4.0
28,A,R,-1.6853,75.0,,-6.228818691
29,T,*,-1.548,207.0,6.0,-5.471175137
29,T,F,0.0229,220.0,516.0,0.867216862
29,T,W,-0.4658,65.0,53.0,-0.657098039
29,T,Y,0.0043,159.0,360.0,0.816319461
29,T,P,-1.3242,231.0,15.0,-4.307509126
29,T,M,0.3618,70.0,293.0,1.702823157
29,T,I,0.5731,64.0,362.0,2.137195207
29,T,L,0.025,549.0,1293.0,0.873193541
29,T,V,-0.0256,335.0,716.0,0.733147812
29,T,A,-0.8892,287.0,75.0,-2.298738916
29,T,G,-1.5524,491.0,14.0,-5.494874972
29,T,C,-0.2156,58.0,84.0,0.171685747
29,T,S,-1.0229,487.0,85.0,-2.881037706
29,T,N,-1.2418,93.0,8.0,-3.901809491
29,T,Q,-0.4579,231.0,192.0,-0.629437221
29,T,D,-1.799,118.0,,-6.882643049
29,T,E,-0.9539,116.0,25.0,-2.576775486
29,T,H,-0.5434,58.0,39.0,-0.935229456
29,T,K,-0.1976,184.0,277.0,0.22752953
29,T,R,-0.1354,513.0,880.0,0.415894018
30,D,*,-1.2606,1251.0,101.0,-3.993305272
30,D,F,-1.5873,960.0,24.0,-5.684578775
30,D,W,-1.8481,1009.0,9.0,-7.171436138
30,D,Y,-1.3018,898.0,63.0,-4.195942391
30,D,P,-1.2543,885.0,73.0,-3.962359766
30,D,M,-1.7777,842.0,10.0,-6.758399008
30,D,I,-1.7267,824.0,12.0,-6.464188707
30,D,L,-1.4963,2107.0,74.0,-5.194171913
30,D,V,-1.4804,1934.0,72.0,-5.110097758
30,D,A,-1.6609,1379.0,26.0,-6.091617704
30,D,G,-1.5313,3112.0,96.0,-5.381314524
30,D,C,-1.6089,912.0,21.0,-5.803223272
30,D,S,-1.5061,2155.0,73.0,-5.246298275
30,D,T,-0.6076,763.0,435.0,-1.173318336
30,D,N,-1.1903,656.0,67.0,-3.654113494
30,D,Q,-1.8226,404.0,4.0,-7.020862163
30,D,E,-1.351,761.0,45.0,-4.442550227
30,D,H,-1.4625,453.0,18.0,-5.016092919
30,D,K,-2.0257,475.0,2.0,-8.254434383
30,D,R,-1.563,2044.0,56.0,-5.552475239
31,I,*,-1.5302,678.0,21.0,-5.375474721
31,I,F,-1.0957,425.0,59.0,-3.211326662
31,I,W,-1.1598,186.0,21.0,-3.509492068
31,I,Y,-1.0281,198.0,34.0,-2.904544459
31,I,P,-0.7263,159.0,66.0,-1.631139516
31,I,M,-0.2128,151.0,220.0,0.180304294
31,I,L,-0.7714,677.0,248.0,-1.811466393
31,I,V,-0.6211,723.0,398.0,-1.223877897
31,I,A,-0.9015,377.0,95.0,-2.351215785
31,I,G,-1.6931,782.0,13.0,-6.273235759
31,I,C,-1.4174,278.0,13.0,-4.781152035
31,I,S,-0.7435,533.0,211.0,-1.699543214
31,I,T,-0.9603,298.0,63.0,-2.604539277
31,I,N,-1.0641,202.0,31.0,-3.066665853
31,I,Q,-0.9485,105.0,23.0,-2.553334242
31,I,D,-1.0135,128.0,23.0,-2.839088724
31,I,E,-1.326,155.0,10.0,-4.316846991
31,I,H,-1.1601,266.0,30.0,-3.51104252
31,I,K,-1.9449,168.0,1.0,-7.754968103
31,I,R,-1.1816,723.0,76.0,-3.612575004
32,K,*,-1.0924,563.0,79.0,-3.195861044
32,K,F,-0.7404,268.0,107.0,-1.687272884
32,K,W,-1.2512,444.0,37.0,-3.947613181
32,K,Y,-0.4286,102.0,91.0,-0.527281382
32,K,P,-1.8464,334.0,3.0,-7.161392472
32,K,M,-0.2699,503.0,647.0,0.000556632
32,K,I,-1.5594,360.0,10.0,-5.532575682
32,K,L,-0.7113,888.0,384.0,-1.572104046
32,K,V,-1.3593,818.0,47.0,-4.484018861
32,K,A,-0.0549,653.0,1318.0,0.650544793
32,K,G,-0.3414,1383.0,1514.0,-0.232086631
32,K,C,-1.3385,259.0,16.0,-4.379458968
32,K,S,0.211,887.0,2913.0,1.352849012
32,K,T,0.2539,408.0,1439.0,1.455774855
32,K,N,0.0366,307.0,739.0,0.904685029
32,K,Q,-0.4561,230.0,192.0,-0.62317823
32,K,D,-1.3213,427.0,28.0,-4.293388018
32,K,E,-0.8192,500.0,160.0,-2.00650687
32,K,H,-0.2426,205.0,280.0,0.087152237
32,K,R,0.1995,1001.0,3224.0,1.32475909
33,G,*,-1.0914,341.0,48.0,-3.191316108
33,G,F,-1.6441,497.0,10.0,-5.997824627
33,G,W,-1.4159,851.0,40.0,-4.773737907
33,G,Y,-1.4575,173.0,7.0,-4.989923986
33,G,P,-1.9989,272.0,,-8.087462841
33,G,M,-1.5074,178.0,6.0,-5.25342161
33,G,I,-1.7128,195.0,3.0,-6.385018493
33,G,L,-1.6664,542.0,10.0,-6.122871627
33,G,V,-1.3515,1050.0,62.0,-4.444627982
33,G,A,-1.645,798.0,16.0,-6.002895616
33,G,C,-1.3064,507.0,35.0,-4.2192096
33,G,S,-1.3169,901.0,60.0,-4.27114338
33,G,T,-2.0465,260.0,1.0,-8.385018493
33,G,N,-1.85,339.0,3.0,-7.182829643
33,G,Q,-2.0183,230.0,1.0,-8.208140731
33,G,D,-1.0512,438.0,70.0,-3.008154723
33,G,E,-1.5094,508.0,17.0,-5.263872526
33,G,H,-1.7817,110.0,,-6.781359714
33,G,K,-1.372,91.0,5.0,-4.548517225
33,G,R,-1.2893,1161.0,85.0,-4.134412001
34,K,*,-1.5306,194.0,6.0,-5.377601022
34,K,F,-1.7604,101.0,,-6.658211483
34,K,W,-1.5976,208.0,5.0,-5.741162303
34,K,Y,-1.33,110.0,7.0,-4.336655472
34,K,P,-1.6563,67.0,,-6.06608919
34,K,M,-2.0474,261.0,1.0,-8.390556677
34,K,I,-1.1937,198.0,20.0,-3.670079205
34,K,L,-1.7495,376.0,5.0,-6.595311437
34,K,V,-1.7887,528.0,6.0,-6.822082299
34,K,A,-1.238,505.0,44.0,-3.883358639
34,K,G,-1.3438,1764.0,107.0,-4.405818539
34,K,C,-1.8202,200.0,2.0,-7.00650687
34,K,S,-1.5059,177.0,6.0,-5.24529373
34,K,T,-1.1785,113.0,12.0,-3.597867142
34,K,N,-0.0236,158.0,339.0,0.738710035
34,K,Q,-0.5566,223.0,145.0,-0.98364149
34,K,D,-1.5447,443.0,13.0,-5.453373851
34,K,E,-0.8956,390.0,100.0,-2.326124804
34,K,H,-0.6211,129.0,71.0,-1.224130816
34,K,R,-0.1192,772.0,1369.0,0.463799014
35,E,*,-0.6801,17.0,8.0,-1.450113521
35,E,F,-1.5334,42.0,,-5.392317423
35,E,W,-1.0063,7.0,,-2.807354922
35,E,Y,-1.1197,10.0,,-3.321928095
35,E,P,-1.024,23.0,4.0,-2.886212636
35,E,M,-0.6295,39.0,21.0,-1.255735476
35,E,I,-0.8946,35.0,9.0,-2.322008696
35,E,L,-1.1647,9.0,1.0,-3.532575682
35,E,V,-0.3575,128.0,135.0,-0.285835083
35,E,A,-0.7397,45.0,18.0,-1.684578775
35,E,G,-1.1238,268.0,34.0,-3.341277029
35,E,C,NS,1.0,2.0,0.63734932
35,E,S,-0.388,113.0,111.0,-0.388413776
35,E,T,0.2225,46.0,154.0,1.380573904
35,E,N,-1.0867,7.0,1.0,-3.170005602
35,E,Q,-0.1688,5.0,8.0,0.315421225
35,E,D,-0.6499,198.0,101.0,-1.333795817
35,E,H,NS,,,
35,E,K,-0.1576,105.0,172.0,0.349368557
35,E,R,-0.454,143.0,120.0,-0.615631421
36,V,*,-1.3122,19.0,,-4.247927513
36,V,F,-1.2024,214.0,21.0,-3.711800244
36,V,W,-1.8545,148.0,,-7.209453366
36,V,Y,-0.9321,113.0,26.0,-2.482389924
36,V,P,-1.9068,184.0,,-7.523561956
36,V,M,-1.5397,43.0,,-5.426264755
36,V,I,-0.5896,77.0,46.0,-1.105875265
36,V,L,-1.4784,160.0,6.0,-5.099616274
36,V,A,-1.1427,310.0,37.0,-3.42932172
36,V,G,-1.7583,623.0,8.0,-6.645739033
36,V,C,-1.3047,144.0,10.0,-4.210647587
36,V,S,-1.8113,124.0,,-6.95419631
36,V,T,-1.1758,12.0,,-3.584962501
36,V,N,-1.6188,58.0,,-5.857980995
36,V,Q,-1.5134,39.0,,-5.285402219
36,V,D,-0.623,42.0,23.0,-1.231406147
36,V,E,-1.4701,207.0,8.0,-5.056137638
36,V,H,-0.9669,111.0,23.0,-2.63350459
36,V,K,-1.708,82.0,,-6.357552005
36,V,R,-1.3667,268.0,15.0,-4.521849275
37,M,*,-1.6305,283.0,6.0,-5.922346422
37,M,F,-0.263,98.0,128.0,0.022639476
37,M,W,-0.542,83.0,56.0,-0.930335189
37,M,Y,-0.2136,22.0,32.0,0.177917701
37,M,P,-1.9067,143.0,1.0,-7.522522017
37,M,I,-0.0652,89.0,176.0,0.621047508
37,M,L,0.106,286.0,782.0,1.08850278
37,M,V,0.1514,166.0,492.0,1.204824394
37,M,A,0.1861,142.0,447.0,1.291733222
37,M,G,-0.9437,261.0,58.0,-2.532575682
37,M,C,-0.6967,160.0,72.0,-1.514653774
37,M,S,-0.3568,159.0,168.0,-0.283216213
37,M,T,0.6158,48.0,287.0,2.217293746
37,M,N,NS,1.0,1.0,-0.36265068
37,M,Q,0.3483,60.0,246.0,1.67297323
37,M,D,-0.0248,64.0,137.0,0.735381403
37,M,E,0.0333,51.0,122.0,0.895661315
37,M,H,NS,,,
37,M,K,0.1209,141.0,396.0,1.127154588
37,M,R,0.0027,245.0,553.0,0.811847051
38,V,*,-1.4594,32.0,,-5.0
38,V,F,-1.4361,183.0,8.0,-4.878350518
38,V,W,-1.2,13.0,,-3.700439718
38,V,Y,-1.6748,112.0,2.0,-6.170005602
38,V,P,-1.8392,139.0,,-7.118941073
38,V,M,-1.4897,139.0,5.0,-5.159663658
38,V,I,-0.2978,182.0,220.0,-0.089085607
38,V,L,-0.337,208.0,230.0,-0.217600347
38,V,A,-0.8073,148.0,49.0,-1.957394202
38,V,G,-1.2949,348.0,25.0,-4.161737986
38,V,C,-1.2205,303.0,28.0,-3.798469742
38,V,S,-1.8561,149.0,,-7.21916852
38,V,T,NS,,,
38,V,N,-1.5193,62.0,2.0,-5.316846991
38,V,Q,-1.6953,78.0,,-6.285402219
38,V,D,-1.0482,124.0,20.0,-2.994918896
38,V,E,-1.765,80.0,1.0,-6.684578775
38,V,H,-1.4123,27.0,,-4.754887502
38,V,K,-1.7259,88.0,,-6.459431619
38,V,R,-1.523,220.0,7.0,-5.336655472
39,L,*,-1.5765,384.0,10.0,-5.625685086
39,L,F,-0.7727,400.0,146.0,-1.816682311
39,L,W,-1.1308,387.0,48.0,-3.373877936
39,L,Y,-1.2441,164.0,14.0,-3.912847763
39,L,P,-1.4224,196.0,9.0,-4.807435523
39,L,M,-0.4707,175.0,141.0,-0.67431044
39,L,I,-0.0819,206.0,394.0,0.572900612
39,L,V,0.0235,373.0,876.0,0.869104559
39,L,A,-0.5953,338.0,199.0,-1.126905496
39,L,G,-1.991,409.0,2.0,-8.038607713
39,L,C,-0.8303,229.0,71.0,-2.052107349
39,L,S,-0.901,523.0,132.0,-2.348923697
39,L,T,-1.5193,310.0,10.0,-5.316846991
39,L,N,-1.5902,52.0,,-5.700439718
39,L,Q,-1.6873,294.0,5.0,-6.24039493
39,L,D,-1.6676,70.0,,-6.129283017
39,L,E,-1.8011,119.0,,-6.894817763
39,L,H,-1.5269,41.0,,-5.357552005
39,L,K,-1.9928,265.0,,-8.049848549
39,L,R,-2.0727,375.0,,-8.550746785
40,G,*,-1.7554,99.0,,-6.62935662
40,G,F,-1.8584,117.0,1.0,-7.2330154
40,G,W,-1.1826,105.0,11.0,-3.617464579
40,G,Y,-1.3986,40.0,2.0,-4.684578775
40,G,P,0.1211,21.0,59.0,1.127674946
40,G,M,-1.2798,17.0,,-4.087462841
40,G,I,-1.5269,41.0,,-5.357552005
40,G,L,-1.8793,164.0,,-7.357552005
40,G,V,-1.1978,281.0,28.0,-3.689722078
40,G,A,-0.0866,247.0,468.0,0.559346808
40,G,C,-0.4568,132.0,110.0,-0.625685086
40,G,S,0.0156,249.0,576.0,0.847272389
40,G,T,-0.1052,97.0,177.0,0.505042028
40,G,N,-0.3226,35.0,40.0,-0.170005602
40,G,Q,-0.4582,59.0,49.0,-0.630583885
40,G,D,-0.1804,98.0,153.0,0.280027318
40,G,E,-0.3997,90.0,86.0,-0.428239022
40,G,H,-0.5032,39.0,29.0,-0.790071904
40,G,K,NS,,13.0,
40,G,R,-0.692,226.0,103.0,-1.496329115
41,E,*,-1.1748,521.0,56.0,-3.58043532
41,E,F,-1.6054,557.0,13.0,-5.783744479
41,E,W,-1.2539,448.0,37.0,-3.960552237
41,E,Y,-0.6392,303.0,159.0,-1.292941708
41,E,P,-1.4831,407.0,15.0,-5.124645069
41,E,M,-2.0526,267.0,1.0,-8.423346612
41,E,I,-1.1647,162.0,18.0,-3.532575682
41,E,L,-1.6049,1283.0,30.0,-5.78106554
41,E,V,-1.2444,1161.0,99.0,-3.914446317
41,E,A,-1.3336,557.0,35.0,-4.354901181
41,E,G,-1.3843,1654.0,87.0,-4.611450703
41,E,C,-1.8763,378.0,3.0,-7.339930604
41,E,S,-0.6888,807.0,371.0,-1.483800167
41,E,T,-0.7045,538.0,237.0,-1.545369794
41,E,N,-1.1747,93.0,10.0,-3.579881396
41,E,Q,-0.4416,96.0,83.0,-0.57257375
41,E,D,-0.8588,718.0,205.0,-2.171010614
41,E,H,-0.9761,268.0,54.0,-2.673852368
41,E,K,-1.0989,211.0,29.0,-3.225768874
41,E,R,-1.4535,755.0,31.0,-4.968787204
42,V,*,-1.3616,193.0,11.0,-4.495676099
42,V,F,-0.6061,283.0,162.0,-1.16745892
42,V,W,-2.0328,315.0,,-8.299208018
42,V,Y,-1.6838,116.0,2.0,-6.220631675
42,V,P,-1.265,88.0,7.0,-4.014727377
42,V,M,-1.2307,56.0,5.0,-3.848077507
42,V,I,-0.1956,211.0,319.0,0.233662745
42,V,L,-0.7208,318.0,134.0,-1.609444445
42,V,A,-1.2795,634.0,48.0,-4.08602721
42,V,G,-1.4806,2043.0,76.0,-5.111196655
42,V,C,-2.0456,259.0,1.0,-8.379458968
42,V,S,-1.5618,545.0,15.0,-5.545872504
42,V,T,-1.9094,186.0,,-7.539158811
42,V,N,-1.5518,45.0,,-5.491853096
42,V,Q,-1.8656,155.0,,-7.276124405
42,V,D,-1.2412,406.0,35.0,-3.89870358
42,V,E,-1.9714,188.0,1.0,-7.917239532
42,V,H,-1.0493,8.0,,-3.0
42,V,K,NS,4.0,,
42,V,R,-2.0658,283.0,1.0,-8.507308923
43,N,*,-1.6806,401.0,7.0,-6.202754185
43,N,F,-0.1204,130.0,230.0,0.460471558
43,N,W,-0.144,219.0,369.0,0.390039266
43,N,Y,0.2999,35.0,133.0,1.563348738
43,N,P,-1.0493,8.0,,-3.0
43,N,M,0.2515,76.0,267.0,1.450117738
43,N,I,-0.0167,103.0,224.0,0.758203715
43,N,L,-0.0805,244.0,468.0,0.576976702
43,N,V,-0.0105,199.0,438.0,0.775511759
43,N,A,-0.3236,221.0,252.0,-0.173273316
43,N,G,-0.6686,375.0,182.0,-1.405602825
43,N,C,-0.192,128.0,195.0,0.244679634
43,N,S,0.0448,340.0,831.0,0.92666305
43,N,T,0.2372,58.0,199.0,1.415992945
43,N,Q,-0.1833,58.0,90.0,0.271221421
43,N,D,-0.0595,41.0,82.0,0.63734932
43,N,E,-0.4799,179.0,141.0,-0.706915105
43,N,H,-0.2615,58.0,76.0,0.027295838
43,N,K,-0.2416,122.0,167.0,0.090316275
43,N,R,-0.1941,393.0,596.0,0.238132338
44,I,*,-1.4364,458.0,20.0,-4.879926373
44,I,F,-0.0164,415.0,903.0,0.758963971
44,I,W,-0.4489,578.0,491.0,-0.597997148
44,I,Y,-0.1407,277.0,470.0,0.4001241
44,I,P,-2.0328,315.0,,-8.299208018
44,I,M,-0.4715,301.0,242.0,-0.67740712
44,I,L,-0.8083,839.0,277.0,-1.961435515
44,I,V,0.0785,800.0,2081.0,1.01655438
44,I,A,-1.017,377.0,67.0,-2.854982203
44,I,G,-1.3091,1564.0,107.0,-4.232208491
44,I,C,-0.8304,584.0,181.0,-2.052629352
44,I,S,-1.4179,750.0,35.0,-4.784114449
44,I,T,-0.8333,218.0,67.0,-2.064745814
44,I,N,-1.1393,174.0,21.0,-3.413276753
44,I,Q,-1.8321,135.0,,-7.076815597
44,I,D,-1.7401,507.0,7.0,-6.541137695
44,I,E,-2.0665,365.0,,-8.511752654
44,I,H,-1.6268,93.0,2.0,-5.901809491
44,I,K,-2.0169,294.0,,-8.199672345
44,I,R,-1.4086,1119.0,54.0,-4.735757499
45,N,*,-1.5938,287.0,7.0,-5.720202685
45,N,F,-1.049,87.0,14.0,-2.998239254
45,N,W,-1.4965,228.0,8.0,-5.195540694
45,N,Y,-0.9984,85.0,16.0,-2.772041616
45,N,P,-1.7398,93.0,,-6.539158811
45,N,M,-0.8113,110.0,36.0,-1.974085392
45,N,I,-0.9612,185.0,39.0,-2.608629922
45,N,L,-1.2718,283.0,22.0,-4.047877304
45,N,V,-2.0678,367.0,,-8.519636253
45,N,A,-0.4222,457.0,414.0,-0.505214078
45,N,G,0.2937,510.0,1919.0,1.549134879
45,N,C,-1.4622,352.0,14.0,-5.014727377
45,N,S,-0.3261,486.0,551.0,-0.181554675
45,N,T,-1.6421,296.0,6.0,-5.987141545
45,N,Q,-0.8231,158.0,50.0,-2.022575239
45,N,D,0.0272,137.0,324.0,0.87916724
45,N,E,-0.3727,277.0,282.0,-0.336841494
45,N,H,-0.5611,98.0,63.0,-1.000080601
45,N,K,-0.7543,177.0,68.0,-1.742793389
45,N,R,-1.467,614.0,24.0,-5.039783025
46,N,*,-1.421,130.0,6.0,-4.800055992
46,N,F,-1.6094,87.0,2.0,-5.805594176
46,N,W,-1.4322,29.0,,-4.857980995
46,N,Y,-0.6777,38.0,18.0,-1.440653192
46,N,P,-1.4017,26.0,,-4.700439718
46,N,M,-1.7451,95.0,,-6.569855608
46,N,I,-0.9945,126.0,24.0,-2.754968103
46,N,L,-1.9585,178.0,1.0,-7.838384111
46,N,V,-1.6001,210.0,5.0,-5.754968103
46,N,A,-0.9945,126.0,24.0,-2.754968103
46,N,G,0.3526,322.0,1329.0,1.682557831
46,N,C,-1.9701,187.0,1.0,-7.90954514
46,N,S,-0.068,89.0,175.0,0.612827001
46,N,T,-1.3332,143.0,9.0,-4.352597016
46,N,Q,-0.918,75.0,18.0,-2.421544369
46,N,D,-0.4086,218.0,204.0,-0.458409663
46,N,E,-0.5361,73.0,50.0,-0.908619049
46,N,H,-0.8787,193.0,52.0,-2.254667999
46,N,K,-0.8196,122.0,39.0,-2.007985799
46,N,R,-1.1551,157.0,18.0,-3.487346428
47,S,*,-0.9695,107.0,22.0,-2.644686048
47,S,F,-1.4594,32.0,,-5.0
47,S,W,NS,3.0,,
47,S,Y,NS,,2.0,
47,S,P,-0.2451,53.0,72.0,0.079353867
47,S,M,0.1801,26.0,81.0,1.276759605
47,S,I,-0.2456,14.0,19.0,0.077921911
47,S,L,-0.3152,111.0,129.0,-0.145839291
47,S,V,-0.1485,127.0,212.0,0.376585088
47,S,A,-0.0044,97.0,216.0,0.79232398
47,S,G,-1.4066,391.0,19.0,-4.725747964
47,S,C,-0.4794,71.0,56.0,-0.705042878
47,S,T,0.0507,87.0,215.0,0.942598674
47,S,N,-0.9264,47.0,11.0,-2.457807913
47,S,Q,NS,3.0,65.0,3.835501268
47,S,D,NS,4.0,28.0,2.444704242
47,S,E,0.9613,34.0,299.0,2.773888153
47,S,H,0.392,34.0,149.0,1.769054999
47,S,K,-0.1993,48.0,72.0,0.222311821
47,S,R,0.1267,80.0,227.0,1.141969712
48,V,*,-1.3766,148.0,8.0,-4.572104046
48,V,F,-1.0186,147.0,26.0,-2.861883307
48,V,W,-0.2204,150.0,215.0,0.156723479
48,V,Y,-0.5879,5.0,3.0,-1.099616274
48,V,P,-0.8212,44.0,14.0,-2.014727377
48,V,M,-0.1342,107.0,184.0,0.41944429
48,V,I,-0.324,158.0,180.0,-0.174578332
48,V,L,-0.5874,238.0,143.0,-1.097597107
48,V,A,-0.263,134.0,175.0,0.022471241
48,V,G,-1.2915,922.0,67.0,-4.14518443
48,V,C,-0.6854,194.0,90.0,-1.470710426
48,V,S,0.0158,512.0,1185.0,0.848020664
48,V,T,0.5432,23.0,125.0,2.079571648
48,V,N,-0.1465,34.0,57.0,0.382776493
48,V,Q,-0.4367,24.0,21.0,-0.555295758
48,V,D,-1.2054,247.0,24.0,-3.726055411
48,V,E,-1.4301,291.0,13.0,-4.847086305
48,V,H,-0.2913,53.0,65.0,-0.068203322
48,V,K,0.108,90.0,247.0,1.093863455
48,V,R,-0.2111,467.0,683.0,0.185812348
49,F,*,NS,,,
49,F,W,-0.5131,51.0,37.0,-0.825622657
49,F,Y,0.2079,15.0,49.0,1.345168568
49,F,P,-1.4991,37.0,,-5.209453366
49,F,M,-0.2114,13.0,19.0,0.184837115
49,F,I,-0.8417,30.0,9.0,-2.099616274
49,F,L,-0.4544,68.0,57.0,-0.617223507
49,F,V,-1.0526,44.0,7.0,-3.014727377
49,F,A,-1.6639,69.0,,-6.108524457
49,F,G,-1.841,140.0,,-7.129283017
49,F,C,-1.0377,24.0,4.0,-2.947613181
49,F,S,-0.5938,110.0,65.0,-1.121642581
49,F,T,-1.5458,44.0,,-5.459431619
49,F,N,NS,,,
49,F,Q,-1.0867,9.0,,-3.169925001
49,F,D,-1.4679,33.0,,-5.044394119
49,F,E,NS,,20.0,
49,F,H,-0.4236,72.0,65.0,-0.510207869
49,F,K,-0.8746,22.0,6.0,-2.237119798
49,F,R,-1.8921,173.0,,-7.434628228
50,K,*,-1.4488,958.0,40.0,-4.944604431
50,K,F,-1.6946,363.0,6.0,-6.281513917
50,K,W,-2.0585,274.0,1.0,-8.460682763
50,K,Y,-1.3087,219.0,15.0,-4.230547144
50,K,P,-1.9697,240.0,,-7.906890596
50,K,M,-2.0894,314.0,1.0,-8.657271429
50,K,I,-1.1922,266.0,27.0,-3.663045614
50,K,L,-1.4799,724.0,27.0,-5.107609065
50,K,V,-1.7336,988.0,14.0,-6.50366299
50,K,A,-1.3352,608.0,38.0,-4.36265068
50,K,G,-1.6328,1142.0,24.0,-5.935035115
50,K,C,-1.2539,448.0,37.0,-3.960552237
50,K,S,-1.1872,504.0,52.0,-3.639490886
50,K,T,-0.7854,423.0,149.0,-1.867996013
50,K,N,-0.5859,257.0,155.0,-1.092150824
50,K,Q,-0.6907,422.0,193.0,-1.491292832
50,K,D,-1.7997,184.0,2.0,-6.886212636
50,K,E,-0.9595,420.0,89.0,-2.601162767
50,K,H,0.3203,120.0,471.0,1.610041974
50,K,R,0.0089,1365.0,3118.0,0.829069297
51,Q,*,-0.8515,120.0,35.0,-2.140258259
51,Q,F,-1.8725,124.0,1.0,-7.316846991
51,Q,W,-1.7287,89.0,,-6.475733431
51,Q,Y,-1.5012,29.0,1.0,-5.220631675
51,Q,P,-1.8456,222.0,2.0,-7.157066547
51,Q,M,-1.5458,44.0,,-5.459431619
51,Q,I,-1.5938,82.0,2.0,-5.720202685
51,Q,L,-1.1057,409.0,55.0,-3.257248
51,Q,V,-1.6545,207.0,4.0,-6.056137638
51,Q,A,-1.3447,215.0,13.0,-4.410403812
51,Q,G,-1.8434,220.0,2.0,-7.144010394
51,Q,C,-1.7817,110.0,,-6.781359714
51,Q,S,-1.4697,155.0,6.0,-5.053812585
51,Q,T,-1.8478,112.0,1.0,-7.170005602
51,Q,N,-1.4315,45.0,2.0,-4.854503776
51,Q,D,-1.9349,161.0,1.0,-7.693567558
51,Q,E,-1.2386,138.0,12.0,-3.886212636
51,Q,H,-0.7397,130.0,52.0,-1.684578775
51,Q,K,-0.7884,63.0,22.0,-1.880498985
51,Q,R,-0.7905,409.0,142.0,-1.888860594
52,Y,*,-0.8249,54.0,17.0,-2.030075341
52,Y,F,-0.5611,182.0,117.0,-1.000080601
52,Y,W,-0.0716,42.0,82.0,0.602583902
52,Y,P,-1.6886,76.0,,-6.247927513
52,Y,M,-0.6667,82.0,40.0,-1.39827459
52,Y,I,-1.6123,44.0,1.0,-5.822082299
52,Y,L,-1.5534,176.0,5.0,-5.500154204
52,Y,V,-1.9416,213.0,,-7.73470962
52,Y,A,-1.2429,105.0,9.0,-3.906971196
52,Y,G,-1.9182,193.0,,-7.592457037
52,Y,C,-0.5935,93.0,55.0,-1.120449778
52,Y,S,-1.7505,151.0,2.0,-6.601055419
52,Y,T,-1.569,48.0,,-5.584962501
52,Y,N,-0.9274,30.0,7.0,-2.462186354
52,Y,Q,-1.5577,46.0,,-5.523561956
52,Y,D,0.0201,6.0,14.0,0.859741741
52,Y,E,-1.4761,34.0,,-5.087462841
52,Y,H,-0.5943,61.0,36.0,-1.123463016
52,Y,K,-1.6123,44.0,1.0,-5.822082299
52,Y,R,-1.5952,53.0,,-5.727920455
53,F,*,-1.5716,490.0,13.0,-5.598848901
53,F,W,-1.2833,388.0,29.0,-4.104582527
53,F,Y,-0.7493,77.0,30.0,-1.722546625
53,F,P,-1.7242,136.0,2.0,-6.450113521
53,F,M,-1.5846,198.0,5.0,-5.670079205
53,F,I,-1.0667,92.0,14.0,-3.078857714
53,F,L,-1.007,480.0,88.0,-2.810109657
53,F,V,-1.5876,841.0,21.0,-5.686295248
53,F,A,-1.7749,333.0,4.0,-6.742029047
53,F,G,-1.8979,827.0,6.0,-7.469431699
53,F,C,-1.5783,464.0,12.0,-5.635669175
53,F,S,-1.2336,475.0,42.0,-3.862116961
53,F,T,-1.3405,163.0,10.0,-4.38945074
53,F,N,-0.8329,26.0,8.0,-2.063090398
53,F,Q,-1.262,16.0,,-4.0
53,F,D,-2.0105,286.0,,-8.159871337
53,F,E,-1.7288,277.0,4.0,-6.476392846
53,F,H,-1.8132,125.0,,-6.965784285
53,F,K,-1.7351,71.0,1.0,-6.5123978
53,F,R,-1.4924,365.0,13.0,-5.173963616
54,F,*,-1.2567,110.0,9.0,-3.974085392
54,F,W,-0.3323,51.0,57.0,-0.202186008
54,F,Y,0.2947,108.0,407.0,1.551346802
54,F,P,-1.5064,38.0,,-5.247927513
54,F,M,-0.4172,36.0,33.0,-0.488181562
54,F,I,-1.0899,99.0,14.0,-3.184652378
54,F,L,-0.2522,400.0,535.0,0.056888211
54,F,V,-1.5667,296.0,8.0,-5.572104046
54,F,A,-1.686,117.0,2.0,-6.2330154
54,F,G,-1.8528,147.0,,-7.199672345
54,F,C,-1.3144,268.0,18.0,-4.258814869
54,F,S,-0.8703,210.0,58.0,-2.218915203
54,F,T,-0.8417,50.0,15.0,-2.099616274
54,F,N,-1.4416,30.0,,-4.906890596
54,F,Q,NS,,,
54,F,D,-1.9068,184.0,,-7.523561956
54,F,E,-1.5202,40.0,,-5.321928095
54,F,H,-1.2573,98.0,8.0,-3.977360524
54,F,K,-1.632,61.0,,-5.930737338
54,F,R,-1.4029,264.0,13.0,-4.706605081
55,E,*,-0.485,36.0,28.0,-0.72522076
55,E,F,-1.7171,85.0,,-6.409390936
55,E,W,-1.4336,68.0,3.0,-4.865151021
55,E,Y,-1.6049,55.0,,-5.781359714
55,E,P,-1.4123,27.0,,-4.754887502
55,E,M,NS,1.0,,
55,E,I,-1.1491,11.0,,-3.459431619
55,E,L,-2.0183,230.0,1.0,-8.208140731
55,E,V,-0.9757,114.0,23.0,-2.671978738
55,E,A,-1.2033,92.0,9.0,-3.716287635
55,E,G,-0.455,178.0,149.0,-0.619215591
55,E,C,-1.2223,14.0,,-3.807354922
55,E,S,-1.7287,89.0,,-6.475733431
55,E,T,-1.6033,85.0,2.0,-5.772041616
55,E,N,-1.0063,7.0,,-2.807354922
55,E,Q,-0.3393,10.0,11.0,-0.225147156
55,E,D,-0.5567,40.0,26.0,-0.984139057
55,E,H,NS,2.0,1.0,-1.36265068
55,E,K,-0.5379,44.0,30.0,-0.915191703
55,E,R,-1.2005,81.0,8.0,-3.702500683
56,T,*,-1.4507,31.0,,-4.95419631
56,T,F,-1.4123,27.0,,-4.754887502
56,T,W,-1.632,61.0,,-5.930737338
56,T,Y,-1.1491,11.0,,-3.459431619
56,T,P,-1.0403,127.0,21.0,-2.959017944
56,T,M,-1.6362,62.0,,-5.95419631
56,T,I,0.0201,15.0,35.0,0.859741741
56,T,L,-1.9207,195.0,,-7.607330314
56,T,V,-1.0513,169.0,27.0,-3.008642614
56,T,A,-0.9314,347.0,80.0,-2.479514438
56,T,G,-2.1165,354.0,1.0,-8.83025623
56,T,C,-1.262,16.0,,-4.0
56,T,S,-0.877,144.0,39.0,-2.247173463
56,T,N,-1.1284,8.0,1.0,-3.36265068
56,T,Q,-1.8434,110.0,1.0,-7.144010394
56,T,D,-1.6233,59.0,,-5.882643049
56,T,E,-1.4494,24.0,1.0,-4.947613181
56,T,H,-1.7817,110.0,,-6.781359714
56,T,K,-0.8208,113.0,36.0,-2.012904641
56,T,R,-1.1768,309.0,33.0,-3.589719589
57,K,*,-0.4944,25.0,19.0,-0.758579356
57,K,F,-1.3766,37.0,2.0,-4.572104046
57,K,W,-1.4986,201.0,7.0,-5.206347449
57,K,Y,-1.6994,185.0,3.0,-6.30906964
57,K,P,-0.8586,7.0,2.0,-2.170005602
57,K,M,-1.5334,42.0,,-5.392317423
57,K,I,NS,4.0,8.0,0.63734932
57,K,L,-1.9612,180.0,1.0,-7.854503776
57,K,V,-1.0377,54.0,9.0,-2.947613181
57,K,A,-1.0159,157.0,28.0,-2.849916507
57,K,G,-1.8574,233.0,2.0,-7.226836825
57,K,C,-1.2,13.0,,-3.700439718
57,K,S,-0.4884,105.0,81.0,-0.737046195
57,K,T,-0.3459,48.0,52.0,-0.247173463
57,K,N,-0.91,118.0,29.0,-2.387312734
57,K,Q,-0.7053,91.0,40.0,-1.548517225
57,K,D,-1.632,61.0,,-5.930737338
57,K,E,-0.257,34.0,45.0,0.041739575
57,K,H,NS,,5.0,
57,K,R,-0.0504,387.0,788.0,0.663211383
58,C,*,0.1957,10.0,32.0,1.315421225
58,C,F,-1.0729,67.0,10.0,-3.106811776
58,C,W,-0.6246,11.0,6.0,-1.237119798
58,C,Y,-0.0073,14.0,31.0,0.784190708
58,C,P,-1.4507,31.0,,-4.95419631
58,C,M,-1.4224,28.0,,-4.807354922
58,C,I,NS,,,
58,C,L,-1.7259,88.0,,-6.459431619
58,C,V,-1.6362,62.0,,-5.95419631
58,C,A,-1.2223,14.0,,-3.807354922
58,C,G,-0.8934,31.0,8.0,-2.316846991
58,C,S,0.2113,7.0,23.0,1.353556354
58,C,T,NS,1.0,,
58,C,N,NS,,,
58,C,Q,NS,2.0,,
58,C,D,-1.6362,62.0,,-5.95419631
58,C,E,-1.4507,31.0,,-4.95419631
58,C,H,-0.9558,6.0,,-2.584962501
58,C,K,NS,,,
58,C,R,-0.7678,100.0,37.0,-1.797053504
59,R,*,-0.8329,65.0,20.0,-2.063090398
59,R,F,-1.0752,27.0,4.0,-3.117538182
59,R,W,-1.8101,96.0,1.0,-6.947613181
59,R,Y,NS,,,
59,R,P,0.1549,56.0,167.0,1.21369869
59,R,M,-0.4505,26.0,22.0,-0.60365878
59,R,I,-0.1607,51.0,83.0,0.339963409
59,R,L,-0.1639,133.0,215.0,0.330259734
59,R,V,-0.222,70.0,100.0,0.151922493
59,R,A,0.6098,15.0,89.0,2.206192155
59,R,G,-0.4801,141.0,111.0,-0.707786166
59,R,C,NS,,,
59,R,S,-0.2854,169.0,210.0,-0.049284599
59,R,T,NS,4.0,8.0,0.63734932
59,R,N,NS,,,
59,R,Q,-0.3183,26.0,30.0,-0.156199803
59,R,D,-1.3907,25.0,,-4.64385619
59,R,E,-0.9863,128.0,25.0,-2.71879449
59,R,H,NS,1.0,2.0,0.63734932
59,R,K,0.1872,13.0,41.0,1.294461606
60,D,*,-0.8586,7.0,2.0,-2.170005602
60,D,F,-0.0881,18.0,34.0,0.55488716
60,D,W,NS,,,
60,D,Y,-0.1774,7.0,11.0,0.289426016
60,D,P,-0.3804,6.0,6.0,-0.36265068
60,D,M,NS,4.0,23.0,2.160911276
60,D,I,-0.0595,12.0,24.0,0.63734932
60,D,L,-0.3235,121.0,138.0,-0.172989461
60,D,V,0.1256,137.0,388.0,1.139230079
60,D,A,-0.2636,253.0,330.0,0.020677959
60,D,G,-0.7211,228.0,96.0,-1.610578194
60,D,C,-0.8164,62.0,20.0,-1.994918896
60,D,S,-0.0136,48.0,105.0,0.766632337
60,D,T,0.7945,5.0,37.0,2.524874591
60,D,N,0.535,8.0,43.0,2.063614075
60,D,Q,0.4284,8.0,37.0,1.846802685
60,D,E,-0.0065,101.0,224.0,0.786492759
60,D,H,NS,2.0,2.0,-0.36265068
60,D,K,NS,,22.0,
60,D,R,-0.8746,11.0,3.0,-2.237119798
61,P,*,NS,,,
61,P,F,-1.0723,42.0,2.0,-3.567243765
61,P,W,-0.5799,29.0,6.0,-1.447944836
61,P,Y,NS,1.0,17.0,3.835501268
61,P,M,-0.6421,63.0,11.0,-1.692774647
61,P,I,NS,2.0,10.0,3.147001753
61,P,L,-0.1296,81.0,50.0,0.129079845
61,P,V,-0.4835,75.0,20.0,-1.081816937
61,P,A,-0.5706,66.0,14.0,-1.411965539
61,P,G,-0.447,41.0,12.0,-0.947515846
61,P,C,-0.4484,24.0,7.0,-0.95253392
61,P,S,0.0165,80.0,67.0,0.569234754
61,P,T,0.5912,9.0,20.0,1.977076752
61,P,N,NS,,,
61,P,Q,-0.1096,45.0,29.0,0.191201557
61,P,D,NS,,,
61,P,E,NS,,,
61,P,H,-0.9497,8.0,,-3.0
61,P,K,NS,1.0,3.0,2.410036159
61,P,R,0.1751,59.0,67.0,1.008519799
62,T,*,-1.6481,96.0,,-6.584962501
62,T,F,-0.6402,188.0,33.0,-1.685121074
62,T,W,-0.4602,106.0,30.0,-0.995956201
62,T,Y,0.1129,91.0,92.0,0.840840974
62,T,P,0.0167,111.0,93.0,0.569816603
62,T,M,-0.1155,55.0,35.0,0.172996962
62,T,I,0.5919,49.0,109.0,1.978548139
62,T,L,-0.0072,243.0,194.0,0.500173997
62,T,V,0.0723,185.0,173.0,0.728320425
62,T,A,-0.129,453.0,280.0,0.130989435
62,T,G,-0.2848,529.0,230.0,-0.376560203
62,T,C,-0.0044,137.0,110.0,0.508401289
62,T,S,0.1474,317.0,342.0,0.934587143
62,T,N,0.0478,138.0,123.0,0.659063707
62,T,Q,0.1521,34.0,37.0,0.947064183
62,T,D,-0.1056,100.0,65.0,0.203585282
62,T,E,-0.35,137.0,51.0,-0.600533083
62,T,H,-0.0167,106.0,83.0,0.472192635
62,T,K,0.3254,90.0,133.0,1.388502997
62,T,R,-0.0837,301.0,205.0,0.270934081
63,P,*,-0.6162,64.0,12.0,-1.589963841
63,P,F,0.9084,10.0,33.0,2.547539683
63,P,W,-0.5027,67.0,17.0,-1.153552691
63,P,Y,-0.0477,113.0,83.0,0.379934127
63,P,M,0.0516,49.0,44.0,0.669795433
63,P,I,0.399,21.0,35.0,1.562039252
63,P,L,-0.0982,318.0,210.0,0.226436221
63,P,V,0.1032,133.0,132.0,0.814185342
63,P,A,0.1326,81.0,85.0,0.894614592
63,P,G,-0.0977,180.0,119.0,0.228038325
63,P,C,0.5343,41.0,84.0,1.859839076
63,P,S,0.1331,139.0,146.0,0.895957144
63,P,T,-0.2345,219.0,107.0,-0.208246415
63,P,N,-0.7601,128.0,16.0,-2.174926342
63,P,Q,-0.1838,115.0,63.0,-0.043136469
63,P,D,0.1343,19.0,20.0,0.89907424
63,P,E,0.0193,95.0,80.0,0.577146145
63,P,H,0.9905,5.0,18.0,2.673070565
63,P,K,-0.0113,72.0,57.0,0.488038671
63,P,R,0.0859,175.0,168.0,0.766179969
64,V,*,-0.9457,42.0,3.0,-2.982281264
64,V,F,-0.1667,311.0,177.0,0.011908438
64,V,W,-0.178,191.0,106.0,-0.024434715
64,V,Y,0.0754,118.0,111.0,0.736846475
64,V,P,0.1484,99.0,107.0,0.937184025
64,V,M,0.1072,109.0,109.0,0.825073658
64,V,I,0.033,119.0,103.0,0.616756422
64,V,L,0.2025,243.0,290.0,1.080170245
64,V,A,0.3174,203.0,296.0,1.369191107
64,V,G,-0.081,762.0,522.0,0.279332467
64,V,C,-0.2489,311.0,147.0,-0.256024767
64,V,S,0.0582,332.0,302.0,0.688438966
64,V,T,-0.0841,169.0,115.0,0.269684273
64,V,N,0.6917,55.0,140.0,2.172996962
64,V,Q,-0.0807,89.0,61.0,0.280077565
64,V,D,0.1819,167.0,192.0,1.026331867
64,V,E,-0.1351,182.0,111.0,0.111694884
64,V,H,-0.3155,136.0,55.0,-0.481029469
64,V,K,0.0766,35.0,33.0,0.740184761
64,V,R,0.0053,541.0,443.0,0.536751763
65,D,*,-1.4394,76.0,1.0,-5.422853855
65,D,F,-0.4835,120.0,32.0,-1.081816937
65,D,W,-0.2508,102.0,48.0,-0.262389183
65,D,Y,-0.0032,123.0,99.0,0.511915773
65,D,P,-0.0938,60.0,40.0,0.240111158
65,D,M,-0.0754,88.0,61.0,0.296379377
65,D,I,0.404,25.0,42.0,1.573534891
65,D,L,-0.1874,322.0,175.0,-0.054632108
65,D,V,-0.0288,961.0,734.0,0.43631729
65,D,A,0.1095,226.0,227.0,0.831443183
65,D,G,-0.0425,738.0,548.0,0.395628735
65,D,C,-0.1704,163.0,92.0,-9.25e-05
65,D,S,-0.0515,317.0,231.0,0.36848367
65,D,T,0.4101,79.0,134.0,1.587382101
65,D,N,0.4347,76.0,134.0,1.643235335
65,D,Q,0.0074,45.0,37.0,0.542673928
65,D,E,-0.138,264.0,160.0,0.102607634
65,D,H,-0.0955,140.0,93.0,0.234949452
65,D,K,0.2681,47.0,63.0,1.24776473
65,D,R,-0.0964,457.0,303.0,0.232197287
66,S,*,-1.0923,314.0,14.0,-3.662192169
66,S,F,-0.6116,237.0,45.0,-1.571816494
66,S,W,-1.325,150.0,3.0,-4.818782531
66,S,Y,-0.3116,147.0,60.0,-0.467708091
66,S,P,0.0078,175.0,144.0,0.543787548
66,S,M,-0.2602,215.0,99.0,-0.293762571
66,S,I,-0.8638,272.0,25.0,-2.618532993
66,S,L,-0.7866,389.0,45.0,-2.28669959
66,S,V,-0.2666,518.0,235.0,-0.315217683
66,S,A,-0.0459,434.0,320.0,0.385450521
66,S,G,0.1623,422.0,468.0,0.974339189
66,S,C,-0.2848,184.0,80.0,-0.376560203
66,S,T,-0.0167,258.0,202.0,0.472057886
66,S,N,0.46,54.0,99.0,1.699542776
66,S,Q,0.3476,75.0,115.0,1.441745019
66,S,D,-0.0282,136.0,104.0,0.438050535
66,S,E,-0.4284,427.0,131.0,-0.8795956
66,S,H,0.2223,131.0,162.0,1.13150066
66,S,K,0.0764,87.0,82.0,0.739682167
66,S,R,-0.1652,627.0,358.0,0.016567803
67,G,*,-1.7218,229.0,1.0,-7.01413013
67,G,F,-1.2154,34.0,1.0,-4.262389183
67,G,W,-1.2266,106.0,3.0,-4.317884296
67,G,Y,-1.06,121.0,6.0,-3.508827078
67,G,P,-0.3981,136.0,45.0,-0.770536087
67,G,M,-1.1978,128.0,4.0,-4.174926342
67,G,I,-1.0494,11.0,,-3.459431619
67,G,L,-1.2004,226.0,7.0,-4.187750382
67,G,V,-0.8991,206.0,17.0,-2.773964028
67,G,A,0.0056,332.0,272.0,0.537497068
67,G,C,-0.3753,260.0,91.0,-0.689499515
67,G,S,-0.6177,241.0,45.0,-1.595962582
67,G,T,-0.8959,48.0,4.0,-2.759888842
67,G,N,-0.3469,56.0,21.0,-0.589963841
67,G,Q,-0.3029,36.0,15.0,-0.437960748
67,G,D,-0.4541,160.0,46.0,-0.973292481
67,G,E,-1.6865,112.0,,-6.807354922
67,G,H,-0.2562,71.0,33.0,-0.280279342
67,G,K,-0.3234,63.0,25.0,-0.508350075
67,G,R,-0.7402,506.0,67.0,-2.091830726
68,C,*,-1.1383,758.0,29.0,-3.882999385
68,C,F,-1.4312,811.0,11.0,-5.379052827
68,C,W,-1.3148,868.0,18.0,-4.766552573
68,C,Y,-1.0836,523.0,24.0,-3.620630977
68,C,P,-0.2478,652.0,309.0,-0.252191468
68,C,M,-1.1508,518.0,19.0,-3.943807116
68,C,I,-0.8096,518.0,56.0,-2.384379707
68,C,L,-1.3112,1523.0,32.0,-4.747626568
68,C,V,-0.8399,1367.0,135.0,-2.514908272
68,C,A,-1.2296,1250.0,35.0,-4.333355704
68,C,G,-1.5569,2020.0,17.0,-6.067603078
68,C,S,-1.2743,1837.0,44.0,-4.558630634
68,C,T,-1.4576,651.0,8.0,-5.521440075
68,C,N,-1.2917,222.0,5.0,-4.647414113
68,C,Q,-1.5003,478.0,5.0,-5.753865055
68,C,D,-1.665,546.0,3.0,-6.682720982
68,C,E,-1.1519,602.0,22.0,-3.9491144
68,C,H,-1.258,276.0,7.0,-4.476095876
68,C,K,-1.9669,365.0,,-8.511752654
68,C,R,-1.3052,2190.0,47.0,-4.717052645
69,R,*,-1.3204,1033.0,21.0,-4.795233458
69,R,F,-0.9061,520.0,42.0,-2.804976732
69,R,W,-1.1415,872.0,33.0,-3.898716547
69,R,Y,-0.2638,254.0,116.0,-0.305630033
69,R,P,-0.8381,725.0,72.0,-2.506838525
69,R,M,-0.1937,502.0,269.0,-0.075007533
69,R,I,0.0627,292.0,268.0,0.70133829
69,R,L,-0.3819,1417.0,488.0,-0.712813047
69,R,V,0.0514,1163.0,1044.0,0.669344273
69,R,A,0.2361,763.0,967.0,1.166906491
69,R,G,-0.467,1880.0,523.0,-1.020776152
69,R,C,-0.0193,588.0,458.0,0.464605102
69,R,S,-0.0015,1575.0,1272.0,0.5168205
69,R,T,0.1399,627.0,667.0,0.914294977
69,R,N,-0.3596,418.0,152.0,-0.63435796
69,R,Q,-0.0324,401.0,304.0,0.425542745
69,R,D,-1.1155,218.0,9.0,-3.773185665
69,R,E,-0.4298,314.0,96.0,-0.88458459
69,R,H,0.0259,225.0,192.0,0.596254968
69,R,K,0.1165,444.0,452.0,0.850836754
70,G,*,-1.1656,344.0,12.0,-4.016228596
70,G,F,-1.3835,371.0,6.0,-5.125239218
70,G,W,-1.2712,537.0,13.0,-4.543264902
70,G,Y,-1.2238,175.0,5.0,-4.304209359
70,G,P,-0.2896,214.0,92.0,-0.392831372
70,G,M,-0.3832,134.0,46.0,-0.717453576
70,G,I,-0.6756,220.0,35.0,-1.827003038
70,G,L,-0.8331,615.0,62.0,-2.485172632
70,G,V,-0.2561,968.0,450.0,-0.280008388
70,G,A,-0.1274,703.0,436.0,0.135877104
70,G,C,-0.5483,311.0,70.0,-1.326414095
70,G,S,-0.3021,666.0,278.0,-0.435363636
70,G,T,-1.0975,502.0,22.0,-3.687038277
70,G,N,0.3464,132.0,202.0,1.438891022
70,G,Q,-0.7558,79.0,10.0,-2.156778995
70,G,D,-1.1073,330.0,14.0,-3.733893634
70,G,E,-0.9268,264.0,20.0,-2.897392366
70,G,H,-0.2809,98.0,43.0,-0.363371431
70,G,K,-1.187,185.0,6.0,-4.121345302
70,G,R,-1.2834,733.0,17.0,-4.605132889
71,I,*,-1.5626,243.0,2.0,-6.099738845
71,I,F,-0.2378,165.0,80.0,-0.219320461
71,I,W,-0.7536,212.0,27.0,-2.147959294
71,I,Y,0.222,89.0,110.0,1.130699941
71,I,P,-1.6744,189.0,1.0,-6.737168766
71,I,M,0.1676,175.0,196.0,0.988572391
71,I,L,-0.2083,430.0,223.0,-0.122219291
71,I,V,0.1319,521.0,546.0,0.892691237
71,I,A,-0.0943,479.0,319.0,0.238604426
71,I,G,-1.071,711.0,34.0,-3.56116925
71,I,C,-1.0771,192.0,9.0,-3.589963841
71,I,S,-0.3692,456.0,162.0,-0.667966353
71,I,T,0.1895,169.0,197.0,1.046246041
71,I,N,-0.6252,82.0,15.0,-1.625587751
71,I,Q,-0.6859,110.0,17.0,-1.868823214
71,I,D,-1.6181,151.0,1.0,-6.413331081
71,I,E,-1.9141,290.0,,-8.17990909
71,I,H,-0.3071,80.0,33.0,-0.452460317
71,I,K,-1.4692,170.0,2.0,-5.584317278
71,I,R,-1.1857,798.0,26.0,-4.11473156
72,D,*,-1.2383,184.0,5.0,-4.376560203
72,D,F,-0.6918,125.0,19.0,-1.892783113
72,D,W,-0.7148,295.0,42.0,-1.987180063
72,D,Y,-0.5005,145.0,37.0,-1.145382066
72,D,P,-0.9934,179.0,11.0,-3.1993105
72,D,M,-1.0034,168.0,10.0,-3.24531567
72,D,I,-1.5679,70.0,,-6.129283017
72,D,L,-1.073,442.0,21.0,-3.570511478
72,D,V,-0.9901,483.0,30.0,-3.183915125
72,D,A,-0.1081,283.0,183.0,0.196115254
72,D,G,-0.6481,891.0,153.0,-1.716820121
72,D,C,-1.7691,157.0,,-7.294620749
72,D,S,-0.5001,368.0,94.0,-1.143899446
72,D,T,-0.9514,228.0,16.0,-3.007816356
72,D,N,-0.1698,161.0,91.0,0.00195142
72,D,Q,-0.8807,126.0,11.0,-2.692774647
72,D,E,-0.2793,252.0,111.0,-0.357790399
72,D,H,0.6096,25.0,57.0,2.014107483
72,D,K,-0.6383,102.0,18.0,-1.677426682
72,D,R,-0.8574,555.0,52.0,-2.590830585
73,S,*,-0.8619,357.0,33.0,-2.610312486
73,S,F,-0.4156,221.0,70.0,-0.833545884
73,S,W,-0.3839,178.0,61.0,-0.719922435
73,S,Y,-0.0573,75.0,54.0,0.35114247
73,S,P,0.2839,159.0,219.0,1.286977763
73,S,M,-0.1522,97.0,57.0,0.05805083
73,S,I,-0.2886,181.0,78.0,-0.38937001
73,S,L,-0.2283,452.0,224.0,-0.187750382
73,S,V,0.2259,184.0,229.0,1.14071549
73,S,A,-0.0488,393.0,288.0,0.376613157
73,S,G,0.0991,394.0,388.0,0.802934681
73,S,C,-1.2431,262.0,7.0,-4.400994421
73,S,T,-0.1184,234.0,148.0,0.164162304
73,S,N,-0.0642,124.0,88.0,0.330308967
73,S,Q,0.1665,136.0,152.0,0.98553833
73,S,D,-0.2402,197.0,95.0,-0.227122553
73,S,E,0.1521,204.0,222.0,0.947064183
73,S,H,0.3229,70.0,103.0,1.382291169
73,S,K,0.287,104.0,144.0,1.294558942
73,S,R,0.0477,505.0,450.0,0.658715272
74,K,*,-0.9484,367.0,26.0,-2.994122876
74,K,F,-0.085,53.0,36.0,0.267078205
74,K,W,-1.1046,327.0,14.0,-3.720718245
74,K,Y,-0.6487,105.0,18.0,-1.719246858
74,K,P,-0.3242,202.0,80.0,-0.51120973
74,K,M,-0.3373,185.0,71.0,-0.556560683
74,K,I,-0.2387,31.0,15.0,-0.222232056
74,K,L,-0.5148,598.0,147.0,-1.199255671
74,K,V,-0.4218,327.0,102.0,-0.855647825
74,K,A,-0.0557,299.0,216.0,0.355959486
74,K,G,-0.1285,640.0,396.0,0.132502183
74,K,C,-1.2085,166.0,5.0,-4.228037678
74,K,S,-0.0135,236.0,186.0,0.48158942
74,K,T,0.7514,67.0,184.0,2.282546424
74,K,N,-0.1532,278.0,163.0,0.05486074
74,K,Q,0.1281,148.0,154.0,0.882406833
74,K,D,-0.1426,150.0,90.0,0.088108064
74,K,E,-0.1241,325.0,203.0,0.146113668
74,K,H,0.0594,34.0,31.0,0.691807127
74,K,R,0.1211,520.0,534.0,0.863401777
75,H,*,-1.1818,212.0,7.0,-4.095491874
75,H,F,-0.2544,105.0,49.0,-0.274462015
75,H,W,-0.2387,124.0,60.0,-0.222232057
75,H,Y,0.1249,117.0,121.0,0.873572176
75,H,P,-1.099,321.0,14.0,-3.694000907
75,H,M,-0.1657,135.0,77.0,0.015044602
75,H,I,0.496,47.0,91.0,1.778279447
75,H,L,0.067,429.0,397.0,0.713235018
75,H,V,0.0115,240.0,199.0,0.554807683
75,H,A,0.1041,171.0,170.0,0.81661208
75,H,G,0.1293,374.0,390.0,0.885509512
75,H,C,-0.5924,150.0,30.0,-1.496854437
75,H,S,0.0155,402.0,336.0,0.56633939
75,H,T,0.2032,159.0,190.0,1.082046311
75,H,N,0.2121,98.0,119.0,1.105181577
75,H,Q,-0.2402,253.0,122.0,-0.227182579
75,H,D,0.2568,105.0,138.0,1.219352597
75,H,E,0.1119,111.0,112.0,0.838012714
75,H,K,0.0355,123.0,107.0,0.624026139
75,H,R,-0.0582,455.0,327.0,0.348497749
76,W,*,-0.8207,478.0,50.0,-2.43193696
76,W,F,0.0658,261.0,241.0,0.710056998
76,W,Y,0.4734,70.0,131.0,1.729213643
76,W,P,-0.3111,208.0,85.0,-0.465975124
76,W,M,0.5777,72.0,157.0,1.949769406
76,W,I,-0.7623,153.0,19.0,-2.184386671
76,W,L,-0.2668,538.0,244.0,-0.315651367
76,W,V,-0.9254,565.0,43.0,-2.890768644
76,W,A,-0.2321,515.0,253.0,-0.200361389
76,W,G,0.1366,872.0,922.0,0.905512274
76,W,C,-0.6635,237.0,39.0,-1.778267372
76,W,S,-0.1985,664.0,352.0,-0.090534154
76,W,T,-0.2404,278.0,134.0,-0.227778224
76,W,N,-0.115,135.0,86.0,0.174522816
76,W,Q,0.0515,88.0,79.0,0.669422788
76,W,D,0.0968,51.0,50.0,0.796504506
76,W,E,0.1105,157.0,158.0,0.834233658
76,W,H,0.2792,71.0,97.0,1.275239381
76,W,K,-0.086,149.0,101.0,0.264116621
76,W,R,-0.2508,612.0,288.0,-0.262389183
77,N,*,-1.1956,127.0,4.0,-4.163611028
77,N,F,-0.6875,130.0,20.0,-1.87536606
77,N,W,-1.6295,158.0,1.0,-6.47870709
77,N,Y,-0.6311,100.0,18.0,-1.64885753
77,N,P,-0.4867,121.0,32.0,-1.093789579
77,N,M,-0.5786,236.0,49.0,-1.442859547
77,N,I,-0.7073,165.0,24.0,-1.956286055
77,N,L,-0.5486,289.0,65.0,-1.327484211
77,N,V,-0.8867,280.0,24.0,-2.719246858
77,N,A,0.1867,169.0,196.0,1.038904066
77,N,G,0.2732,389.0,526.0,1.260366303
77,N,C,-1.4784,88.0,1.0,-5.63435796
77,N,S,-0.1897,442.0,239.0,-0.061962093
77,N,T,-0.0832,132.0,90.0,0.272532635
77,N,Q,0.1072,51.0,51.0,0.825073658
77,N,D,0.0069,168.0,138.0,0.541280692
77,N,E,-0.0928,229.0,153.0,0.243257713
77,N,H,-0.4244,142.0,44.0,-0.865241843
77,N,K,0.0895,120.0,116.0,0.776164058
77,N,R,-0.0445,426.0,315.0,0.389572056
78,S,*,-1.0984,389.0,17.0,-3.691089845
78,S,F,-1.2656,324.0,8.0,-4.514776345
78,S,W,-1.5125,601.0,6.0,-5.821185022
78,S,Y,-1.3476,217.0,4.0,-4.936477574
78,S,P,-0.8959,228.0,19.0,-2.759888842
78,S,M,-1.758,150.0,,-7.228818691
78,S,I,-1.8258,199.0,,-7.636624621
78,S,L,-1.8545,796.0,2.0,-7.811550962
78,S,V,-1.5498,925.0,8.0,-6.028235897
78,S,A,-0.3929,937.0,314.0,-0.75221083
78,S,G,-0.7177,2252.0,318.0,-1.999034499
78,S,C,-1.3612,570.0,10.0,-5.007816356
78,S,T,-0.6615,272.0,45.0,-1.770536087
78,S,N,-0.1581,100.0,58.0,0.039198464
78,S,Q,-0.4995,86.0,22.0,-1.141759478
78,S,D,-1.3087,283.0,6.0,-4.734622084
78,S,E,-1.3734,417.0,7.0,-5.071474993
78,S,H,0.128,99.0,103.0,0.882217565
78,S,K,-1.4411,153.0,2.0,-5.432314184
78,S,R,-1.1968,829.0,26.0,-4.169714915
79,Y,*,-1.0888,399.0,18.0,-3.645246277
79,Y,F,-0.0225,137.0,106.0,0.45496203
79,Y,W,-0.2179,136.0,69.0,-0.153864726
79,Y,P,-1.6263,156.0,1.0,-6.460328561
79,Y,M,-0.1441,102.0,61.0,0.083385654
79,Y,I,-0.3823,218.0,75.0,-0.714291976
79,Y,L,0.3791,311.0,502.0,1.515846442
79,Y,V,-0.1333,307.0,188.0,0.117567665
79,Y,A,0.1409,289.0,308.0,0.916934516
79,Y,G,0.1434,593.0,635.0,0.923798145
79,Y,C,0.5119,114.0,226.0,1.812362607
79,Y,S,0.246,373.0,481.0,1.191934922
79,Y,T,0.2122,233.0,283.0,1.105545756
79,Y,N,-0.0093,156.0,124.0,0.49386775
79,Y,Q,0.712,31.0,81.0,2.210727351
79,Y,D,0.3914,99.0,163.0,1.544445192
79,Y,E,0.2351,117.0,148.0,1.164162304
79,Y,H,0.5018,64.0,125.0,1.790857943
79,Y,K,-0.2198,382.0,193.0,-0.159898132
79,Y,R,0.2351,430.0,544.0,1.16434365
80,C,*,-1.0045,725.0,43.0,-3.250498772
80,C,F,-1.3155,290.0,6.0,-4.769872931
80,C,W,-1.3908,381.0,6.0,-5.163611029
80,C,Y,-0.8096,333.0,36.0,-2.384379707
80,C,P,-1.2444,188.0,5.0,-4.407587099
80,C,M,-0.9049,222.0,18.0,-2.799417207
80,C,I,-1.4684,339.0,4.0,-5.580067805
80,C,L,-1.4545,965.0,12.0,-5.504348973
80,C,V,-1.3776,726.0,12.0,-5.093789579
80,C,A,-1.7196,454.0,2.0,-7.001474829
80,C,G,-1.2876,919.0,21.0,-4.62652997
80,C,S,-1.3092,898.0,19.0,-4.737570463
80,C,T,-1.9987,420.0,,-8.714245518
80,C,N,-1.6595,178.0,1.0,-6.650659773
80,C,Q,-1.7766,162.0,,-7.339850003
80,C,D,-1.0199,124.0,7.0,-3.32176773
80,C,E,-1.991,406.0,,-8.665335917
80,C,H,-1.9438,330.0,,-8.366322214
80,C,K,-1.7781,163.0,,-7.348728154
80,C,R,-1.0241,1149.0,64.0,-3.341089424
81,T,*,-1.0996,919.0,40.0,-3.696919298
81,T,F,-1.245,942.0,25.0,-4.410653402
81,T,W,-1.4168,1188.0,17.0,-5.301782621
81,T,Y,-1.4671,506.0,6.0,-5.572957416
81,T,P,-1.2179,583.0,17.0,-4.274815574
81,T,M,-0.2771,454.0,201.0,-0.350423138
81,T,I,-0.9363,571.0,42.0,-2.939955854
81,T,L,-0.5164,1699.0,416.0,-1.204956761
81,T,V,-1.0961,1794.0,79.0,-3.680109768
81,T,A,0.119,875.0,895.0,0.857678324
81,T,G,0.1346,3544.0,3733.0,0.900030563
81,T,C,-1.6228,1077.0,7.0,-6.440373954
81,T,S,0.1787,1525.0,1743.0,1.017836985
81,T,N,0.2146,496.0,605.0,1.11166868
81,T,Q,0.2242,303.0,376.0,1.136488526
81,T,D,0.4095,596.0,1010.0,1.586044715
81,T,E,0.2307,768.0,964.0,1.153000494
81,T,H,0.2489,412.0,534.0,1.199269063
81,T,K,0.1138,391.0,396.0,0.843405481
81,T,R,0.0939,2035.0,1984.0,0.78845689
82,T,*,-1.9431,329.0,,-8.361943774
82,T,F,-1.8905,262.0,,-8.033423002
82,T,W,-1.2912,133.0,3.0,-4.645246277
82,T,Y,-1.5147,101.0,1.0,-5.833137824
82,T,P,0.0993,202.0,199.0,0.803486796
82,T,M,-0.7809,68.0,8.0,-2.262389183
82,T,I,-0.5195,70.0,17.0,-1.216746517
82,T,L,-1.1895,311.0,10.0,-4.133769017
82,T,V,-0.8617,400.0,37.0,-2.609329166
82,T,A,-0.0566,441.0,318.0,0.353321768
82,T,G,-0.1658,456.0,260.0,0.014551457
82,T,C,-1.8363,208.0,,-7.700439718
82,T,S,-0.1367,510.0,310.0,0.106844627
82,T,N,-0.0489,202.0,148.0,0.376315541
82,T,Q,0.1004,155.0,153.0,0.806337096
82,T,D,-0.6982,268.0,40.0,-1.919087437
82,T,E,-0.2916,229.0,98.0,-0.399420286
82,T,H,-0.421,96.0,30.0,-0.852998247
82,T,K,-0.9092,150.0,12.0,-2.818782531
82,T,R,-1.288,526.0,12.0,-4.62888283
83,T,*,-1.0795,172.0,8.0,-3.601191096
83,T,F,-1.6078,145.0,1.0,-6.354835432
83,T,W,-1.6552,175.0,1.0,-6.626137454
83,T,Y,-1.0723,105.0,5.0,-3.567243765
83,T,P,-1.3296,305.0,6.0,-4.842629273
83,T,M,-0.5402,200.0,46.0,-1.295220575
83,T,I,-0.9057,136.0,11.0,-2.802957564
83,T,L,-0.4633,349.0,98.0,-1.007299724
83,T,V,-1.104,373.0,16.0,-3.717958162
83,T,A,-0.2585,385.0,178.0,-0.287907546
83,T,G,-0.2896,821.0,353.0,-0.39264038
83,T,C,-1.9076,282.0,,-8.139551352
83,T,S,0.1113,376.0,379.0,0.836538845
83,T,N,0.6569,51.0,124.0,2.106844627
83,T,Q,NS,1.0,48.0,3.835501268
83,T,D,0.3644,125.0,197.0,1.481341193
83,T,E,0.1072,219.0,219.0,0.825073658
83,T,H,0.4031,31.0,52.0,1.571317066
83,T,K,0.4432,75.0,134.0,1.662344158
83,T,R,0.0618,596.0,546.0,0.698662279
84,H,*,-1.5923,77.0,,-6.266786541
84,H,F,-1.5407,63.0,,-5.977279924
84,H,W,-1.4802,50.0,,-5.64385619
84,H,Y,-0.606,83.0,16.0,-1.549965773
84,H,P,-0.6743,119.0,19.0,-1.821816592
84,H,M,-1.4905,52.0,,-5.700439718
84,H,I,-1.02,10.0,,-3.321928095
84,H,L,-0.5147,61.0,15.0,-1.198773084
84,H,V,-1.843,214.0,,-7.741466986
84,H,A,-0.9909,113.0,7.0,-3.187750382
84,H,G,0.2191,405.0,498.0,1.123297493
84,H,C,-1.3843,124.0,2.0,-5.129122652
84,H,S,0.5923,62.0,138.0,1.979401805
84,H,T,-0.7344,52.0,7.0,-2.068011138
84,H,N,-0.1812,49.0,27.0,-0.034748684
84,H,Q,-0.0325,62.0,47.0,0.4254662
84,H,D,-0.2701,20.0,9.0,-0.326929435
84,H,E,-0.8244,29.0,3.0,-2.447944836
84,H,K,-0.3156,47.0,19.0,-0.48158768
84,H,R,-0.3188,339.0,136.0,-0.492604964
85,T,*,-1.1923,157.0,5.0,-4.147618996
85,T,F,-0.993,65.0,4.0,-3.197294155
85,T,W,-1.9257,305.0,,-8.252665432
85,T,Y,-1.758,150.0,,-7.228818691
85,T,P,-1.0752,106.0,5.0,-3.580918701
85,T,M,-1.6144,84.0,,-6.392317423
85,T,I,-0.5756,86.0,18.0,-1.431266095
85,T,L,-1.9916,407.0,,-8.668884984
85,T,V,-1.2349,291.0,8.0,-4.359801685
85,T,A,0.0323,442.0,382.0,0.614599927
85,T,G,0.2523,668.0,871.0,1.207898274
85,T,C,-1.8786,249.0,,-7.960001932
85,T,S,0.1852,479.0,554.0,1.034933979
85,T,N,-0.258,121.0,56.0,-0.286434657
85,T,Q,-0.2551,176.0,82.0,-0.276805956
85,T,D,-1.5856,75.0,,-6.228818691
85,T,E,-1.5988,79.0,,-6.303780748
85,T,H,-0.309,112.0,46.0,-0.458719308
85,T,K,-1.0071,102.0,6.0,-3.262389183
85,T,R,-1.3277,505.0,10.0,-4.833137824
86,F,*,-1.6144,84.0,,-6.392317423
86,F,W,0.428,47.0,82.0,1.628036811
86,F,Y,0.5452,49.0,102.0,1.882789156
86,F,P,-1.3682,33.0,,-5.044394119
86,F,M,NS,,3.0,
86,F,I,-0.9281,106.0,8.0,-2.902846796
86,F,L,-0.2618,194.0,89.0,-0.299105753
86,F,V,-1.6583,100.0,,-6.64385619
86,F,A,-1.5014,96.0,1.0,-5.759888842
86,F,G,-1.8186,342.0,1.0,-7.592778857
86,F,C,-1.7675,156.0,,-7.285402219
86,F,S,-0.8036,209.0,23.0,-2.358723518
86,F,T,-1.4067,38.0,,-5.247927513
86,F,N,-0.5389,117.0,27.0,-1.290403559
86,F,Q,-1.6052,81.0,,-6.339850003
86,F,D,-0.7949,5.0,,-2.321928095
86,F,E,-1.6083,82.0,,-6.357552005
86,F,H,0.0097,23.0,19.0,0.549439216
86,F,K,-1.2674,23.0,,-4.523561956
86,F,R,-1.7628,153.0,,-7.257387843
87,V,*,-1.7155,126.0,,-6.977279924
87,V,F,-0.3106,44.0,18.0,-0.464432959
87,V,W,-1.6114,83.0,,-6.375039431
87,V,Y,-1.0761,12.0,,-3.584962501
87,V,P,-1.2274,20.0,,-4.321928095
87,V,M,-0.9497,8.0,,-3.0
87,V,I,-0.1829,51.0,28.0,-0.039996762
87,V,L,-1.6822,195.0,1.0,-6.782256655
87,V,A,-0.1186,87.0,55.0,0.163489876
87,V,G,-1.3612,228.0,4.0,-5.007816356
87,V,C,-0.6782,38.0,6.0,-1.837891354
87,V,S,-1.4955,53.0,,-5.727920455
87,V,T,-0.8096,74.0,8.0,-2.384379707
87,V,N,-0.6045,31.0,6.0,-1.544160151
87,V,Q,-0.5668,70.0,15.0,-1.397318763
87,V,D,-0.9946,49.0,3.0,-3.204673685
87,V,E,-0.0062,10.0,8.0,0.503145563
87,V,H,NS,,,
87,V,K,-0.9497,8.0,,-3.0
87,V,R,-1.3753,60.0,1.0,-5.081816937
88,K,*,-0.8446,267.0,26.0,-2.535182555
88,K,F,-1.7675,156.0,,-7.285402219
88,K,W,-0.6207,189.0,35.0,-1.607885749
88,K,Y,-1.5345,109.0,1.0,-5.943110667
88,K,P,0.3731,137.0,219.0,1.501828635
88,K,M,-0.9348,230.0,17.0,-2.932953551
88,K,I,-0.2244,16.0,8.0,-0.174926342
88,K,L,-1.4784,528.0,6.0,-5.63435796
88,K,V,-1.3816,307.0,5.0,-5.115093092
88,K,A,-0.4497,86.0,25.0,-0.957334907
88,K,G,-1.6415,497.0,3.0,-6.547065883
88,K,C,-0.9272,185.0,14.0,-2.89895288
88,K,S,-0.3991,306.0,101.0,-0.774102702
88,K,T,-1.2372,330.0,9.0,-4.371323555
88,K,N,0.1997,48.0,57.0,1.073001172
88,K,Q,-0.0042,127.0,102.0,0.508814313
88,K,D,-0.9386,178.0,13.0,-2.950220055
88,K,E,-0.4422,297.0,88.0,-0.929813844
88,K,H,-1.3597,32.0,,-5.0
88,K,R,-0.0887,644.0,434.0,0.255708013
89,A,*,-0.8003,9.0,1.0,-2.344851343
89,A,F,-1.2547,22.0,,-4.459431619
89,A,W,-1.5856,75.0,,-6.228818691
89,A,Y,-1.4637,47.0,,-5.554588852
89,A,P,-0.3766,43.0,15.0,-0.694300501
89,A,M,-0.8561,6.0,,-2.584962501
89,A,I,NS,,,
89,A,L,-1.6428,94.0,,-6.554588852
89,A,V,-0.695,239.0,36.0,-1.905868148
89,A,G,-1.1395,210.0,8.0,-3.889171859
89,A,C,-1.3707,59.0,1.0,-5.057569391
89,A,S,-0.9301,160.0,12.0,-2.911891936
89,A,T,-0.4733,179.0,49.0,-1.044032275
89,A,N,-1.44,43.0,,-5.426264755
89,A,Q,-1.02,10.0,,-3.321928095
89,A,D,-0.8186,19.0,2.0,-2.422853855
89,A,E,-0.2794,109.0,48.0,-0.358148166
89,A,H,-1.3682,33.0,,-5.044394119
89,A,K,-1.528,60.0,,-5.906890596
89,A,R,-1.8739,244.0,,-7.930737338
90,L,*,-1.3124,239.0,5.0,-4.753865055
90,L,F,-0.6589,60.0,10.0,-1.759888842
90,L,W,-0.6643,134.0,22.0,-1.781583914
90,L,Y,-1.2794,24.0,,-4.584962501
90,L,P,-0.8772,34.0,3.0,-2.677426682
90,L,M,0.0239,40.0,34.0,0.590608405
90,L,I,-1.3193,49.0,1.0,-4.789636186
90,L,V,-0.8841,162.0,14.0,-2.707421423
90,L,A,-1.4629,249.0,3.0,-5.549965773
90,L,G,-1.9164,293.0,,-8.194756854
90,L,C,-1.3325,29.0,,-4.857980995
90,L,S,-0.7405,189.0,25.0,-2.093312576
90,L,T,-1.4522,45.0,,-5.491853096
90,L,N,NS,4.0,,
90,L,Q,-1.5751,72.0,,-6.169925001
90,L,D,-1.6428,94.0,,-6.554588852
90,L,E,-1.589,76.0,,-6.247927513
90,L,H,-1.5323,61.0,,-5.930737338
90,L,K,-1.4206,40.0,,-5.321928095
90,L,R,-1.4844,270.0,3.0,-5.666779438
91,T,*,-1.6481,96.0,,-6.584962501
91,T,F,-1.3437,107.0,2.0,-4.916393328
91,T,W,-1.6401,93.0,,-6.539158811
91,T,Y,-1.6751,107.0,,-6.741466986
91,T,P,-1.1872,216.0,7.0,-4.122458922
91,T,M,-1.6681,104.0,,-6.700439718
91,T,I,-0.1571,203.0,118.0,0.04238079
91,T,L,-1.9796,386.0,,-8.592457037
91,T,V,0.2675,469.0,628.0,1.246250295
91,T,A,-0.4893,335.0,88.0,-1.103512008
91,T,G,-1.9045,493.0,1.0,-8.120370178
91,T,C,0.6594,66.0,161.0,2.111596417
91,T,S,-0.757,333.0,42.0,-2.161987286
91,T,N,-1.4446,155.0,2.0,-5.451050747
91,T,Q,-1.6318,90.0,,-6.491853096
91,T,D,-1.8651,235.0,,-7.876516947
91,T,E,-1.5956,78.0,,-6.285402219
91,T,H,-1.7952,175.0,,-7.451211112
91,T,K,-1.5236,59.0,,-5.882643049
91,T,R,-1.5551,354.0,3.0,-6.057569391
92,M,*,-1.821,195.0,,-7.607330314
92,M,F,3.875,7.0,74.0,3.835501268
92,M,W,0.1616,251.0,278.0,0.972471177
92,M,Y,0.119,88.0,90.0,0.857495136
92,M,P,-0.3029,12.0,5.0,-0.437960748
92,M,I,0.1367,87.0,92.0,0.905692118
92,M,L,0.1607,123.0,136.0,0.970021994
92,M,V,0.2374,174.0,221.0,1.170032722
92,M,A,-0.5953,131.0,26.0,-1.507909625
92,M,G,-1.0682,518.0,25.0,-3.54787844
92,M,C,-0.1776,63.0,35.0,-0.022923248
92,M,S,-0.1299,201.0,124.0,0.128218277
92,M,T,0.2064,99.0,119.0,1.090534802
92,M,N,NS,,10.0,
92,M,Q,-0.1636,89.0,51.0,0.021765569
92,M,D,NS,,50.0,
92,M,E,0.17,32.0,36.0,0.99499866
92,M,H,1.1498,21.0,88.0,2.892187854
92,M,K,-0.5614,69.0,15.0,-1.376560203
92,M,R,-0.8827,461.0,40.0,-2.701621187
93,D,*,-1.1405,158.0,6.0,-3.893744589
93,D,F,0.0118,88.0,73.0,0.555466599
93,D,W,0.1633,54.0,60.0,0.977076752
93,D,Y,-0.2552,161.0,75.0,-0.277024529
93,D,P,-1.5566,67.0,,-6.06608919
93,D,M,-0.3542,38.0,14.0,-0.615498933
93,D,I,0.2055,20.0,24.0,1.088108064
93,D,L,-0.0539,171.0,124.0,0.361417454
93,D,V,0.1361,178.0,188.0,0.903929079
93,D,A,-0.3913,214.0,72.0,-0.746468327
93,D,G,-0.8399,486.0,48.0,-2.514776345
93,D,C,-0.3895,145.0,49.0,-0.740125588
93,D,S,-0.3798,130.0,45.0,-0.705441058
93,D,T,-0.7795,127.0,15.0,-2.256720433
93,D,N,-0.2738,65.0,29.0,-0.33931316
93,D,Q,-0.02,27.0,21.0,0.462503579
93,D,E,0.7629,28.0,78.0,2.303120955
93,D,H,0.3737,15.0,24.0,1.503145563
93,D,K,-0.3318,108.0,42.0,-0.537496421
93,D,R,-0.2875,162.0,70.0,-0.385493328
94,G,*,-1.5956,78.0,,-6.285402219
94,G,F,-1.3597,32.0,,-5.0
94,G,W,-1.4522,45.0,,-5.491853096
94,G,Y,-0.3637,25.0,9.0,-0.64885753
94,G,P,-1.5679,70.0,,-6.129283017
94,G,M,-0.3951,12.0,4.0,-0.759888842
94,G,I,-0.6383,51.0,9.0,-1.677426682
94,G,L,-0.2544,45.0,21.0,-0.274462015
94,G,V,-0.3951,96.0,32.0,-0.759888842
94,G,A,0.0579,77.0,70.0,0.687570135
94,G,C,-0.4582,116.0,33.0,-0.988513217
94,G,S,-0.0693,94.0,66.0,0.314878926
94,G,T,-1.2674,23.0,,-4.523561956
94,G,N,0.5178,9.0,18.0,1.825073658
94,G,Q,NS,2.0,,
94,G,D,-0.2046,109.0,57.0,-0.110220652
94,G,E,0.2651,30.0,40.0,1.240111158
94,G,H,NS,,10.0,
94,G,K,NS,,9.0,
94,G,R,-0.5008,200.0,51.0,-1.14635719
95,K,*,-0.9017,171.0,14.0,-2.785423935
95,K,F,-0.5344,167.0,39.0,-1.273228415
95,K,W,0.0459,107.0,95.0,0.65346228
95,K,Y,-0.1998,70.0,37.0,-0.094755993
95,K,P,-0.3686,104.0,37.0,-0.665912694
95,K,M,NS,2.0,45.0,3.835501268
95,K,I,-0.2244,98.0,49.0,-0.174926342
95,K,L,0.2995,123.0,174.0,1.325502649
95,K,V,-0.0604,253.0,181.0,0.341925971
95,K,A,0.1669,152.0,170.0,0.986537081
95,K,G,0.3413,317.0,481.0,1.426627712
95,K,C,-0.1118,106.0,68.0,0.184616045
95,K,S,-0.0214,254.0,197.0,0.458440791
95,K,T,-0.2441,113.0,54.0,-0.240217802
95,K,N,0.6779,46.0,115.0,2.147001753
95,K,Q,-0.1711,55.0,31.0,-0.002089745
95,K,D,0.8987,34.0,111.0,2.532026683
95,K,E,0.0457,89.0,79.0,0.653120975
95,K,H,-0.0707,70.0,49.0,0.310500485
95,K,R,0.4173,109.0,187.0,1.603783793
96,Q,*,-0.4441,78.0,23.0,-0.936766605
96,Q,F,-0.635,73.0,13.0,-1.664311182
96,Q,W,-1.0018,117.0,7.0,-3.237936139
96,Q,Y,NS,2.0,32.0,3.835501268
96,Q,P,-0.4692,47.0,13.0,-1.029075475
96,Q,M,0.2972,22.0,31.0,1.31983835
96,Q,I,0.0239,40.0,34.0,0.590608405
96,Q,L,-0.1865,112.0,61.0,-0.051543926
96,Q,V,-0.1393,182.0,110.0,0.098638732
96,Q,A,-0.054,80.0,58.0,0.361126559
96,Q,G,-0.353,414.0,153.0,-0.611025457
96,Q,C,-0.3618,94.0,34.0,-0.642052352
96,Q,S,0.2118,117.0,142.0,1.104456058
96,Q,T,-0.1567,55.0,32.0,0.043713945
96,Q,N,1.1658,8.0,34.0,2.9125365
96,Q,D,0.2604,62.0,82.0,1.228429353
96,Q,E,0.0957,92.0,90.0,0.793364799
96,Q,H,-0.4247,197.0,61.0,-0.866240824
96,Q,K,-0.1436,157.0,94.0,0.085041761
96,Q,R,-0.0101,252.0,200.0,0.491649925
97,A,*,-1.5679,70.0,,-6.129283017
97,A,F,-0.9004,146.0,12.0,-2.7797884
97,A,W,-1.6144,84.0,,-6.392317423
97,A,Y,-1.174,59.0,2.0,-4.057569391
97,A,P,-0.3884,180.0,61.0,-0.7360421
97,A,M,0.006,50.0,41.0,0.538769473
97,A,I,0.5122,60.0,119.0,1.813000826
97,A,L,-0.0197,293.0,228.0,0.463206818
97,A,V,0.1897,409.0,477.0,1.046962081
97,A,G,-0.9897,595.0,37.0,-3.182218834
97,A,C,-0.8273,195.0,20.0,-2.460328561
97,A,S,-0.804,373.0,41.0,-2.360406157
97,A,T,-0.2272,155.0,77.0,-0.184264206
97,A,N,-1.6994,118.0,,-6.882643049
97,A,Q,-1.4748,49.0,,-5.614709844
97,A,D,-1.0179,88.0,5.0,-3.312429865
97,A,E,-1.5248,105.0,1.0,-5.889171859
97,A,H,-0.2658,22.0,10.0,-0.312429865
97,A,K,NS,1.0,,
97,A,R,-1.7741,284.0,1.0,-7.324673461
98,A,*,-1.7378,138.0,,-7.108524457
98,A,F,-1.6728,106.0,,-6.727920455
98,A,W,-1.6908,114.0,,-6.832890014
98,A,Y,-1.6401,93.0,,-6.539158811
98,A,P,-1.0752,106.0,5.0,-3.580918701
98,A,M,-0.6589,48.0,8.0,-1.759888842
98,A,I,-0.8391,101.0,10.0,-2.51120973
98,A,L,-0.7151,246.0,35.0,-1.98815783
98,A,V,-0.3544,391.0,144.0,-0.616026138
98,A,G,0.0814,166.0,158.0,0.753814975
98,A,C,-0.9753,169.0,11.0,-3.116374159
98,A,S,0.1849,109.0,126.0,1.034169257
98,A,T,-0.3795,153.0,53.0,-0.70439373
98,A,N,-0.5479,71.0,16.0,-1.324673461
98,A,Q,-0.5315,17.0,4.0,-1.262389183
98,A,D,NS,2.0,14.0,3.63242858
98,A,E,-0.3318,144.0,56.0,-0.537496421
98,A,H,-1.7096,123.0,,-6.942514505
98,A,K,0.3263,25.0,37.0,1.390670834
98,A,R,-0.1711,236.0,133.0,-0.002286956
99,W,*,-0.756,253.0,32.0,-2.157919916
99,W,F,-0.5382,186.0,43.0,-1.287820398
99,W,Y,-1.0071,119.0,7.0,-3.262389183
99,W,P,-1.3798,122.0,2.0,-5.105663679
99,W,M,-0.6451,179.0,31.0,-1.704545809
99,W,I,-1.8045,182.0,,-7.50779464
99,W,L,-0.8857,314.0,27.0,-2.714659588
99,W,V,-1.0756,467.0,22.0,-3.582773463
99,W,A,-1.047,232.0,12.0,-3.447944836
99,W,G,-1.4054,804.0,12.0,-5.241015532
99,W,C,-0.8173,265.0,28.0,-2.417419969
99,W,S,-1.3514,605.0,11.0,-4.956286055
99,W,T,-1.2346,109.0,3.0,-4.358148166
99,W,N,-1.3193,49.0,1.0,-4.789636186
99,W,Q,-1.6454,95.0,,-6.569855608
99,W,D,-0.5924,50.0,10.0,-1.496854437
99,W,E,-1.7781,163.0,,-7.348728154
99,W,H,-1.6318,90.0,,-6.491853096
99,W,K,-1.8045,182.0,,-7.50779464
99,W,R,-1.1096,475.0,20.0,-3.74478195
100,R,*,-1.0467,367.0,19.0,-3.446635081
100,R,F,-1.7882,170.0,,-7.409390936
100,R,W,-1.95,339.0,,-8.405141463
100,R,Y,-1.6973,117.0,,-6.87036472
100,R,P,-1.791,172.0,,-7.426264755
100,R,M,-1.156,222.0,8.0,-3.969342208
100,R,I,-1.1587,168.0,6.0,-3.982281264
100,R,L,-1.3618,457.0,8.0,-5.010976697
100,R,V,-1.1854,644.0,21.0,-4.113525797
100,R,A,-0.2079,158.0,82.0,-0.121155085
100,R,G,-1.2234,699.0,20.0,-4.302146892
100,R,C,-1.8005,317.0,1.0,-7.483265372
100,R,S,-0.375,691.0,242.0,-0.688605005
100,R,T,-0.6528,413.0,70.0,-1.735641296
100,R,N,-0.1793,159.0,88.0,-0.028377678
100,R,Q,-0.5389,52.0,12.0,-1.290403559
100,R,D,-1.2597,119.0,3.0,-4.484781604
100,R,E,-1.0845,153.0,7.0,-3.624959262
100,R,H,-1.5004,54.0,,-5.754887502
100,R,K,-0.1922,212.0,114.0,-0.069956782
101,F,*,-0.9901,161.0,10.0,-3.183915125
101,F,W,-0.0992,220.0,145.0,0.223623035
101,F,Y,0.482,96.0,182.0,1.747905798
101,F,P,-0.3832,134.0,46.0,-0.717453576
101,F,M,-0.3617,152.0,55.0,-0.641494142
101,F,I,-0.8244,58.0,6.0,-2.447944836
101,F,L,-0.6184,220.0,41.0,-1.598734051
101,F,V,-1.1446,454.0,17.0,-3.914011988
101,F,A,-0.2894,179.0,77.0,-0.391955578
101,F,G,-1.2052,361.0,11.0,-4.21134975
101,F,C,-0.6417,143.0,25.0,-1.690941489
101,F,S,0.4938,214.0,413.0,1.773604643
101,F,T,-0.5841,44.0,9.0,-1.464432959
101,F,N,3.875,9.0,88.0,3.835501268
101,F,Q,0.2244,29.0,36.0,1.137017665
101,F,D,-0.0986,244.0,161.0,0.225253199
101,F,E,0.2519,99.0,129.0,1.206944294
101,F,H,0.2551,29.0,38.0,1.215020177
101,F,K,-0.5531,45.0,10.0,-1.344851343
101,F,R,-0.9721,365.0,24.0,-3.101716495
102,I,*,-1.0973,228.0,10.0,-3.685888261
102,I,F,-0.7491,124.0,16.0,-2.129122652
102,I,W,-1.8282,201.0,,-7.651051691
102,I,Y,-1.2848,130.0,3.0,-4.612331654
102,I,P,-1.7839,167.0,,-7.383704292
102,I,M,-1.1506,218.0,8.0,-3.943110667
102,I,L,-1.0485,408.0,21.0,-3.455034261
102,I,V,-0.3205,508.0,203.0,-0.498275111
102,I,A,-1.7412,248.0,1.0,-7.129122652
102,I,G,-1.5109,697.0,7.0,-5.812586266
102,I,C,-1.5138,302.0,3.0,-5.82836858
102,I,S,-1.4006,395.0,6.0,-5.215672684
102,I,T,-1.1398,289.0,11.0,-3.890420406
102,I,N,-1.0249,108.0,6.0,-3.344851343
102,I,Q,-1.4905,52.0,,-5.700439718
102,I,D,-1.7213,129.0,,-7.011227255
102,I,E,-1.1886,217.0,7.0,-4.129122652
102,I,H,-1.6728,106.0,,-6.727920455
102,I,K,-1.7116,124.0,,-6.95419631
102,I,R,-2.0157,453.0,,-8.82336724
103,R,*,-0.3951,57.0,19.0,-0.759888842
103,R,F,-1.1968,18.0,,-4.169925001
103,R,W,-1.4462,44.0,,-5.459431619
103,R,Y,-0.4451,17.0,5.0,-0.940461088
103,R,P,-1.4522,45.0,,-5.491853096
103,R,M,-1.179,60.0,2.0,-4.081816937
103,R,I,-0.6139,53.0,10.0,-1.580918701
103,R,L,-1.7675,156.0,,-7.285402219
103,R,V,-1.1226,124.0,5.0,-3.807194557
103,R,A,0.0385,88.0,77.0,0.63242858
103,R,G,-0.6254,268.0,49.0,-1.626305688
103,R,C,NS,,,
103,R,S,-0.2624,203.0,93.0,-0.301103448
103,R,T,-0.1776,9.0,5.0,-0.022923248
103,R,N,-0.7601,40.0,5.0,-2.174926342
103,R,Q,-0.1108,14.0,9.0,0.187643738
103,R,D,-0.9497,8.0,,-3.0
103,R,E,-0.5084,20.0,5.0,-1.174926342
103,R,H,-1.2794,24.0,,-4.584962501
103,R,K,-0.0377,60.0,45.0,0.410036159
104,I,*,-1.5644,367.0,3.0,-6.109600094
104,I,F,-1.1479,189.0,7.0,-3.929813844
104,I,W,-0.9819,455.0,29.0,-3.146668082
104,I,Y,-1.7055,121.0,,-6.918863237
104,I,P,-1.9927,409.0,,-8.675957033
104,I,M,-0.3293,276.0,108.0,-0.528563296
104,I,L,0.2687,635.0,852.0,1.249170497
104,I,V,-0.1839,942.0,516.0,-0.043282336
104,I,A,-1.6218,613.0,4.0,-6.434669605
104,I,G,-1.2289,1033.0,29.0,-4.329569885
104,I,C,-1.022,107.0,6.0,-3.331430827
104,I,S,-1.0835,719.0,33.0,-3.620380183
104,I,T,-0.8244,261.0,27.0,-2.447944836
104,I,N,-1.1025,232.0,10.0,-3.710979242
104,I,Q,-1.6908,114.0,,-6.832890014
104,I,D,-1.8869,258.0,,-8.011227255
104,I,E,-1.9382,322.0,,-8.330916878
104,I,H,-0.7727,83.0,10.0,-2.228037678
104,I,K,-1.4067,202.0,3.0,-5.248175324
104,I,R,-2.121,729.0,,-9.509775004
105,D,*,-1.0351,186.0,10.0,-3.392157058
105,D,F,-1.404,200.0,3.0,-5.233820031
105,D,W,-1.642,166.0,1.0,-6.549965773
105,D,Y,-1.0278,109.0,6.0,-3.358148166
105,D,P,0.3053,154.0,220.0,1.339646831
105,D,M,-1.528,60.0,,-5.906890596
105,D,I,-1.5365,62.0,,-5.95419631
105,D,L,-1.2398,259.0,7.0,-4.384379707
105,D,V,-1.0598,383.0,19.0,-3.50819941
105,D,A,-0.5836,371.0,76.0,-1.462274205
105,D,G,-0.5983,767.0,151.0,-1.51960437
105,D,C,-0.5437,79.0,18.0,-1.308782088
105,D,S,-0.8076,515.0,56.0,-2.376000042
105,D,T,-0.648,163.0,28.0,-1.716299574
105,D,N,1.0311,28.0,105.0,2.731964254
105,D,Q,0.1965,72.0,85.0,1.064539593
105,D,E,-0.1551,149.0,87.0,0.048848634
105,D,H,-0.9533,86.0,6.0,-3.016228596
105,D,K,-0.009,44.0,35.0,0.494925057
105,D,R,-0.3389,306.0,117.0,-0.561949465
106,T,*,-0.9897,386.0,24.0,-3.182420878
106,T,F,-1.6087,291.0,2.0,-6.359801685
106,T,W,-1.8569,227.0,,-7.826548487
106,T,Y,-1.8777,248.0,,-7.95419631
106,T,P,-1.1045,537.0,23.0,-3.720142664
106,T,M,-1.1294,406.0,16.0,-3.840262259
106,T,I,-0.4207,259.0,81.0,-0.851884627
106,T,L,-1.1286,1164.0,46.0,-3.836239729
106,T,V,-0.2176,776.0,394.0,-0.152787364
106,T,A,0.131,996.0,1042.0,0.890211288
106,T,G,0.1999,1096.0,1302.0,1.073555308
106,T,C,-0.1538,275.0,161.0,0.052702728
106,T,S,-0.0406,1379.0,1028.0,0.401291466
106,T,N,0.2008,332.0,395.0,1.07574307
106,T,Q,-0.6096,351.0,67.0,-1.564164372
106,T,D,-1.0357,466.0,25.0,-3.395256297
106,T,E,-2.0019,426.0,,-8.73470962
106,T,H,-1.7979,177.0,,-7.46760555
106,T,K,-1.1867,308.0,10.0,-4.119784788
106,T,R,-1.2993,1186.0,26.0,-4.686374918
107,A,*,-1.4463,390.0,5.0,-5.460328561
107,A,F,-1.7882,170.0,,-7.409390936
107,A,W,-1.8878,259.0,,-8.016808288
107,A,Y,-1.8527,223.0,,-7.8008999
107,A,P,-1.2946,314.0,7.0,-4.662192169
107,A,M,-1.7076,122.0,,-6.930737338
107,A,I,-1.7564,149.0,,-7.21916852
107,A,L,-1.2339,435.0,12.0,-4.354835432
107,A,V,-1.0999,667.0,29.0,-3.698488298
107,A,G,0.1801,1001.0,1147.0,1.021497075
107,A,C,-1.658,354.0,2.0,-6.642531892
107,A,S,-0.4455,582.0,171.0,-0.94194917
107,A,T,-0.9528,229.0,16.0,-3.01413013
107,A,N,-0.7534,102.0,13.0,-2.146911966
107,A,Q,-1.1978,64.0,2.0,-4.174926342
107,A,D,-0.8674,352.0,32.0,-2.63435796
107,A,E,-0.4019,119.0,39.0,-0.784341886
107,A,H,-1.6884,200.0,1.0,-6.818782532
107,A,K,-1.4394,152.0,2.0,-5.422853855
107,A,R,-1.7564,528.0,2.0,-7.219320461
108,C,*,-0.8767,215.0,19.0,-2.675191678
108,C,F,-1.4192,282.0,4.0,-5.314477694
108,C,W,-1.4102,341.0,5.0,-5.266626176
108,C,Y,-0.8488,156.0,15.0,-2.553437965
108,C,P,-1.6847,197.0,1.0,-6.796978161
108,C,M,-1.7515,146.0,,-7.189824559
108,C,I,-1.7481,144.0,,-7.169925001
108,C,L,-1.6025,568.0,4.0,-6.324673461
108,C,V,-1.3218,445.0,9.0,-4.802662866
108,C,A,-1.1314,281.0,11.0,-3.849921043
108,C,G,-1.1044,677.0,29.0,-3.71995737
108,C,S,-1.1733,412.0,14.0,-4.054071947
108,C,T,-1.7014,119.0,,-6.894817763
108,C,N,-1.5566,67.0,,-6.06608919
108,C,Q,-1.5923,77.0,,-6.266786541
108,C,D,-1.6951,116.0,,-6.857980995
108,C,E,-1.6681,104.0,,-6.700439718
108,C,H,-1.3682,33.0,,-5.044394119
108,C,K,-1.6583,100.0,,-6.64385619
108,C,R,-1.1609,536.0,19.0,-3.993088019
109,V,*,-1.8122,333.0,1.0,-7.554304709
109,V,F,-1.2591,475.0,12.0,-4.481747544
109,V,W,-1.114,241.0,10.0,-3.765887583
109,V,Y,-0.8917,154.0,13.0,-2.741273164
109,V,P,-1.4728,517.0,6.0,-5.603984311
109,V,M,-0.0811,384.0,263.0,0.279030147
109,V,I,-0.1731,385.0,216.0,-0.008753475
109,V,L,-0.1672,825.0,469.0,0.010267462
109,V,A,-0.0158,988.0,775.0,0.474758927
109,V,G,0.3873,815.0,1333.0,1.534878474
109,V,C,-1.1682,347.0,12.0,-4.028755694
109,V,S,0.207,856.0,1030.0,1.092035294
109,V,T,-0.0787,523.0,360.0,0.286259618
109,V,N,0.3786,124.0,200.0,1.514733538
109,V,Q,0.1381,216.0,229.0,0.909389944
109,V,D,0.2506,400.0,520.0,1.203585282
109,V,E,0.1675,426.0,477.0,0.988209494
109,V,H,0.0546,362.0,327.0,0.678374597
109,V,K,0.1295,254.0,265.0,0.886237521
109,V,R,-0.0979,1023.0,676.0,0.227362665
110,C,*,-0.6054,145.0,28.0,-1.54748051
110,C,F,-1.3554,279.0,5.0,-4.977119559
110,C,W,-1.0865,308.0,14.0,-3.63435796
110,C,Y,-0.9946,196.0,12.0,-3.204673685
110,C,P,0.0598,206.0,188.0,0.693161983
110,C,M,-1.6174,85.0,,-6.409390936
110,C,I,-1.6052,81.0,,-6.339850003
110,C,L,-1.3876,502.0,8.0,-5.146469896
110,C,V,-2.0201,462.0,,-8.851749041
110,C,A,-1.7281,235.0,1.0,-7.051443288
110,C,G,-1.0294,347.0,19.0,-3.365790681
110,C,S,-1.0711,251.0,12.0,-3.561507395
110,C,T,-1.493,93.0,1.0,-5.714085153
110,C,N,-1.5642,69.0,,-6.108524457
110,C,Q,-1.5192,58.0,,-5.857980995
110,C,D,-1.5923,77.0,,-6.266786541
110,C,E,-1.5604,68.0,,-6.087462841
110,C,H,-1.6346,91.0,,-6.50779464
110,C,K,-0.6589,24.0,4.0,-1.759888842
110,C,R,-1.011,568.0,33.0,-3.280279342
111,V,*,-0.8613,216.0,20.0,-2.607885749
111,V,F,-0.066,99.0,70.0,0.325000055
111,V,W,-0.682,224.0,35.0,-1.852998247
111,V,Y,0.0388,201.0,176.0,0.633453586
111,V,P,-1.861,231.0,,-7.851749041
111,V,M,0.2448,129.0,166.0,1.188885834
111,V,I,0.0621,144.0,132.0,0.699542776
111,V,L,0.2385,220.0,280.0,1.172996962
111,V,A,0.2347,265.0,335.0,1.163242394
111,V,G,0.2897,547.0,761.0,1.301429279
111,V,C,0.0625,109.0,100.0,0.700745523
111,V,S,0.4469,256.0,460.0,1.670563709
111,V,T,1.1093,50.0,202.0,2.839428951
111,V,N,0.014,204.0,170.0,0.562039252
111,V,Q,0.2558,125.0,164.0,1.216841378
111,V,D,-0.2137,203.0,104.0,-0.139822541
111,V,E,0.081,163.0,155.0,0.752469909
111,V,H,0.2055,45.0,54.0,1.088108064
111,V,K,0.5003,78.0,152.0,1.787598953
111,V,R,0.154,434.0,474.0,0.952265675
112,L,*,-0.8112,158.0,17.0,-2.391244249
112,L,F,-0.5312,259.0,61.0,-1.260997292
112,L,W,-1.5345,109.0,1.0,-5.943110667
112,L,Y,-0.6743,119.0,19.0,-1.821816592
112,L,P,-0.4428,169.0,50.0,-0.931949588
112,L,M,-0.1379,127.0,77.0,0.103175512
112,L,I,-0.2116,68.0,35.0,-0.133106166
112,L,V,0.268,250.0,335.0,1.247306659
112,L,A,0.436,90.0,159.0,1.646103517
112,L,G,0.0827,218.0,208.0,0.757329052
112,L,C,0.2775,138.0,188.0,1.271138053
112,L,S,0.154,228.0,249.0,0.952185576
112,L,T,-0.3003,291.0,122.0,-0.429064347
112,L,N,-0.2811,57.0,25.0,-0.363960166
112,L,Q,0.1421,44.0,47.0,0.920230891
112,L,D,-1.1862,123.0,4.0,-4.117440847
112,L,E,-0.7283,73.0,10.0,-2.042822806
112,L,H,0.4024,37.0,62.0,1.569816603
112,L,K,-0.435,116.0,35.0,-0.90362432
112,L,R,0.4823,184.0,349.0,1.748594928
113,S,*,-1.0923,157.0,7.0,-3.662192169
113,S,F,-0.6976,214.0,32.0,-1.916393328
113,S,W,-1.4172,210.0,3.0,-5.304209359
113,S,Y,-0.2842,147.0,64.0,-0.374598687
113,S,P,-0.589,213.0,43.0,-1.483371207
113,S,M,-0.4106,159.0,51.0,-0.815383955
113,S,I,-0.2167,57.0,29.0,-0.149835361
113,S,L,-0.3038,570.0,237.0,-0.441001202
113,S,V,-0.3264,429.0,169.0,-0.518880743
113,S,A,-0.1966,678.0,361.0,-0.084212778
113,S,G,0.422,302.0,522.0,1.614574916
113,S,C,-0.5694,235.0,50.0,-1.407587099
113,S,T,-0.4016,378.0,124.0,-0.782972456
113,S,N,0.2528,141.0,184.0,1.209084262
113,S,Q,-0.2308,138.0,68.0,-0.195987957
113,S,D,0.0236,206.0,175.0,0.589784243
113,S,E,-0.0027,175.0,141.0,0.513413899
113,S,H,-0.0641,162.0,115.0,0.330713706
113,S,K,0.1743,112.0,127.0,1.006403423
113,S,R,-0.0593,463.0,332.0,0.345244706
114,R,*,-1.2097,300.0,9.0,-4.233820031
114,R,F,-0.2636,394.0,180.0,-0.305125065
114,R,W,-0.3248,177.0,70.0,-0.513248875
114,R,Y,-0.4541,407.0,117.0,-0.973446606
114,R,P,0.1122,208.0,210.0,0.838879458
114,R,M,0.0347,327.0,284.0,0.621673952
114,R,I,0.1132,172.0,174.0,0.841752399
114,R,L,0.0278,488.0,418.0,0.601695453
114,R,V,-0.1705,622.0,351.0,-0.000369892
114,R,A,0.1784,316.0,361.0,1.017147937
114,R,G,0.0464,683.0,607.0,0.654884596
114,R,C,-0.586,344.0,70.0,-1.471908079
114,R,S,0.3506,464.0,715.0,1.448892095
114,R,T,0.0332,343.0,297.0,0.617328013
114,R,N,0.3705,98.0,156.0,1.495766033
114,R,Q,1.0335,29.0,109.0,2.735276988
114,R,D,-0.0488,277.0,203.0,0.376667409
114,R,E,0.2819,153.0,210.0,1.281931333
114,R,H,0.0752,151.0,142.0,0.736416038
114,R,K,0.0049,231.0,189.0,0.535567041
115,K,*,-1.1383,183.0,7.0,-3.883271258
115,K,F,-0.3451,154.0,58.0,-0.583731887
115,K,W,-0.8232,183.0,19.0,-2.442698667
115,K,Y,0.4725,61.0,114.0,1.727226335
115,K,P,-0.1406,302.0,182.0,0.094463559
115,K,M,-0.2955,217.0,92.0,-0.412915618
115,K,I,-0.4962,248.0,64.0,-1.129122652
115,K,L,0.0459,339.0,301.0,0.653551872
115,K,V,-0.272,587.0,263.0,-0.333224046
115,K,A,-0.2129,378.0,194.0,-0.137255924
115,K,G,-0.2182,712.0,361.0,-0.154804746
115,K,C,-1.894,266.0,,-8.055282436
115,K,S,-0.0651,511.0,362.0,0.327740064
115,K,T,-0.0457,404.0,298.0,0.386030696
115,K,N,-0.2715,321.0,144.0,-0.331430827
115,K,Q,-0.2503,225.0,106.0,-0.260787078
115,K,D,-0.1245,306.0,191.0,0.145114644
115,K,E,0.1072,177.0,177.0,0.825073658
115,K,H,-0.1648,189.0,108.0,0.017718736
115,K,R,0.0385,768.0,672.0,0.63242858
116,A,*,-1.3193,245.0,5.0,-4.789636186
116,A,F,-0.0695,161.0,113.0,0.314335743
116,A,W,-0.2526,431.0,202.0,-0.268258918
116,A,Y,0.1534,187.0,204.0,0.95060454
116,A,P,-0.2598,575.0,265.0,-0.292495938
116,A,M,-0.0383,235.0,176.0,0.40798833
116,A,I,0.7334,54.0,145.0,2.250095246
116,A,L,0.0453,601.0,533.0,0.6518442
116,A,V,-0.0364,770.0,579.0,0.413778561
116,A,G,-0.1381,1132.0,686.0,0.102480182
116,A,C,-0.7871,251.0,29.0,-2.288488901
116,A,S,0.0219,665.0,563.0,0.58485424
116,A,T,0.0995,411.0,405.0,0.803857172
116,A,N,0.2331,142.0,179.0,1.159142316
116,A,Q,-0.0361,315.0,237.0,0.414608889
116,A,D,0.1531,310.0,338.0,0.949828689
116,A,E,0.1163,284.0,289.0,0.850252221
116,A,H,0.1403,263.0,280.0,0.915437686
116,A,K,-0.004,341.0,274.0,0.509477812
116,A,R,-0.0343,870.0,657.0,0.419951628
117,G,*,-1.7741,284.0,1.0,-7.324673461
117,G,F,-0.3812,229.0,79.0,-0.710349382
117,G,W,-0.5227,382.0,92.0,-1.228793214
117,G,Y,-0.0651,96.0,68.0,0.327573999
117,G,P,0.1209,264.0,271.0,0.86282858
117,G,M,0.2501,97.0,126.0,1.20244074
117,G,I,-0.0142,169.0,133.0,0.479476658
117,G,L,-0.0806,423.0,290.0,0.280468895
117,G,V,-0.0801,695.0,477.0,0.282049947
117,G,A,0.0417,595.0,524.0,0.641750802
117,G,C,-0.4928,315.0,82.0,-1.116582355
117,G,S,-0.0303,520.0,396.0,0.432062465
117,G,T,0.0809,345.0,328.0,0.752173111
117,G,N,0.0535,142.0,128.0,0.675326539
117,G,Q,0.785,58.0,166.0,2.342132094
117,G,D,0.4056,171.0,288.0,1.577146145
117,G,E,0.2182,224.0,275.0,1.121006545
117,G,H,-0.0938,219.0,146.0,0.240111158
117,G,K,0.073,110.0,103.0,0.730214472
117,G,R,-0.016,695.0,545.0,0.47431691
118,R,*,-0.9706,333.0,22.0,-3.09487309
118,R,F,-0.02,243.0,189.0,0.462503579
118,R,W,-0.0034,445.0,358.0,0.51122791
118,R,Y,0.1601,134.0,148.0,0.968437833
118,R,P,-0.0388,441.0,330.0,0.406761027
118,R,M,0.3906,149.0,245.0,1.542543077
118,R,I,-0.0814,282.0,193.0,0.277979343
118,R,L,0.0605,661.0,604.0,0.694971936
118,R,V,0.1492,618.0,669.0,0.939473031
118,R,A,0.0064,563.0,462.0,0.539831588
118,R,G,0.1009,1179.0,1165.0,0.807839895
118,R,C,-0.7282,467.0,64.0,-2.042205081
118,R,S,-0.0671,940.0,663.0,0.321421772
118,R,T,-0.0023,351.0,283.0,0.514404681
118,R,N,0.031,174.0,150.0,0.610948853
118,R,Q,0.091,262.0,254.0,0.780335344
118,R,D,-0.1378,597.0,362.0,0.103332424
118,R,E,0.1813,276.0,317.0,1.024888232
118,R,H,-0.0786,321.0,221.0,0.286546731
118,R,K,0.3649,220.0,347.0,1.482505797
119,R,*,-0.908,137.0,11.0,-2.813526806
119,R,F,0.1766,166.0,189.0,1.012276651
119,R,W,-0.0904,344.0,231.0,0.250557945
119,R,Y,0.2218,208.0,257.0,1.130258489
119,R,P,0.5349,158.0,324.0,1.861142913
119,R,M,-0.1524,361.0,212.0,0.057139086
119,R,I,0.2348,174.0,220.0,1.163489876
119,R,L,-0.0477,712.0,523.0,0.380007364
119,R,V,0.1371,533.0,564.0,0.906633288
119,R,A,0.0788,452.0,428.0,0.746361682
119,R,G,0.0617,714.0,654.0,0.69844022
119,R,C,-0.5006,196.0,50.0,-1.145779996
119,R,S,-0.0069,949.0,758.0,0.500863419
119,R,T,-0.0214,401.0,311.0,0.458386002
119,R,N,0.1101,179.0,180.0,0.833110977
119,R,Q,0.2477,184.0,238.0,1.196329466
119,R,D,0.0335,232.0,201.0,0.618144354
119,R,E,0.0487,280.0,250.0,0.661574926
119,R,H,-0.0657,270.0,191.0,0.325686889
119,R,K,0.1232,227.0,234.0,0.868889891
120,A,*,-1.8097,186.0,,-7.539158811
120,A,F,-0.1794,150.0,83.0,-0.028705601
120,A,W,-0.0542,138.0,100.0,0.360405391
120,A,Y,0.052,148.0,133.0,0.670902728
120,A,P,-0.0618,272.0,194.0,0.337523659
120,A,M,0.2178,75.0,92.0,1.119816924
120,A,I,0.1496,156.0,169.0,0.940550876
120,A,L,0.1171,262.0,267.0,0.852346588
120,A,V,-0.0043,533.0,428.0,0.508548922
120,A,G,0.0554,462.0,418.0,0.680683749
120,A,C,-0.8019,217.0,24.0,-2.351515073
120,A,S,0.1712,306.0,345.0,0.998138367
120,A,T,-0.0856,286.0,194.0,0.265115164
120,A,N,-0.1941,198.0,106.0,-0.076362507
120,A,Q,0.5703,76.0,164.0,1.934698149
120,A,D,-0.0982,477.0,315.0,0.226436221
120,A,E,-0.0967,240.0,159.0,0.231066018
120,A,H,-0.0024,129.0,104.0,0.514286121
120,A,K,0.1673,109.0,122.0,0.987626671
120,A,R,0.0849,454.0,435.0,0.763396762
