chain,site,wildtype,mutation,ER
L,22,S,R,-1.19990985959298
L,22,S,K,-1.44027420860802
L,22,S,D,3.33159465847982
L,22,S,E,-0.480114823038963
L,22,S,H,-2.62896873326045
L,22,S,N,0.10356977209644
L,22,S,Q,1.01912473980327
L,22,S,S,-7.71176209485015e-07
L,22,S,T,-1.78527180032775
L,22,S,P,1.87190089214819
L,22,S,C,3.66665489473552
L,22,S,G,6.17065049245751
L,22,S,A,2.84857277201876
L,22,S,V,-0.516148376938232
L,22,S,I,-0.0865008088779434
L,22,S,L,1.13729926432866
L,22,S,M,0.581514499363889
L,22,S,F,3.28660483955787
L,22,S,Y,-0.593356354600569
L,22,S,W,1.17704367802614
L,23,C,R,4.43391870706981
L,23,C,K,6.6504502901797
L,23,C,D,5.95252222401941
L,23,C,E,8.99109362564028
L,23,C,H,8.68643321665408
L,23,C,N,6.958589409621
L,23,C,Q,5.8303365396666
L,23,C,S,4.47800145476533
L,23,C,T,9.7494104412748
L,23,C,P,9.96685957669545
L,23,C,C,-7.71176209485015e-07
L,23,C,G,4.3223062737815
L,23,C,A,7.71236121199738
L,23,C,V,7.22829545655142
L,23,C,I,6.11982203911753
L,23,C,L,6.36541442197119
L,23,C,M,8.62037146597598
L,23,C,F,3.92336936455989
L,23,C,Y,2.79891992227131
L,23,C,W,3.74421181110859
L,24,R,R,-7.71176209485015e-07
L,24,R,K,-1.18619200863133
L,24,R,D,5.41644785986465
L,24,R,E,6.43595648044497
L,24,R,H,-2.02628126342362
L,24,R,N,-0.282415932474769
L,24,R,Q,3.42464487895782
L,24,R,S,1.80883799939269
L,24,R,T,1.59860201483435
L,24,R,P,4.74709828891377
L,24,R,C,3.12010323200017
L,24,R,G,4.29858387224811
L,24,R,A,6.23212609193648
L,24,R,V,6.33313496236776
L,24,R,I,3.31039948117571
L,24,R,L,4.72654741258678
L,24,R,M,5.39791995195834
L,24,R,F,6.68979037867979
L,24,R,Y,1.95554674072631
L,24,R,W,5.97642415106653
L,25,A,R,5.05188657294559
L,25,A,K,5.23380784286194
L,25,A,D,4.50719941061591
L,25,A,E,1.08663450049195
L,25,A,H,6.28625222857485
L,25,A,N,3.63264748369928
L,25,A,Q,4.80795356463504
L,25,A,S,-1.17179474718764
L,25,A,T,-0.462313684838151
L,25,A,P,4.00455268178364
L,25,A,C,6.17843085207143
L,25,A,G,5.02335166554193
L,25,A,A,-7.71176209485015e-07
L,25,A,V,2.91691736733055
L,25,A,I,4.8121341727306
L,25,A,L,6.46056989481597
L,25,A,M,5.82689241709557
L,25,A,F,6.51805384263217
L,25,A,Y,4.66208336270334
L,25,A,W,6.16498978950241
L,26,S,R,3.51954396167223
L,26,S,K,1.42930508040452
L,26,S,D,0.566152002634616
L,26,S,E,6.14448326093992
L,26,S,H,4.10663195163554
L,26,S,N,-1.38258786344119
L,26,S,Q,9.43292637791931
L,26,S,S,-7.71176209485015e-07
L,26,S,T,3.24425166152363
L,26,S,P,4.10854946823126
L,26,S,C,3.26579502086974
L,26,S,G,1.77008731533066
L,26,S,A,1.2045109501694
L,26,S,V,6.30591444882063
L,26,S,I,3.96538657328018
L,26,S,L,5.56247639971665
L,26,S,M,6.61813730118916
L,26,S,F,2.59920678454701
L,26,S,Y,1.84842278693672
L,26,S,W,4.76158304817818
L,27,Q,R,-0.949936921033665
L,27,Q,K,-0.992591496969015
L,27,Q,D,4.43960871140256
L,27,Q,E,-0.585111258559518
L,27,Q,H,-0.719042436269459
L,27,Q,N,1.22461224922777
L,27,Q,Q,-7.71176209485015e-07
L,27,Q,S,-0.607828944236629
L,27,Q,T,-0.324386823047847
L,27,Q,P,2.52780221686865
L,27,Q,C,5.65568121635386
L,27,Q,G,1.64825638284117
L,27,Q,A,0.612808772218944
L,27,Q,V,1.32534019377858
L,27,Q,I,6.15435402265991
L,27,Q,L,3.89700943234178
L,27,Q,M,4.49405595985702
L,27,Q,F,6.58813505088536
L,27,Q,Y,3.29736148683758
L,27,Q,W,5.62902778913246
L,28,S,R,3.98825387501043
L,28,S,K,0.576840352481254
L,28,S,D,-2.47699128118791
L,28,S,E,nan
L,28,S,H,-1.14129018532938
L,28,S,N,-2.61698827597311
L,28,S,Q,nan
L,28,S,S,-7.71176209485015e-07
L,28,S,T,1.85091320289794
L,28,S,P,-1.83719912307252
L,28,S,C,1.85329705365327
L,28,S,G,0.0521020955767789
L,28,S,A,1.51277050708813
L,28,S,V,5.40481606474509
L,28,S,I,nan
L,28,S,L,5.18638426149084
L,28,S,M,nan
L,28,S,F,-0.151588590324278
L,28,S,Y,-0.454387258946614
L,28,S,W,-0.261215856252548
L,29,I,R,10.0891445895672
L,29,I,K,9.69927868356476
L,29,I,D,9.13800314421097
L,29,I,E,9.37729468193317
L,29,I,H,6.22247619317761
L,29,I,N,4.71141273195613
L,29,I,Q,6.46590049754418
L,29,I,S,4.81286757943747
L,29,I,T,4.76645717807008
L,29,I,P,7.9895430498153
L,29,I,C,6.93015147430047
L,29,I,G,2.0985336566642
L,29,I,A,7.70352625668258
L,29,I,V,4.28171442470573
L,29,I,I,-7.71176209485015e-07
L,29,I,L,2.59868637622512
L,29,I,M,4.74586903245904
L,29,I,F,4.49318600058149
L,29,I,Y,9.16382954377087
L,29,I,W,6.25605248871122
L,31,N,R,1.91799664122587
L,31,N,K,1.25058268818352
L,31,N,D,1.94081799492043
L,31,N,E,1.33272738651597
L,31,N,H,2.70380280013833
L,31,N,N,-7.71176209485015e-07
L,31,N,Q,4.98558027712479
L,31,N,S,-0.211173975994421
L,31,N,T,1.18770004992307
L,31,N,P,7.83823554655051
L,31,N,C,6.73134869132272
L,31,N,G,-0.869863743482082
L,31,N,A,6.51881463272008
L,31,N,V,5.58290071255863
L,31,N,I,3.49803218229973
L,31,N,L,7.02877575347544
L,31,N,M,5.33774359268083
L,31,N,F,6.39809706940155
L,31,N,Y,4.12897834166263
L,31,N,W,8.73977919735937
L,32,N,R,4.41160552119738
L,32,N,K,2.6757103079827
L,32,N,D,2.33901741473907
L,32,N,E,2.52818461166971
L,32,N,H,-2.03697065069321
L,32,N,N,-7.71176209485015e-07
L,32,N,Q,-1.66126050563994
L,32,N,S,0.605113928974771
L,32,N,T,2.08353265124834
L,32,N,P,5.04187917930233
L,32,N,C,5.55710642115513
L,32,N,G,-2.07925639569339
L,32,N,A,5.28792702298082
L,32,N,V,3.87006989436822
L,32,N,I,3.48398982517669
L,32,N,L,7.56705893653754
L,32,N,M,5.76828189465084
L,32,N,F,6.77580045389356
L,32,N,Y,3.04472831908031
L,32,N,W,5.08095764542647
L,33,L,R,4.54297589431117
L,33,L,K,6.34495141162886
L,33,L,D,9.01931126544923
L,33,L,E,9.36114669552519
L,33,L,H,6.50474293228004
L,33,L,N,7.2451025748678
L,33,L,Q,4.79238904809393
L,33,L,S,5.65710499367157
L,33,L,T,5.57426756541393
L,33,L,P,4.43137020592192
L,33,L,C,8.28096810854591
L,33,L,G,7.43670976417661
L,33,L,A,7.63108079530247
L,33,L,V,0.617362174038782
L,33,L,I,-0.101933203301931
L,33,L,L,-7.71176209485015e-07
L,33,L,M,1.60326670533476
L,33,L,F,4.59442471422952
L,33,L,Y,8.2173424126657
L,33,L,W,5.52443902732348
L,34,H,R,3.54212193753596
L,34,H,K,7.21029317020194
L,34,H,D,2.07598613021599
L,34,H,E,6.93972092531662
L,34,H,H,-7.71176209485015e-07
L,34,H,N,3.578442875258
L,34,H,Q,3.61793610952525
L,34,H,S,6.13719424040647
L,34,H,T,5.5914599659543
L,34,H,P,2.8148839223898
L,34,H,C,5.87274572159169
L,34,H,G,6.90259632407687
L,34,H,A,5.99555939149677
L,34,H,V,8.91231274778716
L,34,H,I,7.487016228864
L,34,H,L,4.43049242069061
L,34,H,M,8.572921866263
L,34,H,F,8.12966724540941
L,34,H,Y,2.36059222361988
L,34,H,W,8.56779364989608
L,36,Y,R,6.35395119003148
L,36,Y,K,6.05048524987844
L,36,Y,D,1.8335206079306
L,36,Y,E,4.61458920658625
L,36,Y,H,1.94006726113001
L,36,Y,N,3.55884683451396
L,36,Y,Q,4.73501562808555
L,36,Y,S,3.17888577364913
L,36,Y,T,5.72695769303869
L,36,Y,P,6.18736148216727
L,36,Y,C,1.70039845922584
L,36,Y,G,6.32120610893687
L,36,Y,A,9.21561501402001
L,36,Y,V,6.48285781090653
L,36,Y,I,7.70507033520347
L,36,Y,L,5.59507964882055
L,36,Y,M,8.73703319832104
L,36,Y,F,3.12751995558019
L,36,Y,Y,-5.21093744476767e-07
L,36,Y,W,5.03807756123002
L,37,Q,R,-0.86632364748053
L,37,Q,K,1.26200376281328
L,37,Q,D,3.16544859635243
L,37,Q,E,2.02366927620505
L,37,Q,H,-2.36904660903244
L,37,Q,N,4.08340480755687
L,37,Q,Q,-5.21093744476767e-07
L,37,Q,S,2.5615514585293
L,37,Q,T,6.10161870744585
L,37,Q,P,3.84234115876761
L,37,Q,C,4.33598386619684
L,37,Q,G,5.14084546545733
L,37,Q,A,4.85417531829807
L,37,Q,V,-3.00111693244297
L,37,Q,I,-1.83909703427468
L,37,Q,L,-0.719810121530435
L,37,Q,M,-0.389748759341102
L,37,Q,F,-3.09042428336606
L,37,Q,Y,-2.57947843537063
L,37,Q,W,-1.05343911562339
L,39,K,R,0.974788375531121
L,39,K,K,-5.21093744476767e-07
L,39,K,D,6.19082194620289
L,39,K,E,2.55882198191748
L,39,K,H,5.09048744374601
L,39,K,N,3.08893692413318
L,39,K,Q,2.23819643936789
L,39,K,S,3.5804425288446
L,39,K,T,3.46380169615169
L,39,K,P,6.03612543324596
L,39,K,C,3.75826751565155
L,39,K,G,6.12407360653593
L,39,K,A,6.19655138964938
L,39,K,V,6.01840591839834
L,39,K,I,3.78152472860322
L,39,K,L,6.00301239948827
L,39,K,M,6.20727706692934
L,39,K,F,5.89252567250934
L,39,K,Y,8.00814429142284
L,39,K,W,8.25736008304682
L,40,S,R,1.1210286757876
L,40,S,K,0.00775951280966744
L,40,S,D,-2.0276882065745
L,40,S,E,-2.28357777633466
L,40,S,H,2.9031889508106
L,40,S,N,-2.34030634706906
L,40,S,Q,4.23297224780798
L,40,S,S,-5.21093744476767e-07
L,40,S,T,0.296749195611715
L,40,S,P,-2.58019556906416
L,40,S,C,2.59863561529648
L,40,S,G,-2.31595210338033
L,40,S,A,-1.59489607571463
L,40,S,V,3.41962108710084
L,40,S,I,2.44737028979957
L,40,S,L,2.76366451929124
L,40,S,M,5.67798323670422
L,40,S,F,5.9284576817354
L,40,S,Y,4.51393505319283
L,40,S,W,3.43210681820779
L,43,S,R,1.25664900897705
L,43,S,K,0.228256115623405
L,43,S,D,4.44849031669993
L,43,S,E,0.410879454318489
L,43,S,H,1.33182352046081
L,43,S,N,6.09355498371856
L,43,S,Q,4.5509385281715
L,43,S,S,-5.21093744476767e-07
L,43,S,T,3.39280999933123
L,43,S,P,-1.9774817371791
L,43,S,C,3.12274812032993
L,43,S,G,6.07936010434693
L,43,S,A,-2.22347180831123
L,43,S,V,4.58382196549526
L,43,S,I,5.07484748880964
L,43,S,L,4.24565577119029
L,43,S,M,5.5502098370076
L,43,S,F,3.06950010344494
L,43,S,Y,2.12891362173537
L,43,S,W,4.0639635218744
L,44,P,R,3.76280823997268
L,44,P,K,6.08883145488679
L,44,P,D,5.9478757675925
L,44,P,E,8.05294756843867
L,44,P,H,1.36572921651957
L,44,P,N,6.22054181558782
L,44,P,Q,5.16631762968851
L,44,P,S,2.56845668307341
L,44,P,T,2.2157717149277
L,44,P,P,-5.21093744476767e-07
L,44,P,C,5.24312304091225
L,44,P,G,5.75305888595198
L,44,P,A,3.84851157864706
L,44,P,V,7.49010493033315
L,44,P,I,5.84251525193468
L,44,P,L,3.43344784336801
L,44,P,M,4.63568937862633
L,44,P,F,6.87943397159745
L,44,P,Y,4.34707772209646
L,44,P,W,nan
L,45,R,R,-5.21093744476767e-07
L,45,R,K,-0.479436194942772
L,45,R,D,6.55993803090047
L,45,R,E,6.02563353372268
L,45,R,H,2.61473427222997
L,45,R,N,3.87603882529789
L,45,R,Q,3.79950960682311
L,45,R,S,3.65206610829721
L,45,R,T,5.10873822504539
L,45,R,P,4.22764860908137
L,45,R,C,2.49992559562029
L,45,R,G,5.00714147843205
L,45,R,A,5.874794069892
L,45,R,V,1.34588056486499
L,45,R,I,4.64322394754827
L,45,R,L,2.58943718860632
L,45,R,M,6.48189193832661
L,45,R,F,6.55366185967123
L,45,R,Y,5.39766681582614
L,45,R,W,7.16711604404923
L,46,L,R,3.20344346027145
L,46,L,K,4.85031751380513
L,46,L,D,6.26352837643133
L,46,L,E,6.19232910549346
L,46,L,H,5.73430166729444
L,46,L,N,5.00007644305141
L,46,L,Q,4.34100768141881
L,46,L,S,5.42546861624852
L,46,L,T,5.67478343088501
L,46,L,P,3.26915687922507
L,46,L,C,8.69317234754428
L,46,L,G,6.75896877072112
L,46,L,A,5.80789100489755
L,46,L,V,2.82438593083473
L,46,L,I,5.26325294527846
L,46,L,L,-5.21093744476767e-07
L,46,L,M,2.17538829981855
L,46,L,F,5.18737386259248
L,46,L,Y,4.96787330255677
L,46,L,W,5.92883109473451
L,47,L,R,2.58456291002015
L,47,L,K,5.74198184961307
L,47,L,D,8.36103851252166
L,47,L,E,5.67015611504182
L,47,L,H,6.2144576680042
L,47,L,N,6.14767195490972
L,47,L,Q,4.34957593394718
L,47,L,S,1.14354437673676
L,47,L,T,5.91847762242011
L,47,L,P,2.68271699175269
L,47,L,C,6.69892894572989
L,47,L,G,6.53896683788557
L,47,L,A,6.15793156528238
L,47,L,V,4.14616057436588
L,47,L,I,5.65555100731218
L,47,L,L,-5.21093744476767e-07
L,47,L,M,1.56410048767276
L,47,L,F,5.49782345978998
L,47,L,Y,6.383646225196
L,47,L,W,4.65689158627694
L,48,I,R,4.95942016684571
L,48,I,K,6.43928330550139
L,48,I,D,8.24892121440096
L,48,I,E,8.36481923536157
L,48,I,H,6.31011214114985
L,48,I,N,3.37055111570537
L,48,I,Q,5.81873034691124
L,48,I,S,2.7170193954563
L,48,I,T,2.96554764563238
L,48,I,P,6.6778810528756
L,48,I,C,8.84304369775216
L,48,I,G,6.80575325858289
L,48,I,A,5.89436293067736
L,48,I,V,0.328640210563745
L,48,I,I,-5.21093744476767e-07
L,48,I,L,-0.122878963396963
L,48,I,M,2.90910598235853
L,48,I,F,3.17127548467537
L,48,I,Y,4.77862760741991
L,48,I,W,5.63988970148664
L,49,K,R,3.36118003451427
L,49,K,K,-5.21093744476767e-07
L,49,K,D,5.55469750347699
L,49,K,E,2.95510663131974
L,49,K,H,4.43050592284468
L,49,K,N,1.1803542999434
L,49,K,Q,1.28201846311634
L,49,K,S,0.324463283320846
L,49,K,T,2.09750221136728
L,49,K,P,6.31854048603351
L,49,K,C,6.13080763871727
L,49,K,G,5.32713805574219
L,49,K,A,5.75901705296248
L,49,K,V,5.80168103735205
L,49,K,I,3.05680763083811
L,49,K,L,5.97805877047974
L,49,K,M,5.32483697486293
L,49,K,F,5.30886492806272
L,49,K,Y,5.46087874825933
L,49,K,W,5.37333841066494
L,50,Y,R,9.55759753894946
L,50,Y,K,6.53566243249462
L,50,Y,D,3.76729134619904
L,50,Y,E,5.14259025996551
L,50,Y,H,3.32396371300395
L,50,Y,N,4.34749237310447
L,50,Y,Q,8.39272802347865
L,50,Y,S,2.93578346633469
L,50,Y,T,6.24260711127069
L,50,Y,P,7.32450821780066
L,50,Y,C,3.15558591964576
L,50,Y,G,7.58724582556164
L,50,Y,A,9.13684734594477
L,50,Y,V,9.2689609947253
L,50,Y,I,6.05015461671292
L,50,Y,L,5.89534738671541
L,50,Y,M,5.99483275068027
L,50,Y,F,3.60783961240103
L,50,Y,Y,-5.21093744476767e-07
L,50,Y,W,6.39968605087703
L,51,V,R,3.86130434523043
L,51,V,K,1.1224142803874
L,51,V,D,2.01791266651
L,51,V,E,3.95118091726493
L,51,V,H,5.36123291358003
L,51,V,N,1.41898176184252
L,51,V,Q,1.73936090988673
L,51,V,S,-2.46132547067237
L,51,V,T,-1.46522455152089
L,51,V,P,4.86205263504072
L,51,V,C,0.217392305127953
L,51,V,G,-2.80718958273243
L,51,V,A,-2.85270676869104
L,51,V,V,-5.21093744476767e-07
L,51,V,I,1.82235538134157
L,51,V,L,4.58862757779601
L,51,V,M,4.06161310435986
L,51,V,F,2.80971049376569
L,51,V,Y,4.83041911654832
L,51,V,W,3.26201348146566
L,52,S,R,6.18366898849542
L,52,S,K,4.41303628786441
L,52,S,D,-0.620162129725609
L,52,S,E,1.08661492047455
L,52,S,H,5.30452377641221
L,52,S,N,-2.58620717460859
L,52,S,Q,8.24467492351951
L,52,S,S,-5.21093744476767e-07
L,52,S,T,1.41892483186516
L,52,S,P,4.78503188908302
L,52,S,C,4.00196561853719
L,52,S,G,5.70954657385992
L,52,S,A,3.4628624226857
L,52,S,V,5.75046354169364
L,52,S,I,4.29525325220802
L,52,S,L,6.0980824523794
L,52,S,M,9.09500768760186
L,52,S,F,4.01443843119466
L,52,S,Y,1.12633818340074
L,52,S,W,5.634303094778
L,53,Q,R,4.30538853590966
L,53,Q,K,1.33388619644735
L,53,Q,D,0.242696559673602
L,53,Q,E,-0.732061533647354
L,53,Q,H,0.0236307963683864
L,53,Q,N,3.71589226928516
L,53,Q,Q,-5.21093744476767e-07
L,53,Q,S,6.09170805098296
L,53,Q,T,2.52328003255735
L,53,Q,P,4.12773932194965
L,53,Q,C,5.46251675026357
L,53,Q,G,5.57901575804852
L,53,Q,A,5.61425767423775
L,53,Q,V,6.97129468264851
L,53,Q,I,5.53205502672723
L,53,Q,L,4.31575733654991
L,53,Q,M,6.40943034235171
L,53,Q,F,5.51511851719633
L,53,Q,Y,5.00243538991099
L,53,Q,W,8.483859342208
L,54,S,R,-2.77266313697547
L,54,S,K,-2.37105417103383
L,54,S,D,5.24217355356405
L,54,S,E,5.2873182777677
L,54,S,H,-0.239871284970252
L,54,S,N,1.71709733688399
L,54,S,Q,0.449625386852975
L,54,S,S,-5.21093744476767e-07
L,54,S,T,-1.90663235588261
L,54,S,P,-0.110219106464481
L,54,S,C,1.75465940041784
L,54,S,G,2.43576424365203
L,54,S,A,-0.795074899047829
L,54,S,V,-2.21912763724087
L,54,S,I,-1.28116971949266
L,54,S,L,-2.79448957356556
L,54,S,M,3.14417835569336
L,54,S,F,0.475944140489649
L,54,S,Y,1.70812387159699
L,54,S,W,1.2853809257234
L,55,S,R,5.21445237197813
L,55,S,K,3.7353639940651
L,55,S,D,-0.863239197732213
L,55,S,E,-2.14271812672149
L,55,S,H,2.9680501480383
L,55,S,N,0.790735057060473
L,55,S,Q,-2.18742344967114
L,55,S,S,-5.21093744476767e-07
L,55,S,T,2.66471743329152
L,55,S,P,-0.715020321179505
L,55,S,C,-0.978325944464045
L,55,S,G,-0.294583534115716
L,55,S,A,-2.37736595867285
L,55,S,V,-3.12733554592377
L,55,S,I,-2.15290329931408
L,55,S,L,-0.934721882806611
L,55,S,M,-1.5702638787643
L,55,S,F,0.618449494426565
L,55,S,Y,0.911944499811464
L,55,S,W,2.94464185790802
L,71,F,R,6.85309512711505
L,71,F,K,2.80939369287708
L,71,F,D,7.40480328410933
L,71,F,E,4.65478888390809
L,71,F,H,5.90383437600332
L,71,F,N,9.0856056827514
L,71,F,Q,7.68388685130588
L,71,F,S,4.04164386034346
L,71,F,T,9.05188004804336
L,71,F,P,9.21802038067585
L,71,F,C,4.62936226791542
L,71,F,G,9.68101627276418
L,71,F,A,9.01970569101551
L,71,F,V,0.870793909032966
L,71,F,I,0.612938008226296
L,71,F,L,2.60818363077722
L,71,F,M,5.65519564884341
L,71,F,F,-5.53973499527937e-07
L,71,F,Y,3.8157441652776
L,71,F,W,5.57200085030156
L,84,G,R,4.05261348155387
L,84,G,K,nan
L,84,G,D,2.01970770267247
L,84,G,E,nan
L,84,G,H,nan
L,84,G,N,7.47105266965053
L,84,G,Q,7.15739511079549
L,84,G,S,2.8723587408301
L,84,G,T,nan
L,84,G,P,8.04881777609163
L,84,G,C,2.70887873485277
L,84,G,G,-5.53973499527937e-07
L,84,G,A,4.06387863341425
L,84,G,V,2.07938574109441
L,84,G,I,nan
L,84,G,L,8.23532719422606
L,84,G,M,nan
L,84,G,F,nan
L,84,G,Y,nan
L,84,G,W,7.50879299763338
L,85,M,R,4.21860187704162
L,85,M,K,4.53197435612978
L,85,M,D,8.4942411965014
L,85,M,E,9.46173305261695
L,85,M,H,6.89127579857291
L,85,M,N,1.498604374513
L,85,M,Q,6.52609143551825
L,85,M,S,1.64244917302549
L,85,M,T,-0.901495658559637
L,85,M,P,6.10982856112315
L,85,M,C,5.76485605155096
L,85,M,G,6.62613393011122
L,85,M,A,5.77381512518549
L,85,M,V,0.991176161342548
L,85,M,I,0.348620348538502
L,85,M,L,1.90637141421928
L,85,M,M,-5.53973499527937e-07
L,85,M,F,-1.37287983247101
L,85,M,Y,-2.01590033985864
L,85,M,W,-1.04709279548185
L,86,Y,R,7.09741820579999
L,86,Y,K,6.08008540283125
L,86,Y,D,5.24597113781134
L,86,Y,E,6.07539055852704
L,86,Y,H,3.14877603938242
L,86,Y,N,3.57406345579343
L,86,Y,Q,8.14804440998819
L,86,Y,S,2.51066025843411
L,86,Y,T,5.89149531075914
L,86,Y,P,6.58259673676982
L,86,Y,C,2.66909520350049
L,86,Y,G,9.39192674054452
L,86,Y,A,9.22802602279317
L,86,Y,V,7.16137442364697
L,86,Y,I,8.33469966803926
L,86,Y,L,6.40383723504309
L,86,Y,M,6.6940677104485
L,86,Y,F,3.64617492081074
L,86,Y,Y,-5.53973499527937e-07
L,86,Y,W,5.35141432884436
L,87,F,R,nan
L,87,F,K,nan
L,87,F,D,nan
L,87,F,E,nan
L,87,F,H,nan
L,87,F,N,nan
L,87,F,Q,nan
L,87,F,S,1.77886873023726
L,87,F,T,nan
L,87,F,P,nan
L,87,F,C,nan
L,87,F,G,7.33385154813705
L,87,F,A,nan
L,87,F,V,1.50134086436234
L,87,F,I,nan
L,87,F,L,0.896866197598618
L,87,F,M,nan
L,87,F,F,-5.53973499527937e-07
L,87,F,Y,nan
L,87,F,W,nan
L,88,C,R,3.9373161795807
L,88,C,K,9.16995620989267
L,88,C,D,6.1739041580489
L,88,C,E,5.19176722048454
L,88,C,H,5.08264941552478
L,88,C,N,9.44406474848363
L,88,C,Q,8.13162367977586
L,88,C,S,3.96536736388119
L,88,C,T,6.67487326319235
L,88,C,P,10.2006636298593
L,88,C,C,-5.53973499527937e-07
L,88,C,G,5.16425043707654
L,88,C,A,6.80775845224027
L,88,C,V,5.23178650281939
L,88,C,I,6.45784790839008
L,88,C,L,6.07093990683338
L,88,C,M,5.51223911575931
L,88,C,F,2.95602686782175
L,88,C,Y,2.12759263455375
L,88,C,W,3.90665154707927
L,89,Q,R,2.8490776783788
L,89,Q,K,0.948474617190939
L,89,Q,D,2.63874691107869
L,89,Q,E,2.09318961333183
L,89,Q,H,3.10643171377299
L,89,Q,N,6.26524668424293
L,89,Q,Q,-5.53973499527937e-07
L,89,Q,S,5.12593560219955
L,89,Q,T,5.62987987354678
L,89,Q,P,2.83192454485429
L,89,Q,C,4.18698064522579
L,89,Q,G,-1.92672754052464
L,89,Q,A,6.02626815924284
L,89,Q,V,5.01234063632035
L,89,Q,I,4.99109652502239
L,89,Q,L,4.15034633054277
L,89,Q,M,-0.585689690336229
L,89,Q,F,6.2383855651583
L,89,Q,Y,5.29165826033783
L,89,Q,W,4.95048332588087
L,90,Q,R,3.21052312619499
L,90,Q,K,3.19760568424909
L,90,Q,D,4.03550076448627
L,90,Q,E,3.3970333938096
L,90,Q,H,2.84574300858458
L,90,Q,N,5.52654866097221
L,90,Q,Q,-5.53973499527937e-07
L,90,Q,S,0.195587704996623
L,90,Q,T,-0.11864771190094
L,90,Q,P,2.2893764103622
L,90,Q,C,4.91365051782438
L,90,Q,G,6.28115585844264
L,90,Q,A,-0.387411220329424
L,90,Q,V,6.08475830853064
L,90,Q,I,5.54075428606733
L,90,Q,L,3.76468573903575
L,90,Q,M,5.10470575458709
L,90,Q,F,9.32694993871246
L,90,Q,Y,5.51636283294317
L,90,Q,W,8.84281893020751
L,91,S,R,2.17728266372958
L,91,S,K,4.94501872843867
L,91,S,D,8.80975806794662
L,91,S,E,6.08475830853064
L,91,S,H,9.59438840488759
L,91,S,N,3.13525052778025
L,91,S,Q,6.27520527276851
L,91,S,S,-5.53973499527937e-07
L,91,S,T,2.91871832054062
L,91,S,P,5.90005037464151
L,91,S,C,2.24832296868456
L,91,S,G,4.94902835690603
L,91,S,A,5.35003470112495
L,91,S,V,8.86850252494221
L,91,S,I,3.21137593451228
L,91,S,L,5.62874092125964
L,91,S,M,5.46571910012442
L,91,S,F,3.40368566683108
L,91,S,Y,3.92056816813985
L,91,S,W,5.45872606463345
L,92,N,R,2.65505922227834
L,92,N,K,1.73421701095087
L,92,N,D,0.552068283883808
L,92,N,E,1.17687256255149
L,92,N,H,0.301991255118283
L,92,N,N,-5.53973499527937e-07
L,92,N,Q,1.51793302885044
L,92,N,S,-3.21302302999395
L,92,N,T,-2.60062303134974
L,92,N,P,2.85320391852314
L,92,N,C,3.3626891862491
L,92,N,G,-3.29379783692131
L,92,N,A,-3.37758428598396
L,92,N,V,1.22410059558102
L,92,N,I,0.0935980840398822
L,92,N,L,6.10346087739621
L,92,N,M,4.89954591164283
L,92,N,F,2.18299811106983
L,92,N,Y,1.45267105058462
L,92,N,W,3.38434281155665
L,93,S,R,6.25516950922968
L,93,S,K,5.71412443544464
L,93,S,D,6.12362034162269
L,93,S,E,9.05188004804336
L,93,S,H,4.51523700350198
L,93,S,N,5.11013535535385
L,93,S,Q,-1.14788367696903
L,93,S,S,-5.53973499527937e-07
L,93,S,T,-0.227793214976002
L,93,S,P,3.25467374886806
L,93,S,C,5.63277318478758
L,93,S,G,6.39195434214691
L,93,S,A,3.0745053186565
L,93,S,V,7.08891475320034
L,93,S,I,6.25967097980633
L,93,S,L,6.10368317612867
L,93,S,M,8.88578496609096
L,93,S,F,3.3222321807269
L,93,S,Y,1.20968654564255
L,93,S,W,5.32991755896535
L,94,W,R,3.8526348755373
L,94,W,K,6.25771211532099
L,94,W,D,5.84041254956583
L,94,W,E,6.19291212209408
L,94,W,H,8.62978668849762
L,94,W,N,8.70159250136119
L,94,W,Q,7.60298021269308
L,94,W,S,4.47020914023054
L,94,W,T,5.80477949736217
L,94,W,P,7.60831640465098
L,94,W,C,3.80749102352088
L,94,W,G,5.93006975837378
L,94,W,A,9.99985351299576
L,94,W,V,9.64010637002005
L,94,W,I,8.13162367977586
L,94,W,L,3.22258050656585
L,94,W,M,5.93138432777155
L,94,W,F,5.65640890658889
L,94,W,Y,5.42146409112038
L,94,W,W,-5.53973499527937e-07
L,95,P,R,5.50068410148671
L,95,P,K,6.34093178831548
L,95,P,D,5.96971875882001
L,95,P,E,6.36877065209346
L,95,P,H,3.76198726813606
L,95,P,N,6.68069109875102
L,95,P,Q,1.60575605278151
L,95,P,S,2.29459632460346
L,95,P,T,2.92569315111534
L,95,P,P,-5.53973499527937e-07
L,95,P,C,5.44278231478132
L,95,P,G,6.83738904149086
L,95,P,A,4.09281181978699
L,95,P,V,5.99932475222223
L,95,P,I,8.42754982200273
L,95,P,L,3.79399930921724
L,95,P,M,6.28479307392366
L,95,P,F,8.87008605654785
L,95,P,Y,1.31726521225528
L,95,P,W,8.94034395034139
L,96,R,R,-5.53973499527937e-07
L,96,R,K,9.26494661140722
L,96,R,D,8.89508735875327
L,96,R,E,8.89354295690189
L,96,R,H,2.4182533195844
L,96,R,N,7.71450148712548
L,96,R,Q,8.64970766599218
L,96,R,S,3.05718542912099
L,96,R,T,5.39470579917027
L,96,R,P,4.32461044534406
L,96,R,C,3.2082057965889
L,96,R,G,2.50683338657277
L,96,R,A,5.54738182435242
L,96,R,V,6.71765212417842
L,96,R,I,6.86811686881089
L,96,R,L,4.16975088255833
L,96,R,M,5.67176020811493
L,96,R,F,6.79309149814447
L,96,R,Y,6.02176519418321
L,96,R,W,5.60743288790388
L,97,T,R,6.25891316480321
L,97,T,K,5.3830273842793
L,97,T,D,6.22987731632755
L,97,T,E,8.22933915238144
L,97,T,H,8.38220200202427
L,97,T,N,2.76526345426341
L,97,T,Q,7.71951402894903
L,97,T,S,3.60165011255752
L,97,T,T,-5.53973499527937e-07
L,97,T,P,1.88894140264149
L,97,T,C,5.86974016466035
L,97,T,G,6.95379615555425
L,97,T,A,3.43147369681756
L,97,T,V,1.01809797938921
L,97,T,I,1.91843921328451
L,97,T,L,5.21642786139053
L,97,T,M,4.92231112241585
L,97,T,F,6.8111463719122
L,97,T,Y,8.34277508204481
L,97,T,W,9.39754473284874
L,98,F,R,6.43295463361382
L,98,F,K,7.95458615112851
L,98,F,D,6.00218715450374
L,98,F,E,6.19121712193753
L,98,F,H,6.65134276578216
L,98,F,N,6.88605930265402
L,98,F,Q,5.40557439385206
L,98,F,S,4.49610304891544
L,98,F,T,6.51029874865824
L,98,F,P,6.90146173665829
L,98,F,C,5.73831092685261
L,98,F,G,6.26931586584966
L,98,F,A,8.31284087422676
L,98,F,V,2.74045142600417
L,98,F,I,3.78681975559259
L,98,F,L,3.18316584729668
L,98,F,M,6.31235841587142
L,98,F,F,-5.53973499527937e-07
L,98,F,Y,4.18777997673657
L,98,F,W,7.03901381008985
L,99,G,R,4.29744158885451
L,99,G,K,7.06471305339743
L,99,G,D,4.25895553987691
L,99,G,E,5.82131819672969
L,99,G,H,6.46006207230286
L,99,G,N,9.59362123952584
L,99,G,Q,6.75431949008471
L,99,G,S,-1.0117093304858
L,99,G,T,6.0150110047182
L,99,G,P,6.86346834021907
L,99,G,C,2.7716796360918
L,99,G,G,-5.53973499527937e-07
L,99,G,A,3.44230666046621
L,99,G,V,4.63488251679128
L,99,G,I,6.50793662523787
L,99,G,L,6.38780023613328
L,99,G,M,6.14171320145811
L,99,G,F,6.42766367174561
L,99,G,Y,5.66080838574837
L,99,G,W,3.62256868502687
L,102,T,R,5.95044597092305
L,102,T,K,4.48545256166245
L,102,T,D,9.01834236428765
L,102,T,E,6.12894460081931
L,102,T,H,4.24446335487476
L,102,T,N,1.59951883504009
L,102,T,Q,8.9751300664268
L,102,T,S,3.76689651222472
L,102,T,T,-5.53973499527937e-07
L,102,T,P,1.75914340848385
L,102,T,C,6.02686980777792
L,102,T,G,8.0701709005622
L,102,T,A,1.53762591451878
L,102,T,V,6.05981428173404
L,102,T,I,3.10655304117317
L,102,T,L,7.85888063627259
L,102,T,M,5.14697496679678
L,102,T,F,6.21994259409346
L,102,T,Y,8.80301267980709
L,102,T,W,5.79514440161577
H,11,V,R,0.714825639
H,11,V,K,1.389785416
H,11,V,D,1.091000061
H,11,V,E,0.441016817
H,11,V,H,-0.497046661
H,11,V,N,-0.398982621
H,11,V,Q,0.446374785
H,11,V,S,1.387341418
H,11,V,T,-0.309619383
H,11,V,P,1.470016377
H,11,V,C,4.039682138
H,11,V,G,3.046644529
H,11,V,A,2.937980585
H,11,V,V,-1.08e-06
H,11,V,I,0.609740762
H,11,V,L,1.137183223
H,11,V,M,4.563814511
H,11,V,F,-0.19256525
H,11,V,Y,nan
H,11,V,W,0.580853476
H,21,S,R,3.251691129
H,21,S,K,1.193944019
H,21,S,D,5.157356587
H,21,S,E,8.773559924
H,21,S,H,1.665513567
H,21,S,N,5.389943079
H,21,S,Q,5.686200716
H,21,S,S,-1.08e-06
H,21,S,T,1.839748294
H,21,S,P,0.920296331
H,21,S,C,2.093082672
H,21,S,G,1.829005058
H,21,S,A,0.873163919
H,21,S,V,3.029825592
H,21,S,I,nan
H,21,S,L,5.242040854
H,21,S,M,8.069280903
H,21,S,F,2.647332004
H,21,S,Y,0.686146932
H,21,S,W,0.112839538
H,22,C,R,3.500549217
H,22,C,K,8.908013401
H,22,C,D,8.271307531
H,22,C,E,8.643711777
H,22,C,H,nan
H,22,C,N,9.282908443
H,22,C,Q,8.031253508
H,22,C,S,4.798897521
H,22,C,T,6.077942243
H,22,C,P,6.869370393
H,22,C,C,-1.08e-06
H,22,C,G,5.332392274
H,22,C,A,9.165402531
H,22,C,V,9.012082761
H,22,C,I,8.141254403
H,22,C,L,6.57896762
H,22,C,M,8.324732698
H,22,C,F,3.65970332
H,22,C,Y,2.585714171
H,22,C,W,3.257207925
H,23,K,R,0.969219922
H,23,K,K,-1.08e-06
H,23,K,D,6.024072533
H,23,K,E,3.22571799
H,23,K,H,2.037634567
H,23,K,N,1.489229176
H,23,K,Q,1.323231686
H,23,K,S,2.943767803
H,23,K,T,1.951656034
H,23,K,P,6.201928223
H,23,K,C,0.926950691
H,23,K,G,7.942895847
H,23,K,A,6.550165629
H,23,K,V,2.438373548
H,23,K,I,3.40601335
H,23,K,L,4.127431705
H,23,K,M,2.154762197
H,23,K,F,9.116861712
H,23,K,Y,4.83432685
H,23,K,W,2.159238326
H,24,A,R,4.393637647
H,24,A,K,5.869921853
H,24,A,D,3.884261049
H,24,A,E,1.048462116
H,24,A,H,6.147942015
H,24,A,N,9.534469207
H,24,A,Q,8.676772639
H,24,A,S,4.460811079
H,24,A,T,3.350297953
H,24,A,P,4.680056595
H,24,A,C,0.921804531
H,24,A,G,3.532722751
H,24,A,A,-1.08e-06
H,24,A,V,3.443271518
H,24,A,I,5.644371562
H,24,A,L,6.249090499
H,24,A,M,8.769863062
H,24,A,F,9.731056341
H,24,A,Y,8.970533758
H,24,A,W,6.439972519
H,25,T,R,3.537505788
H,25,T,K,5.444564164
H,25,T,D,nan
H,25,T,E,2.965465356
H,25,T,H,1.662036043
H,25,T,N,2.519928895
H,25,T,Q,nan
H,25,T,S,0.981859267
H,25,T,T,-1.08e-06
H,25,T,P,1.660350608
H,25,T,C,1.702789754
H,25,T,G,6.306935319
H,25,T,A,3.139600497
H,25,T,V,1.047900007
H,25,T,I,1.46325911
H,25,T,L,2.907320912
H,25,T,M,4.634018769
H,25,T,F,2.162756118
H,25,T,Y,0.323766996
H,25,T,W,2.21958354
H,26,G,R,5.805258246
H,26,G,K,8.386376861
H,26,G,D,3.057357416
H,26,G,E,4.720049455
H,26,G,H,8.30723954
H,26,G,N,6.69512425
H,26,G,Q,7.933615038
H,26,G,S,4.11083941
H,26,G,T,9.046371834
H,26,G,P,9.278463991
H,26,G,C,3.570261669
H,26,G,G,-1.08e-06
H,26,G,A,4.468462922
H,26,G,V,3.115260275
H,26,G,I,7.844269938
H,26,G,L,7.141733017
H,26,G,M,8.113083526
H,26,G,F,6.769997919
H,26,G,Y,7.983625459
H,26,G,W,8.626762219
H,27,Y,R,6.277039854
H,27,Y,K,6.211418079
H,27,Y,D,3.454965166
H,27,Y,E,5.563454006
H,27,Y,H,3.541237135
H,27,Y,N,4.618035042
H,27,Y,Q,5.601859568
H,27,Y,S,3.327626372
H,27,Y,T,9.262750985
H,27,Y,P,9.349385217
H,27,Y,C,3.373923804
H,27,Y,G,6.868352729
H,27,Y,A,9.309168157
H,27,Y,V,6.978103593
H,27,Y,I,6.493857607
H,27,Y,L,6.703388235
H,27,Y,M,8.732122734
H,27,Y,F,4.008212551
H,27,Y,Y,-1.08e-06
H,27,Y,W,5.266011527
H,28,T,R,2.865158397
H,28,T,K,2.203896919
H,28,T,D,-1.452165674
H,28,T,E,-1.32425857
H,28,T,H,3.686381959
H,28,T,N,1.251038498
H,28,T,Q,1.801657849
H,28,T,S,0.705450468
H,28,T,T,-1.08e-06
H,28,T,P,0.360292763
H,28,T,C,6.120880093
H,28,T,G,5.016393859
H,28,T,A,0.531009329
H,28,T,V,-1.06151618
H,28,T,I,-0.365108928
H,28,T,L,1.862736208
H,28,T,M,1.354924669
H,28,T,F,5.07225795
H,28,T,Y,5.427813353
H,28,T,W,5.958801143
H,29,F,R,9.541342086
H,29,F,K,9.216446417
H,29,F,D,8.68082944
H,29,F,E,8.949093427
H,29,F,H,9.071338457
H,29,F,N,7.307334668
H,29,F,Q,8.631026617
H,29,F,S,3.534575003
H,29,F,T,6.25068401
H,29,F,P,9.653018233
H,29,F,C,2.128358053
H,29,F,G,7.885057947
H,29,F,A,7.009915421
H,29,F,V,4.250669525
H,29,F,I,2.562063806
H,29,F,L,1.833804321
H,29,F,M,6.4119005
H,29,F,F,-1.08e-06
H,29,F,Y,2.899334243
H,29,F,W,5.343255965
H,30,S,R,2.17970219
H,30,S,K,3.449231898
H,30,S,D,4.328425398
H,30,S,E,1.912238041
H,30,S,H,5.508895022
H,30,S,N,2.014385219
H,30,S,Q,0.967804379
H,30,S,S,-1.08e-06
H,30,S,T,-2.658459346
H,30,S,P,1.492247028
H,30,S,C,3.525851041
H,30,S,G,3.349162307
H,30,S,A,1.459789144
H,30,S,V,6.247216085
H,30,S,I,4.110423246
H,30,S,L,5.708865787
H,30,S,M,1.250865643
H,30,S,F,3.710437604
H,30,S,Y,0.806328438
H,30,S,W,8.499317272
H,31,T,R,4.989260679
H,31,T,K,2.452668785
H,31,T,D,-1.36570494
H,31,T,E,-2.42989127
H,31,T,H,-2.206021132
H,31,T,N,-2.297146325
H,31,T,Q,nan
H,31,T,S,2.916894005
H,31,T,T,-1.08e-06
H,31,T,P,1.84185277
H,31,T,C,8.802652885
H,31,T,G,5.998899036
H,31,T,A,1.771895015
H,31,T,V,4.755200001
H,31,T,I,2.890124425
H,31,T,L,6.126015304
H,31,T,M,8.489561097
H,31,T,F,2.3367709
H,31,T,Y,1.569651412
H,31,T,W,8.823930284
H,32,Y,R,2.928544233
H,32,Y,K,7.127915871
H,32,Y,D,2.745810326
H,32,Y,E,5.642017928
H,32,Y,H,3.112373872
H,32,Y,N,4.621276147
H,32,Y,Q,8.958338485
H,32,Y,S,1.614056075
H,32,Y,T,6.878020135
H,32,Y,P,6.476270836
H,32,Y,C,4.04017314
H,32,Y,G,3.775726768
H,32,Y,A,6.481513085
H,32,Y,V,10.17632309
H,32,Y,I,9.315626737
H,32,Y,L,6.556163648
H,32,Y,M,9.47039035
H,32,Y,F,2.202866115
H,32,Y,Y,-1.08e-06
H,32,Y,W,9.700859942
H,34,I,R,3.86251144
H,34,I,K,4.754733736
H,34,I,D,8.195321624
H,34,I,E,6.202891459
H,34,I,H,3.209662316
H,34,I,N,0.603808697
H,34,I,Q,2.016870161
H,34,I,S,0.622549001
H,34,I,T,3.193699574
H,34,I,P,6.411052827
H,34,I,C,1.418406346
H,34,I,G,6.825634999
H,34,I,A,6.705791018
H,34,I,V,4.425149698
H,34,I,I,-1.08e-06
H,34,I,L,0.926161829
H,34,I,M,1.831379937
H,34,I,F,1.935870535
H,34,I,Y,4.377849962
H,34,I,W,5.67138563
H,35,E,R,5.693291268
H,35,E,K,3.307892206
H,35,E,D,0.43210863
H,35,E,E,-1.08e-06
H,35,E,H,4.625225706
H,35,E,N,5.52741407
H,35,E,Q,2.496038368
H,35,E,S,6.791327686
H,35,E,T,7.117426265
H,35,E,P,2.350655931
H,35,E,C,8.802652885
H,35,E,G,4.226993903
H,35,E,A,2.024338853
H,35,E,V,4.19616455
H,35,E,I,6.211625139
H,35,E,L,4.31570929
H,35,E,M,8.459708134
H,35,E,F,9.40388912
H,35,E,Y,5.966502681
H,35,E,W,6.522938816
H,36,W,R,3.550615516
H,36,W,K,8.21486622
H,36,W,D,8.054243026
H,36,W,E,8.252845468
H,36,W,H,8.927183317
H,36,W,N,8.31310466
H,36,W,Q,8.246614919
H,36,W,S,2.700678653
H,36,W,T,5.505774895
H,36,W,P,3.242096486
H,36,W,C,1.866201867
H,36,W,G,3.103618507
H,36,W,A,6.262483557
H,36,W,V,9.343141701
H,36,W,I,8.508979183
H,36,W,L,3.935039945
H,36,W,M,5.543019068
H,36,W,F,9.380031129
H,36,W,Y,6.176223212
H,36,W,W,-1.08e-06
H,37,V,R,3.659038299
H,37,V,K,3.674831749
H,37,V,D,1.345392561
H,37,V,E,5.124130939
H,37,V,H,3.564483691
H,37,V,N,nan
H,37,V,Q,4.092598025
H,37,V,S,2.003356442
H,37,V,T,3.331477615
H,37,V,P,2.840209053
H,37,V,C,2.245891046
H,37,V,G,2.36950645
H,37,V,A,2.711242773
H,37,V,V,-1.08e-06
H,37,V,I,-2.389278608
H,37,V,L,-1.375264437
H,37,V,M,-3.043710908
H,37,V,F,1.590227978
H,37,V,Y,5.285973965
H,37,V,W,5.454321125
H,38,K,R,1.363737984
H,38,K,K,-1.08e-06
H,38,K,D,4.989727327
H,38,K,E,3.341622906
H,38,K,H,3.983935042
H,38,K,N,0.747073696
H,38,K,Q,0.565164712
H,38,K,S,5.160368637
H,38,K,T,1.030060822
H,38,K,P,7.046422837
H,38,K,C,8.622479557
H,38,K,G,5.688096451
H,38,K,A,6.236166248
H,38,K,V,-0.134024882
H,38,K,I,2.488211359
H,38,K,L,3.609632905
H,38,K,M,1.013737798
H,38,K,F,5.938331804
H,38,K,Y,1.678002105
H,38,K,W,8.555936166
H,39,Q,R,3.904288154
H,39,Q,K,0.508961954
H,39,Q,D,4.968562516
H,39,Q,E,2.127637051
H,39,Q,H,0.999217828
H,39,Q,N,4.195733488
H,39,Q,Q,-1.08e-06
H,39,Q,S,2.704719062
H,39,Q,T,4.436128332
H,39,Q,P,2.041559024
H,39,Q,C,5.816970947
H,39,Q,G,4.858757909
H,39,Q,A,1.939544977
H,39,Q,V,7.256653182
H,39,Q,I,3.859078628
H,39,Q,L,2.038568904
H,39,Q,M,0.762680376
H,39,Q,F,2.319291808
H,39,Q,Y,1.169060608
H,39,Q,W,8.942882226
H,42,G,R,4.487705005
H,42,G,K,8.186434852
H,42,G,D,-0.266432454
H,42,G,E,5.094284365
H,42,G,H,8.231897226
H,42,G,N,1.973866303
H,42,G,Q,5.373728609
H,42,G,S,3.342267065
H,42,G,T,8.073292196
H,42,G,P,6.17047419
H,42,G,C,2.66325257
H,42,G,G,-5.95e-07
H,42,G,A,4.262133226
H,42,G,V,3.263411458
H,42,G,I,nan
H,42,G,L,6.351913524
H,42,G,M,nan
H,42,G,F,7.969088419
H,42,G,Y,4.489773258
H,42,G,W,5.284703132
H,43,H,R,0.706534345
H,43,H,K,-0.369558593
H,43,H,D,1.846396267
H,43,H,E,-0.080180884
H,43,H,H,-5.95e-07
H,43,H,N,1.44401243
H,43,H,Q,0.489328601
H,43,H,S,4.452946371
H,43,H,T,5.160614681
H,43,H,P,3.642873407
H,43,H,C,4.761706973
H,43,H,G,-1.467921092
H,43,H,A,3.096038889
H,43,H,V,2.453972636
H,43,H,I,0.05064087
H,43,H,L,1.474874907
H,43,H,M,nan
H,43,H,F,5.040950177
H,43,H,Y,-0.665230552
H,43,H,W,5.013021401
H,44,G,R,-0.494590506
H,44,G,K,-0.234357565
H,44,G,D,0.791032675
H,44,G,E,0.334313482
H,44,G,H,4.286458224
H,44,G,N,0.475974042
H,44,G,Q,0.464421567
H,44,G,S,-0.693460775
H,44,G,T,0.093212238
H,44,G,P,-0.715567881
H,44,G,C,2.544064053
H,44,G,G,-5.95e-07
H,44,G,A,-0.448919706
H,44,G,V,3.856668118
H,44,G,I,nan
H,44,G,L,5.543016941
H,44,G,M,3.855814948
H,44,G,F,5.842851569
H,44,G,Y,nan
H,44,G,W,4.372242206
H,45,L,R,1.24139761
H,45,L,K,4.982378335
H,45,L,D,6.747622457
H,45,L,E,4.993868969
H,45,L,H,3.317100953
H,45,L,N,5.304218416
H,45,L,Q,0.521703855
H,45,L,S,4.810234014
H,45,L,T,5.528530874
H,45,L,P,-0.119145626
H,45,L,C,4.387905363
H,45,L,G,6.599253051
H,45,L,A,6.439502635
H,45,L,V,4.903482435
H,45,L,I,1.096010854
H,45,L,L,-5.95e-07
H,45,L,M,0.485894044
H,45,L,F,0.154048275
H,45,L,Y,4.045405065
H,45,L,W,4.064567771
H,46,E,R,9.305001755
H,46,E,K,4.015945532
H,46,E,D,1.367978803
H,46,E,E,-5.95e-07
H,46,E,H,8.341249763
H,46,E,N,8.755968077
H,46,E,Q,0.37407288
H,46,E,S,8.95783423
H,46,E,T,5.890172225
H,46,E,P,9.189116614
H,46,E,C,8.279628629
H,46,E,G,3.210760642
H,46,E,A,1.229481329
H,46,E,V,3.042201839
H,46,E,I,8.068070252
H,46,E,L,9.573891328
H,46,E,M,8.158131076
H,46,E,F,8.549138101
H,46,E,Y,8.275382338
H,46,E,W,8.275382338
H,47,W,R,4.039121399
H,47,W,K,8.841662798
H,47,W,D,5.359543974
H,47,W,E,8.457703895
H,47,W,H,5.480496584
H,47,W,N,6.17047419
H,47,W,Q,4.516206515
H,47,W,S,4.437045897
H,47,W,T,8.792147733
H,47,W,P,9.134764938
H,47,W,C,1.593727877
H,47,W,G,3.66918113
H,47,W,A,8.776802164
H,47,W,V,5.437701074
H,47,W,I,7.73577775
H,47,W,L,3.522145516
H,47,W,M,7.846234745
H,47,W,F,4.963010981
H,47,W,Y,-3.281107504
H,47,W,W,-5.95e-07
H,48,I,R,4.107913295
H,48,I,K,4.476167606
H,48,I,D,5.362261367
H,48,I,E,8.740052621
H,48,I,H,5.112482195
H,48,I,N,2.124381246
H,48,I,Q,8.292260376
H,48,I,S,2.519350454
H,48,I,T,2.626167453
H,48,I,P,9.87627319
H,48,I,C,8.860802138
H,48,I,G,5.672832162
H,48,I,A,7.317624659
H,48,I,V,0.34143945
H,48,I,I,-5.95e-07
H,48,I,L,2.985249731
H,48,I,M,1.513704356
H,48,I,F,3.107531
H,48,I,Y,6.404353557
H,48,I,W,8.506156278
H,49,G,R,5.308840215
H,49,G,K,8.461243722
H,49,G,D,1.299571293
H,49,G,E,4.631086791
H,49,G,H,8.32112836
H,49,G,N,5.660152345
H,49,G,Q,nan
H,49,G,S,2.808510817
H,49,G,T,8.406783805
H,49,G,P,3.682260998
H,49,G,C,2.436945364
H,49,G,G,-5.95e-07
H,49,G,A,4.771717067
H,49,G,V,2.373821794
H,49,G,I,-0.943842233
H,49,G,L,6.882489855
H,49,G,M,8.181772839
H,49,G,F,8.611854575
H,49,G,Y,8.292260376
H,49,G,W,7.440769637
H,50,E,R,6.409842175
H,50,E,K,3.00325978
H,50,E,D,1.048974599
H,50,E,E,-5.95e-07
H,50,E,H,nan
H,50,E,N,6.151242828
H,50,E,Q,3.727197571
H,50,E,S,8.853667744
H,50,E,T,6.255631998
H,50,E,P,8.989582928
H,50,E,C,8.353131091
H,50,E,G,2.996334259
H,50,E,A,2.577312608
H,50,E,V,2.933366572
H,50,E,I,8.218474206
H,50,E,L,9.044307828
H,50,E,M,7.713636624
H,50,E,F,6.023703618
H,50,E,Y,7.878391857
H,50,E,W,5.230085907
H,51,I,R,5.261701316
H,51,I,K,5.84431892
H,51,I,D,5.779193717
H,51,I,E,8.143672993
H,51,I,H,8.204868554
H,51,I,N,2.896822719
H,51,I,Q,0.503691971
H,51,I,S,1.532693553
H,51,I,T,3.294579234
H,51,I,P,9.385278244
H,51,I,C,-0.550966723
H,51,I,G,7.03128577
H,51,I,A,8.831953984
H,51,I,V,-0.368882946
H,51,I,I,-5.95e-07
H,51,I,L,1.995921419
H,51,I,M,3.000880814
H,51,I,F,2.889430075
H,51,I,Y,8.258214535
H,51,I,W,5.654343514
H,52,L,R,3.456075769
H,52,L,K,6.381480895
H,52,L,D,7.73577775
H,52,L,E,8.093911483
H,52,L,H,5.559565108
H,52,L,N,7.81974313
H,52,L,Q,4.741087686
H,52,L,S,6.391711163
H,52,L,T,8.526223841
H,52,L,P,3.345141496
H,52,L,C,nan
H,52,L,G,5.713311469
H,52,L,A,8.59654034
H,52,L,V,2.590217218
H,52,L,I,nan
H,52,L,L,-5.95e-07
H,52,L,M,0.748516192
H,52,L,F,5.16283368
H,52,L,Y,nan
H,52,L,W,8.133916818
H,53,P,R,3.32743678
H,53,P,K,5.588385546
H,53,P,D,nan
H,53,P,E,5.481701404
H,53,P,H,4.957758723
H,53,P,N,8.158131076
H,53,P,Q,1.580353305
H,53,P,S,1.843161881
H,53,P,T,1.501094556
H,53,P,P,-5.95e-07
H,53,P,C,8.679428
H,53,P,G,6.207424755
H,53,P,A,4.410215681
H,53,P,V,8.877253743
H,53,P,I,5.380746182
H,53,P,L,2.497008514
H,53,P,M,4.849869761
H,53,P,F,5.465006525
H,53,P,Y,8.114114191
H,53,P,W,7.991946557
H,54,G,R,4.81911467
H,54,G,K,6.63250965
H,54,G,D,2.609780238
H,54,G,E,6.164104742
H,54,G,H,6.381480895
H,54,G,N,8.933894022
H,54,G,Q,5.084480365
H,54,G,S,4.049202335
H,54,G,T,8.953523878
H,54,G,P,9.298904175
H,54,G,C,3.222160001
H,54,G,G,-5.95e-07
H,54,G,A,2.285025808
H,54,G,V,3.989010936
H,54,G,I,8.041543498
H,54,G,L,7.21807162
H,54,G,M,8.399293133
H,54,G,F,8.970654918
H,54,G,Y,8.387950856
H,54,G,W,5.257082851
H,56,G,R,2.080000747
H,56,G,K,8.39552665
H,56,G,D,-0.665124912
H,56,G,E,0.672994681
H,56,G,H,nan
H,56,G,N,-0.84379525
H,56,G,Q,0.577076031
H,56,G,S,2.893115072
H,56,G,T,6.036575599
H,56,G,P,6.882489855
H,56,G,C,2.629086087
H,56,G,G,-5.95e-07
H,56,G,A,3.101813617
H,56,G,V,3.314691721
H,56,G,I,5.285436002
H,56,G,L,7.015047253
H,56,G,M,7.569387015
H,56,G,F,9.004060947
H,56,G,Y,7.706145952
H,56,G,W,4.618251582
H,57,S,R,1.580206573
H,57,S,K,6.267226331
H,57,S,D,4.135399811
H,57,S,E,4.193993975
H,57,S,H,5.539595382
H,57,S,N,2.84840841
H,57,S,Q,7.577970759
H,57,S,S,-5.95e-07
H,57,S,T,1.708242598
H,57,S,P,2.173630633
H,57,S,C,2.43298425
H,57,S,G,1.352586154
H,57,S,A,-2.926672033
H,57,S,V,-2.289554595
H,57,S,I,1.846899792
H,57,S,L,5.078376582
H,57,S,M,-0.254340996
H,57,S,F,4.458811032
H,57,S,Y,nan
H,57,S,W,4.858870722
H,58,T,R,5.432190294
H,58,T,K,5.952692582
H,58,T,D,nan
H,58,T,E,1.753826566
H,58,T,H,4.822536534
H,58,T,N,1.333914595
H,58,T,Q,nan
H,58,T,S,2.470864565
H,58,T,T,-5.95e-07
H,58,T,P,1.618625265
H,58,T,C,nan
H,58,T,G,6.671730363
H,58,T,A,2.068582422
H,58,T,V,-0.775801483
H,58,T,I,nan
H,58,T,L,8.258214535
H,58,T,M,0.217960339
H,58,T,F,nan
H,58,T,Y,nan
H,58,T,W,7.644110561
H,59,Y,R,5.838579275
H,59,Y,K,6.873100115
H,59,Y,D,1.752443071
H,59,Y,E,5.098837321
H,59,Y,H,2.331180406
H,59,Y,N,2.784957376
H,59,Y,Q,5.990055583
H,59,Y,S,1.175508906
H,59,Y,T,5.658453109
H,59,Y,P,6.718250378
H,59,Y,C,0.878789588
H,59,Y,G,2.553599074
H,59,Y,A,5.284174172
H,59,Y,V,5.706168582
H,59,Y,I,6.144749299
H,59,Y,L,5.139469479
H,59,Y,M,8.218474206
H,59,Y,F,-1.034860703
H,59,Y,Y,-5.95e-07
H,59,Y,W,-1.774663185
H,60,Y,R,6.146299206
H,60,Y,K,2.716057866
H,60,Y,D,0.32348565
H,60,Y,E,0.314754786
H,60,Y,H,0.355729797
H,60,Y,N,1.365275532
H,60,Y,Q,nan
H,60,Y,S,1.250777577
H,60,Y,T,-2.012087028
H,60,Y,P,4.053450161
H,60,Y,C,-1.436117795
H,60,Y,G,5.95748301
H,60,Y,A,-1.282819113
H,60,Y,V,-2.888146928
H,60,Y,I,-1.608767979
H,60,Y,L,-0.21168739
H,60,Y,M,3.914409113
H,60,Y,F,1.708364192
H,60,Y,Y,-5.95e-07
H,60,Y,W,7.63607839
H,61,N,R,1.373626564
H,61,N,K,0.769992199
H,61,N,D,nan
H,61,N,E,2.734007391
H,61,N,H,0.815436404
H,61,N,N,-5.95e-07
H,61,N,Q,5.454854154
H,61,N,S,0.014486755
H,61,N,T,1.853169132
H,61,N,P,5.848106804
H,61,N,C,nan
H,61,N,G,1.765205764
H,61,N,A,-1.081470795
H,61,N,V,5.213692097
H,61,N,I,1.905236767
H,61,N,L,5.20499639
H,61,N,M,7.497928051
H,61,N,F,nan
H,61,N,Y,1.572423596
H,61,N,W,7.479235918
H,62,E,R,-0.409687551
H,62,E,K,-0.646084595
H,62,E,D,0.773285802
H,62,E,E,-5.95e-07
H,62,E,H,3.819510371
H,62,E,N,-0.202120566
H,62,E,Q,2.969000982
H,62,E,S,1.352121544
H,62,E,T,0.840182508
H,62,E,P,1.611329093
H,62,E,C,7.63607839
H,62,E,G,2.90152861
H,62,E,A,1.006741615
H,62,E,V,2.016127013
H,62,E,I,5.523847025
H,62,E,L,5.811529098
H,62,E,M,8.088796383
H,62,E,F,7.51627719
H,62,E,Y,7.667827088
H,62,E,W,nan
H,63,K,R,-0.216137331
H,63,K,K,-5.95e-07
H,63,K,D,2.717999081
H,63,K,E,1.744031785
H,63,K,H,0.726309754
H,63,K,N,0.314328823
H,63,K,Q,0.690361499
H,63,K,S,5.488302088
H,63,K,T,1.239579218
H,63,K,P,2.290396489
H,63,K,C,5.373728609
H,63,K,G,2.210344781
H,63,K,A,0.325738753
H,63,K,V,1.668094925
H,63,K,I,3.032325136
H,63,K,L,1.778306389
H,63,K,M,5.300703474
H,63,K,F,nan
H,63,K,Y,4.444103221
H,63,K,W,nan
H,64,F,R,6.179803177
H,64,F,K,8.104063855
H,64,F,D,5.769759685
H,64,F,E,8.271117939
H,64,F,H,8.726593468
H,64,F,N,8.495969433
H,64,F,Q,6.084328239
H,64,F,S,3.620328635
H,64,F,T,8.881904914
H,64,F,P,9.917472796
H,64,F,C,2.848452787
H,64,F,G,6.534003893
H,64,F,A,1.623439126
H,64,F,V,2.289784611
H,64,F,I,3.01453141
H,64,F,L,1.335327216
H,64,F,M,5.57695685
H,64,F,F,-5.95e-07
H,64,F,Y,-0.389585227
H,64,F,W,6.502400964
H,65,K,R,0.541487181
H,65,K,K,-5.95e-07
H,65,K,D,nan
H,65,K,E,-0.564075495
H,65,K,H,3.084060811
H,65,K,N,0.116981332
H,65,K,Q,0.558219993
H,65,K,S,1.981588156
H,65,K,T,0.637786553
H,65,K,P,2.275681055
H,65,K,C,4.533448321
H,65,K,G,5.555849756
H,65,K,A,0.189120069
H,65,K,V,8.676583048
H,65,K,I,1.775662733
H,65,K,L,4.855233031
H,65,K,M,1.546606381
H,65,K,F,nan
H,65,K,Y,5.137250401
H,65,K,W,7.963291301
H,66,G,R,3.031238155
H,66,G,K,5.986246055
H,66,G,D,-0.081795182
H,66,G,E,0.769682286
H,66,G,H,6.176803325
H,66,G,N,0.180053661
H,66,G,Q,7.543184643
H,66,G,S,0.306884535
H,66,G,T,0.97148368
H,66,G,P,6.663916027
H,66,G,C,1.960806618
H,66,G,G,-5.95e-07
H,66,G,A,3.394785099
H,66,G,V,2.887770324
H,66,G,I,7.933790636
H,66,G,L,3.838326806
H,66,G,M,nan
H,66,G,F,7.627981179
H,66,G,Y,5.205393294
H,66,G,W,7.61158737
H,67,K,R,3.323197787
H,67,K,K,-5.95e-07
H,67,K,D,nan
H,67,K,E,2.5767467
H,67,K,H,3.347348578
H,67,K,N,0.740132247
H,67,K,Q,1.136545864
H,67,K,S,6.679393236
H,67,K,T,1.52322413
H,67,K,P,0.501659666
H,67,K,C,7.594920317
H,67,K,G,8.387950856
H,67,K,A,5.24354506
H,67,K,V,8.129002803
H,67,K,I,2.720939031
H,67,K,L,6.450987773
H,67,K,M,nan
H,67,K,F,7.986280819
H,67,K,Y,5.664925623
H,67,K,W,nan
H,68,A,R,5.997631377
H,68,A,K,5.69601621
H,68,A,D,4.294464505
H,68,A,E,0.387016063
H,68,A,H,5.986246055
H,68,A,N,5.576409355
H,68,A,Q,5.69090111
H,68,A,S,2.73040174
H,68,A,T,-0.021565043
H,68,A,P,4.182090518
H,68,A,C,nan
H,68,A,G,3.373042006
H,68,A,A,-5.95e-07
H,68,A,V,-0.308517399
H,68,A,I,nan
H,68,A,L,5.670174979
H,68,A,M,4.964231237
H,68,A,F,nan
H,68,A,Y,7.534295695
H,68,A,W,nan
H,69,T,R,0.136215529
H,69,T,K,-0.412048092
H,69,T,D,-0.187612671
H,69,T,E,-0.418387239
H,69,T,H,0.519505503
H,69,T,N,-1.15426086
H,69,T,Q,-0.092429207
H,69,T,S,-0.426921431
H,69,T,T,-5.95e-07
H,69,T,P,2.026998856
H,69,T,C,1.948231112
H,69,T,G,2.241844966
H,69,T,A,0.415217612
H,69,T,V,0.272035964
H,69,T,I,0.546209226
H,69,T,L,-0.27196371
H,69,T,M,0.642940838
H,69,T,F,5.369696345
H,69,T,Y,4.73560822
H,69,T,W,8.041543498
H,70,F,R,9.052166414
H,70,F,K,5.246215289
H,70,F,D,8.577848207
H,70,F,E,7.915663252
H,70,F,H,8.372624886
H,70,F,N,5.727111756
H,70,F,Q,7.81974313
H,70,F,S,2.977220263
H,70,F,T,6.56850432
H,70,F,P,6.585418042
H,70,F,C,3.639396893
H,70,F,G,9.345215662
H,70,F,A,6.012612931
H,70,F,V,1.202650626
H,70,F,I,1.138570469
H,70,F,L,0.833509512
H,70,F,M,5.042874365
H,70,F,F,-5.95e-07
H,70,F,Y,1.71579661
H,70,F,W,8.062820896
H,71,T,R,4.529418089
H,71,T,K,nan
H,71,T,D,-0.327963528
H,71,T,E,4.712916809
H,71,T,H,2.594307533
H,71,T,N,0.898999911
H,71,T,Q,nan
H,71,T,S,-0.079139663
H,71,T,T,-5.95e-07
H,71,T,P,0.110447362
H,71,T,C,8.093911483
H,71,T,G,5.993850654
H,71,T,A,2.202899669
H,71,T,V,7.852749426
H,71,T,I,2.014515201
H,71,T,L,8.983313315
H,71,T,M,7.460187723
H,71,T,F,5.042874365
H,71,T,Y,nan
H,71,T,W,5.73110753
H,72,A,R,3.78540603
H,72,A,K,5.491057202
H,72,A,D,-2.93541026
H,72,A,E,0.807837128
H,72,A,H,4.934932964
H,72,A,N,4.485132878
H,72,A,Q,5.978583182
H,72,A,S,-1.281984661
H,72,A,T,1.701764029
H,72,A,P,2.399936612
H,72,A,C,2.313186673
H,72,A,G,3.457684426
H,72,A,A,-5.95e-07
H,72,A,V,3.633544981
H,72,A,I,6.204798933
H,72,A,L,6.724588809
H,72,A,M,8.740052621
H,72,A,F,6.307965984
H,72,A,Y,2.16403486
H,72,A,W,5.997874805
H,73,D,R,9.170166865
H,73,D,K,3.367532351
H,73,D,D,-5.95e-07
H,73,D,E,0.878030684
H,73,D,H,3.595711687
H,73,D,N,-1.409831461
H,73,D,Q,7.903393159
H,73,D,S,5.624317556
H,73,D,T,3.353483567
H,73,D,P,6.705760111
H,73,D,C,5.182920438
H,73,D,G,3.544685731
H,73,D,A,0.844729086
H,73,D,V,3.188812622
H,73,D,I,7.603288567
H,73,D,L,6.69829739
H,73,D,M,8.138806803
H,73,D,F,6.36332216
H,73,D,Y,1.655105368
H,73,D,W,8.124064521
H,74,T,R,5.009165975
H,74,T,K,4.211992256
H,74,T,D,4.144689669
H,74,T,E,0.726257918
H,74,T,H,4.791810751
H,74,T,N,1.730690739
H,74,T,Q,6.409366098
H,74,T,S,1.415845491
H,74,T,T,-5.95e-07
H,74,T,P,1.023511731
H,74,T,C,1.700844303
H,74,T,G,2.468699428
H,74,T,A,1.483973627
H,74,T,V,1.050205612
H,74,T,I,0.640029358
H,74,T,L,0.68101983
H,74,T,M,-2.057192159
H,74,T,F,2.184198155
H,74,T,Y,6.059132946
H,74,T,W,6.32520779
H,75,S,R,1.116737838
H,75,S,K,2.813625271
H,75,S,D,-0.780371112
H,75,S,E,-0.372936577
H,75,S,H,0.502977601
H,75,S,N,0.198629914
H,75,S,Q,-0.544064642
H,75,S,S,-5.95e-07
H,75,S,T,-0.264684335
H,75,S,P,2.689745055
H,75,S,C,2.484361278
H,75,S,G,-0.14517024
H,75,S,A,0.027445384
H,75,S,V,0.93479421
H,75,S,I,0.524915707
H,75,S,L,0.972973086
H,75,S,M,2.656208393
H,75,S,F,1.372646027
H,75,S,Y,0.35379284
H,75,S,W,3.134005487
H,76,S,R,0.09721405
H,76,S,K,-0.953906283
H,76,S,D,0.403150741
H,76,S,E,-0.239788317
H,76,S,H,0.264603664
H,76,S,N,-0.940937783
H,76,S,Q,0.454942823
H,76,S,S,-5.95e-07
H,76,S,T,0.438583554
H,76,S,P,1.425629706
H,76,S,C,1.25298061
H,76,S,G,6.248742904
H,76,S,A,-0.196601811
H,76,S,V,-1.188374396
H,76,S,I,-0.755273334
H,76,S,L,-0.492743758
H,76,S,M,nan
H,76,S,F,1.785194928
H,76,S,Y,0.347253954
H,76,S,W,4.540864919
H,80,Y,R,8.282153414
H,80,Y,K,nan
H,80,Y,D,2.858825309
H,80,Y,E,5.354740385
H,80,Y,H,3.573442549
H,80,Y,N,nan
H,80,Y,Q,7.458644416
H,80,Y,S,3.720000613
H,80,Y,T,5.379586383
H,80,Y,P,7.77132779
H,80,Y,C,1.985596733
H,80,Y,G,7.043930687
H,80,Y,A,5.690763284
H,80,Y,V,6.138826264
H,80,Y,I,7.007864111
H,80,Y,L,8.509731563
H,80,Y,M,7.780544446
H,80,Y,F,0.944475934
H,80,Y,Y,-2.13e-06
H,80,Y,W,0.867486227
H,94,Y,R,8.384175029
H,94,Y,K,4.540773217
H,94,Y,D,2.620361841
H,94,Y,E,4.744861193
H,94,Y,H,3.718805723
H,94,Y,N,4.354654451
H,94,Y,Q,5.623374262
H,94,Y,S,2.275076552
H,94,Y,T,5.027396574
H,94,Y,P,8.812781665
H,94,Y,C,2.311857292
H,94,Y,G,9.374573733
H,94,Y,A,8.117453459
H,94,Y,V,8.520003113
H,94,Y,I,6.69106464
H,94,Y,L,8.691315384
H,94,Y,M,nan
H,94,Y,F,3.137648947
H,94,Y,Y,-2.13e-06
H,94,Y,W,3.668584859
H,96,C,R,4.293995473
H,96,C,K,7.848517429
H,96,C,D,6.761268899
H,96,C,E,7.585295654
H,96,C,H,8.248251863
H,96,C,N,5.608846162
H,96,C,Q,7.592703096
H,96,C,S,4.204202662
H,96,C,T,8.613320599
H,96,C,P,6.644544625
H,96,C,C,-2.13e-06
H,96,C,G,3.066020555
H,96,C,A,5.670331245
H,96,C,V,6.002863884
H,96,C,I,7.242857703
H,96,C,L,5.681075333
H,96,C,M,7.746326488
H,96,C,F,2.853519276
H,96,C,Y,3.153048035
H,96,C,W,4.103763956
H,98,R,R,-2.13e-06
H,98,R,K,8.267227764
H,98,R,D,7.65006649
H,98,R,E,7.862702064
H,98,R,H,2.165242959
H,98,R,N,nan
H,98,R,Q,7.97703628
H,98,R,S,2.201669517
H,98,R,T,5.584153549
H,98,R,P,4.719354955
H,98,R,C,3.570585515
H,98,R,G,5.49099428
H,98,R,A,8.617302024
H,98,R,V,6.442815168
H,98,R,I,7.084334475
H,98,R,L,5.010822958
H,98,R,M,8.07962915
H,98,R,F,6.891134103
H,98,R,Y,5.172418828
H,98,R,W,6.373746628
H,99,G,R,5.245523248
H,99,G,K,8.439473669
H,99,G,D,3.742464378
H,99,G,E,8.248251863
H,99,G,H,8.128311329
H,99,G,N,8.481307809
H,99,G,Q,7.834128692
H,99,G,S,4.901500562
H,99,G,T,8.990918735
H,99,G,P,5.782504483
H,99,G,C,3.397579227
H,99,G,G,-2.13e-06
H,99,G,A,5.046748287
H,99,G,V,4.380180745
H,99,G,I,5.252171218
H,99,G,L,9.405157156
H,99,G,M,8.021269535
H,99,G,F,6.301993342
H,99,G,Y,8.426734643
H,99,G,W,6.065035296
H,101,G,R,4.444719266
H,101,G,K,7.859881188
H,101,G,D,2.90840056
H,101,G,E,7.828314722
H,101,G,H,6.342620196
H,101,G,N,9.317049889
H,101,G,Q,7.851370498
H,101,G,S,4.691611715
H,101,G,T,6.852508612
H,101,G,P,6.232334129
H,101,G,C,3.662365318
H,101,G,G,-2.13e-06
H,101,G,A,4.29755534
H,101,G,V,5.533878412
H,101,G,I,8.156002129
H,101,G,L,6.963039584
H,101,G,M,8.269105699
H,101,G,F,6.814524827
H,101,G,Y,5.364426773
H,101,G,W,5.494881554
H,102,N,R,3.756573188
H,102,N,K,2.085768359
H,102,N,D,1.921761053
H,102,N,E,3.03496174
H,102,N,H,-2.478647829
H,102,N,N,-2.13e-06
H,102,N,Q,3.715652369
H,102,N,S,-0.185736799
H,102,N,T,2.39774
H,102,N,P,2.498155217
H,102,N,C,2.000501711
H,102,N,G,3.674631287
H,102,N,A,-0.043906737
H,102,N,V,3.579907823
H,102,N,I,0.55381056
H,102,N,L,3.536078415
H,102,N,M,4.584416506
H,102,N,F,-3.308402289
H,102,N,Y,-3.515059908
H,102,N,W,-2.064236581
H,103,Y,R,8.883225916
H,103,Y,K,7.936004883
H,103,Y,D,4.104340196
H,103,Y,E,8.023670496
H,103,Y,H,3.72518533
H,103,Y,N,4.697695068
H,103,Y,Q,7.07198864
H,103,Y,S,2.43565164
H,103,Y,T,6.082545046
H,103,Y,P,6.841193074
H,103,Y,C,4.648575902
H,103,Y,G,5.60741742
H,103,Y,A,5.725983744
H,103,Y,V,6.767413312
H,103,Y,I,5.832964847
H,103,Y,L,6.106642597
H,103,Y,M,4.940023264
H,103,Y,F,4.45969018
H,103,Y,Y,-2.13e-06
H,103,Y,W,8.090903227
H,104,G,R,-3.37720076
H,104,G,K,-3.96418876
H,104,G,D,0.1773186
H,104,G,E,-4.100742618
H,104,G,H,-2.816640613
H,104,G,N,-2.494602637
H,104,G,Q,-3.353617076
H,104,G,S,1.179728884
H,104,G,T,1.666712434
H,104,G,P,1.444282027
H,104,G,C,-0.91113956
H,104,G,G,-2.13e-06
H,104,G,A,-3.506456583
H,104,G,V,-2.913939149
H,104,G,I,-2.892786962
H,104,G,L,-3.569868557
H,104,G,M,-3.666078895
H,104,G,F,-1.251889422
H,104,G,Y,-1.868925856
H,104,G,W,1.067129722
H,105,Y,R,8.555849245
H,105,Y,K,5.220310116
H,105,Y,D,3.001653413
H,105,Y,E,7.278851305
H,105,Y,H,4.428635507
H,105,Y,N,5.036972385
H,105,Y,Q,7.313594254
H,105,Y,S,2.79816802
H,105,Y,T,8.951880321
H,105,Y,P,7.280686168
H,105,Y,C,4.362954005
H,105,Y,G,8.927898356
H,105,Y,A,9.11425706
H,105,Y,V,6.041126214
H,105,Y,I,5.811289122
H,105,Y,L,6.26961886
H,105,Y,M,7.930755527
H,105,Y,F,0.613273931
H,105,Y,Y,-2.13e-06
H,105,Y,W,8.108681473
H,106,W,R,3.632061541
H,106,W,K,5.136377243
H,106,W,D,7.471223198
H,106,W,E,5.566498614
H,106,W,H,7.205520032
H,106,W,N,8.341469991
H,106,W,Q,8.309552388
H,106,W,S,5.38685149
H,106,W,T,8.634374008
H,106,W,P,6.313138897
H,106,W,C,2.797675715
H,106,W,G,2.570682451
H,106,W,A,6.522205773
H,106,W,V,5.695993031
H,106,W,I,7.253274464
H,106,W,L,5.580910591
H,106,W,M,8.60664946
H,106,W,F,5.741157298
H,106,W,Y,8.29320325
H,106,W,W,-2.13e-06
H,107,G,R,4.014867249
H,107,G,K,4.479451326
H,107,G,D,1.955798159
H,107,G,E,4.823797619
H,107,G,H,8.746353197
H,107,G,N,5.413760563
H,107,G,Q,5.745421697
H,107,G,S,3.663491761
H,107,G,T,5.576787778
H,107,G,P,7.0579899
H,107,G,C,3.483574138
H,107,G,G,-2.13e-06
H,107,G,A,3.975369873
H,107,G,V,4.274678856
H,107,G,I,5.146571011
H,107,G,L,7.641477285
H,107,G,M,8.174733166
H,107,G,F,8.817129498
H,107,G,Y,7.697694539
H,107,G,W,5.656474211
H,108,Q,R,3.911406372
H,108,Q,K,0.661887405
H,108,Q,D,4.348474213
H,108,Q,E,1.164655983
H,108,Q,H,3.287775208
H,108,Q,N,0.885943332
H,108,Q,Q,-2.13e-06
H,108,Q,S,7.088786347
H,108,Q,T,4.623342371
H,108,Q,P,3.022177021
H,108,Q,C,5.422488145
H,108,Q,G,2.75837154
H,108,Q,A,5.233946576
H,108,Q,V,6.506426353
H,108,Q,I,5.459157059
H,108,Q,L,3.62391864
H,108,Q,M,0.333630246
H,108,Q,F,9.160703818
H,108,Q,Y,6.068121719
H,108,Q,W,8.407316557
H,109,G,R,3.64410646
H,109,G,K,7.996937434
H,109,G,D,3.173015235
H,109,G,E,5.516944799
H,109,G,H,7.717432022
H,109,G,N,nan
H,109,G,Q,7.475381208
H,109,G,S,3.780965384
H,109,G,T,6.434304478
H,109,G,P,8.063628809
H,109,G,C,2.66789999
H,109,G,G,-2.13e-06
H,109,G,A,4.412044703
H,109,G,V,3.186415921
H,109,G,I,8.084154045
H,109,G,L,9.276090823
H,109,G,M,7.83702305
H,109,G,F,5.373432518
H,109,G,Y,7.04683008
H,109,G,W,4.589901276
H,110,T,R,2.211255637
H,110,T,K,nan
H,110,T,D,nan
H,110,T,E,nan
H,110,T,H,-3.068763751
H,110,T,N,0.130494743
H,110,T,Q,nan
H,110,T,S,0.275914887
H,110,T,T,-2.13e-06
H,110,T,P,0.483548296
H,110,T,C,nan
H,110,T,G,7.149639574
H,110,T,A,-2.068510845
H,110,T,V,nan
H,110,T,I,nan
H,110,T,L,3.188657357
H,110,T,M,nan
H,110,T,F,nan
H,110,T,Y,nan
H,110,T,W,nan
