mut_name,ER
L:N32R,4.41160552119738
L:N32K,2.6757103079827
L:N32D,2.33901741473907
L:N32E,2.52818461166971
L:N32H,-2.03697065069321
L:N32N,-7.71176209485015e-07
L:N32Q,-1.66126050563994
L:N32S,0.605113928974771
L:N32T,2.08353265124834
L:N32P,5.04187917930233
L:N32C,5.55710642115513
L:N32G,-2.07925639569339
L:N32A,5.28792702298082
L:N32V,3.87006989436822
L:N32I,3.48398982517669
L:N32L,7.56705893653754
L:N32M,5.76828189465084
L:N32F,6.77580045389356
L:N32Y,3.04472831908031
L:N32W,5.08095764542647
L:Y50R,9.55759753894946
L:Y50K,6.53566243249462
L:Y50D,3.76729134619904
L:Y50E,5.14259025996551
L:Y50H,3.32396371300395
L:Y50N,4.34749237310447
L:Y50Q,8.39272802347865
L:Y50S,2.93578346633469
L:Y50T,6.24260711127069
L:Y50P,7.32450821780066
L:Y50C,3.15558591964576
L:Y50G,7.58724582556164
L:Y50A,9.13684734594477
L:Y50V,9.2689609947253
L:Y50I,6.05015461671292
L:Y50L,5.89534738671541
L:Y50M,5.99483275068027
L:Y50F,3.60783961240103
L:Y50Y,-5.21093744476767e-07
L:Y50W,6.39968605087703
L:S91R,2.17728266372958
L:S91K,4.94501872843867
L:S91D,8.80975806794662
L:S91E,6.08475830853064
L:S91H,9.59438840488759
L:S91N,3.13525052778025
L:S91Q,6.27520527276851
L:S91S,-5.53973499527937e-07
L:S91T,2.91871832054062
L:S91P,5.90005037464151
L:S91C,2.24832296868456
L:S91G,4.94902835690603
L:S91A,5.35003470112495
L:S91V,8.86850252494221
L:S91I,3.21137593451228
L:S91L,5.62874092125964
L:S91M,5.46571910012442
L:S91F,3.40368566683108
L:S91Y,3.92056816813985
L:S91W,5.45872606463345
L:N92R,2.65505922227834
L:N92K,1.73421701095087
L:N92D,0.552068283883808
L:N92E,1.17687256255149
L:N92H,0.301991255118283
L:N92N,-5.53973499527937e-07
L:N92Q,1.51793302885044
L:N92S,-3.21302302999395
L:N92T,-2.60062303134974
L:N92P,2.85320391852314
L:N92C,3.3626891862491
L:N92G,-3.29379783692131
L:N92A,-3.37758428598396
L:N92V,1.22410059558102
L:N92I,0.0935980840398822
L:N92L,6.10346087739621
L:N92M,4.89954591164283
L:N92F,2.18299811106983
L:N92Y,1.45267105058462
L:N92W,3.38434281155665
L:S93R,6.25516950922968
L:S93K,5.71412443544464
L:S93D,6.12362034162269
L:S93E,9.05188004804336
L:S93H,4.51523700350198
L:S93N,5.11013535535385
L:S93Q,-1.14788367696903
L:S93S,-5.53973499527937e-07
L:S93T,-0.227793214976002
L:S93P,3.25467374886806
L:S93C,5.63277318478758
L:S93G,6.39195434214691
L:S93A,3.0745053186565
L:S93V,7.08891475320034
L:S93I,6.25967097980633
L:S93L,6.10368317612867
L:S93M,8.88578496609096
L:S93F,3.3222321807269
L:S93Y,1.20968654564255
L:S93W,5.32991755896535
L:W94R,3.8526348755373
L:W94K,6.25771211532099
L:W94D,5.84041254956583
L:W94E,6.19291212209408
L:W94H,8.62978668849762
L:W94N,8.70159250136119
L:W94Q,7.60298021269308
L:W94S,4.47020914023054
L:W94T,5.80477949736217
L:W94P,7.60831640465098
L:W94C,3.80749102352088
L:W94G,5.93006975837378
L:W94A,9.99985351299576
L:W94V,9.64010637002005
L:W94I,8.13162367977586
L:W94L,3.22258050656585
L:W94M,5.93138432777155
L:W94F,5.65640890658889
L:W94Y,5.42146409112038
L:W94W,-5.53973499527937e-07
L:R96R,-5.53973499527937e-07
L:R96K,9.26494661140722
L:R96D,8.89508735875327
L:R96E,8.89354295690189
L:R96H,2.4182533195844
L:R96N,7.71450148712548
L:R96Q,8.64970766599218
L:R96S,3.05718542912099
L:R96T,5.39470579917027
L:R96P,4.32461044534406
L:R96C,3.2082057965889
L:R96G,2.50683338657277
L:R96A,5.54738182435242
L:R96V,6.71765212417842
L:R96I,6.86811686881089
L:R96L,4.16975088255833
L:R96M,5.67176020811493
L:R96F,6.79309149814447
L:R96Y,6.02176519418321
L:R96W,5.60743288790388
H:S30R,2.17970219
H:S30K,3.449231898
H:S30D,4.328425398
H:S30E,1.912238041
H:S30H,5.508895022
H:S30N,2.014385219
H:S30Q,0.967804379
H:S30S,-1.08e-06
H:S30T,-2.658459346
H:S30P,1.492247028
H:S30C,3.525851041
H:S30G,3.349162307
H:S30A,1.459789144
H:S30V,6.247216085
H:S30I,4.110423246
H:S30L,5.708865787
H:S30M,1.250865643
H:S30F,3.710437604
H:S30Y,0.806328438
H:S30W,8.499317272
H:T31R,4.989260679
H:T31K,2.452668785
H:T31D,-1.36570494
H:T31E,-2.42989127
H:T31H,-2.206021132
H:T31N,-2.297146325
H:T31Q,
H:T31S,2.916894005
H:T31T,-1.08e-06
H:T31P,1.84185277
H:T31C,8.802652885
H:T31G,5.998899036
H:T31A,1.771895015
H:T31V,4.755200001
H:T31I,2.890124425
H:T31L,6.126015304
H:T31M,8.489561097
H:T31F,2.3367709
H:T31Y,1.569651412
H:T31W,8.823930284
H:Y32R,2.928544233
H:Y32K,7.127915871
H:Y32D,2.745810326
H:Y32E,5.642017928
H:Y32H,3.112373872
H:Y32N,4.621276147
H:Y32Q,8.958338485
H:Y32S,1.614056075
H:Y32T,6.878020135
H:Y32P,6.476270836
H:Y32C,4.04017314
H:Y32G,3.775726768
H:Y32A,6.481513085
H:Y32V,10.17632309
H:Y32I,9.315626737
H:Y32L,6.556163648
H:Y32M,9.47039035
H:Y32F,2.202866115
H:Y32Y,-1.08e-06
H:Y32W,9.700859942
H:E35R,5.693291268
H:E35K,3.307892206
H:E35D,0.43210863
H:E35E,-1.08e-06
H:E35H,4.625225706
H:E35N,5.52741407
H:E35Q,2.496038368
H:E35S,6.791327686
H:E35T,7.117426265
H:E35P,2.350655931
H:E35C,8.802652885
H:E35G,4.226993903
H:E35A,2.024338853
H:E35V,4.19616455
H:E35I,6.211625139
H:E35L,4.31570929
H:E35M,8.459708134
H:E35F,9.40388912
H:E35Y,5.966502681
H:E35W,6.522938816
H:E50R,6.409842175
H:E50K,3.00325978
H:E50D,1.048974599
H:E50E,-5.95e-07
H:E50H,
H:E50N,6.151242828
H:E50Q,3.727197571
H:E50S,8.853667744
H:E50T,6.255631998
H:E50P,8.989582928
H:E50C,8.353131091
H:E50G,2.996334259
H:E50A,2.577312608
H:E50V,2.933366572
H:E50I,8.218474206
H:E50L,9.044307828
H:E50M,7.713636624
H:E50F,6.023703618
H:E50Y,7.878391857
H:E50W,5.230085907
H:G56R,2.080000747
H:G56K,8.39552665
H:G56D,-0.665124912
H:G56E,0.672994681
H:G56H,
H:G56N,-0.84379525
H:G56Q,0.577076031
H:G56S,2.893115072
H:G56T,6.036575599
H:G56P,6.882489855
H:G56C,2.629086087
H:G56G,-5.95e-07
H:G56A,3.101813617
H:G56V,3.314691721
H:G56I,5.285436002
H:G56L,7.015047253
H:G56M,7.569387015
H:G56F,9.004060947
H:G56Y,7.706145952
H:G56W,4.618251582
H:S57R,1.580206573
H:S57K,6.267226331
H:S57D,4.135399811
H:S57E,4.193993975
H:S57H,5.539595382
H:S57N,2.84840841
H:S57Q,7.577970759
H:S57S,-5.95e-07
H:S57T,1.708242598
H:S57P,2.173630633
H:S57C,2.43298425
H:S57G,1.352586154
H:S57A,-2.926672033
H:S57V,-2.289554595
H:S57I,1.846899792
H:S57L,5.078376582
H:S57M,-0.254340996
H:S57F,4.458811032
H:S57Y,
H:S57W,4.858870722
H:Y59R,5.838579275
H:Y59K,6.873100115
H:Y59D,1.752443071
H:Y59E,5.098837321
H:Y59H,2.331180406
H:Y59N,2.784957376
H:Y59Q,5.990055583
H:Y59S,1.175508906
H:Y59T,5.658453109
H:Y59P,6.718250378
H:Y59C,0.878789588
H:Y59G,2.553599074
H:Y59A,5.284174172
H:Y59V,5.706168582
H:Y59I,6.144749299
H:Y59L,5.139469479
H:Y59M,8.218474206
H:Y59F,-1.034860703
H:Y59Y,-5.95e-07
H:Y59W,-1.774663185
H:G99R,5.245523248
H:G99K,8.439473669
H:G99D,3.742464378
H:G99E,8.248251863
H:G99H,8.128311329
H:G99N,8.481307809
H:G99Q,7.834128692
H:G99S,4.901500562
H:G99T,8.990918735
H:G99P,5.782504483
H:G99C,3.397579227
H:G99G,-2.13e-06
H:G99A,5.046748287
H:G99V,4.380180745
H:G99I,5.252171218
H:G99L,9.405157156
H:G99M,8.021269535
H:G99F,6.301993342
H:G99Y,8.426734643
H:G99W,6.065035296
H:G101R,4.444719266
H:G101K,7.859881188
H:G101D,2.90840056
H:G101E,7.828314722
H:G101H,6.342620196
H:G101N,9.317049889
H:G101Q,7.851370498
H:G101S,4.691611715
H:G101T,6.852508612
H:G101P,6.232334129
H:G101C,3.662365318
H:G101G,-2.13e-06
H:G101A,4.29755534
H:G101V,5.533878412
H:G101I,8.156002129
H:G101L,6.963039584
H:G101M,8.269105699
H:G101F,6.814524827
H:G101Y,5.364426773
H:G101W,5.494881554
