condition,site,wildtype,mutation,mut_escape,site_total_escape,site_max_escape
S309,331,N,A,0.0471,0.6546,0.08882
S309,331,N,D,0.08882,0.6546,0.08882
S309,331,N,E,0.03366,0.6546,0.08882
S309,331,N,F,0.04487,0.6546,0.08882
S309,331,N,G,0.03529,0.6546,0.08882
S309,331,N,H,0.04242,0.6546,0.08882
S309,331,N,I,0.03641,0.6546,0.08882
S309,331,N,K,0.02205,0.6546,0.08882
S309,331,N,L,0.03222,0.6546,0.08882
S309,331,N,M,0.0396,0.6546,0.08882
S309,331,N,P,0.03827,0.6546,0.08882
S309,331,N,Q,0.03625,0.6546,0.08882
S309,331,N,R,0.03206,0.6546,0.08882
S309,331,N,S,0.04714,0.6546,0.08882
S309,331,N,T,0.03856,0.6546,0.08882
S309,331,N,V,0.0399,0.6546,0.08882
S309,332,I,A,0.03361,0.7602,0.05191
S309,332,I,C,0.03992,0.7602,0.05191
S309,332,I,D,0.0437,0.7602,0.05191
S309,332,I,E,0.03452,0.7602,0.05191
S309,332,I,F,0.03852,0.7602,0.05191
S309,332,I,G,0.0452,0.7602,0.05191
S309,332,I,H,0.04211,0.7602,0.05191
S309,332,I,K,0.04484,0.7602,0.05191
S309,332,I,L,0.04053,0.7602,0.05191
S309,332,I,M,0.03872,0.7602,0.05191
S309,332,I,N,0.05092,0.7602,0.05191
S309,332,I,P,0.02504,0.7602,0.05191
S309,332,I,Q,0.04109,0.7602,0.05191
S309,332,I,R,0.04002,0.7602,0.05191
S309,332,I,S,0.05191,0.7602,0.05191
S309,332,I,T,0.03268,0.7602,0.05191
S309,332,I,V,0.0417,0.7602,0.05191
S309,332,I,W,0.03352,0.7602,0.05191
S309,332,I,Y,0.04164,0.7602,0.05191
S309,333,T,A,0.03561,0.6175,0.04468
S309,333,T,C,0.04192,0.6175,0.04468
S309,333,T,D,0.03981,0.6175,0.04468
S309,333,T,E,0.03312,0.6175,0.04468
S309,333,T,F,0.03678,0.6175,0.04468
S309,333,T,G,0.03548,0.6175,0.04468
S309,333,T,H,0.03837,0.6175,0.04468
S309,333,T,K,0.03679,0.6175,0.04468
S309,333,T,L,0.04468,0.6175,0.04468
S309,333,T,M,0.01427,0.6175,0.04468
S309,333,T,N,0.03199,0.6175,0.04468
S309,333,T,P,0.02614,0.6175,0.04468
S309,333,T,Q,0.03578,0.6175,0.04468
S309,333,T,R,0.03933,0.6175,0.04468
S309,333,T,S,0.03198,0.6175,0.04468
S309,333,T,V,0.02866,0.6175,0.04468
S309,333,T,W,0.03518,0.6175,0.04468
S309,333,T,Y,0.03164,0.6175,0.04468
S309,334,N,A,0.0363,0.7386,0.05457
S309,334,N,C,0.04763,0.7386,0.05457
S309,334,N,D,0.03818,0.7386,0.05457
S309,334,N,E,0.04765,0.7386,0.05457
S309,334,N,F,0.03954,0.7386,0.05457
S309,334,N,G,0.04408,0.7386,0.05457
S309,334,N,H,0.04029,0.7386,0.05457
S309,334,N,I,0.03836,0.7386,0.05457
S309,334,N,K,0.05457,0.7386,0.05457
S309,334,N,L,0.0385,0.7386,0.05457
S309,334,N,M,0.03202,0.7386,0.05457
S309,334,N,P,0.03591,0.7386,0.05457
S309,334,N,Q,0.0355,0.7386,0.05457
S309,334,N,R,0.04232,0.7386,0.05457
S309,334,N,S,0.04295,0.7386,0.05457
S309,334,N,T,0.04587,0.7386,0.05457
S309,334,N,V,0.04211,0.7386,0.05457
S309,334,N,Y,0.03676,0.7386,0.05457
S309,335,L,A,0.0355,0.8476,0.124
S309,335,L,C,0.04341,0.8476,0.124
S309,335,L,D,0.04392,0.8476,0.124
S309,335,L,E,0.04009,0.8476,0.124
S309,335,L,F,0.04069,0.8476,0.124
S309,335,L,G,0.124,0.8476,0.124
S309,335,L,H,0.03384,0.8476,0.124
S309,335,L,I,0.04062,0.8476,0.124
S309,335,L,K,0.04018,0.8476,0.124
S309,335,L,M,0.04066,0.8476,0.124
S309,335,L,N,0.03836,0.8476,0.124
S309,335,L,P,0.04014,0.8476,0.124
S309,335,L,Q,0.03802,0.8476,0.124
S309,335,L,R,0.04081,0.8476,0.124
S309,335,L,S,0.04129,0.8476,0.124
S309,335,L,T,0.04151,0.8476,0.124
S309,335,L,V,0.03912,0.8476,0.124
S309,335,L,W,0.04042,0.8476,0.124
S309,335,L,Y,0.04496,0.8476,0.124
S309,336,C,G,0.9883,0.9883,0.9883
S309,337,P,A,0.6847,13.61,1.0
S309,337,P,C,0.9906,13.61,1.0
S309,337,P,D,0.9994,13.61,1.0
S309,337,P,E,0.992,13.61,1.0
S309,337,P,G,0.9952,13.61,1.0
S309,337,P,H,1.0,13.61,1.0
S309,337,P,K,0.9882,13.61,1.0
S309,337,P,L,0.9968,13.61,1.0
S309,337,P,M,0.972,13.61,1.0
S309,337,P,N,0.9981,13.61,1.0
S309,337,P,Q,0.9986,13.61,1.0
S309,337,P,R,0.9992,13.61,1.0
S309,337,P,S,0.9985,13.61,1.0
S309,337,P,T,0.9924,13.61,1.0
S309,338,F,I,0.04003,0.2288,0.05713
S309,338,F,L,0.05713,0.2288,0.05713
S309,338,F,M,0.05087,0.2288,0.05713
S309,338,F,W,0.04144,0.2288,0.05713
S309,338,F,Y,0.03931,0.2288,0.05713
S309,339,G,A,0.03215,0.8366,0.07424
S309,339,G,D,0.04782,0.8366,0.07424
S309,339,G,E,0.05519,0.8366,0.07424
S309,339,G,F,0.04513,0.8366,0.07424
S309,339,G,H,0.03726,0.8366,0.07424
S309,339,G,I,0.04398,0.8366,0.07424
S309,339,G,K,0.06315,0.8366,0.07424
S309,339,G,L,0.04037,0.8366,0.07424
S309,339,G,M,0.03879,0.8366,0.07424
S309,339,G,N,0.04168,0.8366,0.07424
S309,339,G,P,0.03826,0.8366,0.07424
S309,339,G,Q,0.04194,0.8366,0.07424
S309,339,G,R,0.06103,0.8366,0.07424
S309,339,G,S,0.03593,0.8366,0.07424
S309,339,G,T,0.07424,0.8366,0.07424
S309,339,G,V,0.04619,0.8366,0.07424
S309,339,G,W,0.04738,0.8366,0.07424
S309,339,G,Y,0.0461,0.8366,0.07424
S309,340,E,A,0.9967,10.87,0.9989
S309,340,E,D,0.988,10.87,0.9989
S309,340,E,G,0.9857,10.87,0.9989
S309,340,E,K,0.9974,10.87,0.9989
S309,340,E,L,0.9666,10.87,0.9989
S309,340,E,M,0.9964,10.87,0.9989
S309,340,E,N,0.9965,10.87,0.9989
S309,340,E,P,0.9921,10.87,0.9989
S309,340,E,Q,0.9657,10.87,0.9989
S309,340,E,S,0.9904,10.87,0.9989
S309,340,E,T,0.9989,10.87,0.9989
S309,341,V,I,0.0393,0.0827,0.04341
S309,341,V,L,0.04341,0.0827,0.04341
S309,342,F,I,0.04024,0.1249,0.04857
S309,342,F,L,0.04857,0.1249,0.04857
S309,342,F,M,0.03609,0.1249,0.04857
S309,344,A,E,0.3708,0.6478,0.3708
S309,344,A,K,0.05254,0.6478,0.3708
S309,344,A,N,0.08465,0.6478,0.3708
S309,344,A,Q,0.04541,0.6478,0.3708
S309,344,A,R,0.04609,0.6478,0.3708
S309,344,A,S,0.04829,0.6478,0.3708
S309,345,T,A,0.02948,1.232,0.9914
S309,345,T,D,0.04528,1.232,0.9914
S309,345,T,E,0.04039,1.232,0.9914
S309,345,T,K,0.04492,1.232,0.9914
S309,345,T,P,0.9914,1.232,0.9914
S309,345,T,R,0.04206,1.232,0.9914
S309,345,T,S,0.03816,1.232,0.9914
S309,346,R,A,0.03345,0.6915,0.04309
S309,346,R,C,0.03668,0.6915,0.04309
S309,346,R,D,0.04026,0.6915,0.04309
S309,346,R,E,0.04264,0.6915,0.04309
S309,346,R,F,0.04029,0.6915,0.04309
S309,346,R,G,0.03503,0.6915,0.04309
S309,346,R,H,0.03502,0.6915,0.04309
S309,346,R,I,0.03983,0.6915,0.04309
S309,346,R,K,0.03763,0.6915,0.04309
S309,346,R,L,0.03775,0.6915,0.04309
S309,346,R,M,0.04251,0.6915,0.04309
S309,346,R,N,0.04122,0.6915,0.04309
S309,346,R,Q,0.03608,0.6915,0.04309
S309,346,R,S,0.04309,0.6915,0.04309
S309,346,R,T,0.0381,0.6915,0.04309
S309,346,R,V,0.03641,0.6915,0.04309
S309,346,R,W,0.03477,0.6915,0.04309
S309,346,R,Y,0.04073,0.6915,0.04309
S309,347,F,W,0.08422,0.08422,0.08422
S309,348,A,D,0.03429,0.3903,0.04364
S309,348,A,E,0.04238,0.3903,0.04364
S309,348,A,G,0.04179,0.3903,0.04364
S309,348,A,H,0.04364,0.3903,0.04364
S309,348,A,K,0.03862,0.3903,0.04364
S309,348,A,N,0.04244,0.3903,0.04364
S309,348,A,P,0.03545,0.3903,0.04364
S309,348,A,Q,0.03357,0.3903,0.04364
S309,348,A,S,0.03875,0.3903,0.04364
S309,348,A,Y,0.03937,0.3903,0.04364
S309,349,S,N,0.04283,0.0829,0.04283
S309,349,S,P,0.04007,0.0829,0.04283
S309,351,Y,F,0.04316,0.08711,0.04323
S309,351,Y,H,0.04323,0.08711,0.04323
S309,351,Y,W,0.000717,0.08711,0.04323
S309,352,A,D,0.03968,0.3672,0.04588
S309,352,A,E,0.03391,0.3672,0.04588
S309,352,A,G,0.03999,0.3672,0.04588
S309,352,A,H,0.03469,0.3672,0.04588
S309,352,A,K,0.03234,0.3672,0.04588
S309,352,A,M,0.03423,0.3672,0.04588
S309,352,A,N,0.0351,0.3672,0.04588
S309,352,A,Q,0.000717,0.3672,0.04588
S309,352,A,R,0.04588,0.3672,0.04588
S309,352,A,S,0.03974,0.3672,0.04588
S309,352,A,Y,0.03087,0.3672,0.04588
S309,353,W,F,0.03993,0.03993,0.03993
S309,354,N,A,0.03981,0.3305,0.04719
S309,354,N,G,0.04433,0.3305,0.04719
S309,354,N,H,0.04719,0.3305,0.04719
S309,354,N,K,0.03983,0.3305,0.04719
S309,354,N,R,0.03807,0.3305,0.04719
S309,354,N,S,0.04046,0.3305,0.04719
S309,354,N,T,0.04574,0.3305,0.04719
S309,354,N,V,0.03508,0.3305,0.04719
S309,356,K,A,0.03941,1.498,0.9002
S309,356,K,E,0.05764,1.498,0.9002
S309,356,K,H,0.03855,1.498,0.9002
S309,356,K,I,0.03899,1.498,0.9002
S309,356,K,L,0.04667,1.498,0.9002
S309,356,K,M,0.05929,1.498,0.9002
S309,356,K,N,0.000717,1.498,0.9002
S309,356,K,Q,0.1057,1.498,0.9002
S309,356,K,R,0.04379,1.498,0.9002
S309,356,K,S,0.08986,1.498,0.9002
S309,356,K,T,0.9002,1.498,0.9002
S309,356,K,V,0.04043,1.498,0.9002
S309,356,K,Y,0.03715,1.498,0.9002
S309,357,R,A,0.03926,0.7046,0.0751
S309,357,R,C,0.04206,0.7046,0.0751
S309,357,R,D,0.03668,0.7046,0.0751
S309,357,R,E,0.03987,0.7046,0.0751
S309,357,R,H,0.03365,0.7046,0.0751
S309,357,R,I,0.04126,0.7046,0.0751
S309,357,R,K,0.03435,0.7046,0.0751
S309,357,R,L,0.0325,0.7046,0.0751
S309,357,R,M,0.03636,0.7046,0.0751
S309,357,R,N,0.0751,0.7046,0.0751
S309,357,R,P,0.04942,0.7046,0.0751
S309,357,R,Q,0.04749,0.7046,0.0751
S309,357,R,S,0.03954,0.7046,0.0751
S309,357,R,T,0.03631,0.7046,0.0751
S309,357,R,V,0.03493,0.7046,0.0751
S309,357,R,W,0.04551,0.7046,0.0751
S309,357,R,Y,0.04034,0.7046,0.0751
S309,358,I,C,0.2462,1.955,0.9865
S309,358,I,F,0.03534,1.955,0.9865
S309,358,I,L,0.03999,1.955,0.9865
S309,358,I,M,0.0441,1.955,0.9865
S309,358,I,V,0.0769,1.955,0.9865
S309,358,I,W,0.5258,1.955,0.9865
S309,358,I,Y,0.9865,1.955,0.9865
S309,359,S,A,0.04171,0.7864,0.08433
S309,359,S,C,0.03389,0.7864,0.08433
S309,359,S,D,0.03873,0.7864,0.08433
S309,359,S,E,0.04666,0.7864,0.08433
S309,359,S,F,0.03624,0.7864,0.08433
S309,359,S,G,0.0528,0.7864,0.08433
S309,359,S,H,0.03906,0.7864,0.08433
S309,359,S,I,0.05028,0.7864,0.08433
S309,359,S,K,0.04876,0.7864,0.08433
S309,359,S,N,0.04209,0.7864,0.08433
S309,359,S,P,0.08433,0.7864,0.08433
S309,359,S,Q,0.04991,0.7864,0.08433
S309,359,S,R,0.0327,0.7864,0.08433
S309,359,S,T,0.0364,0.7864,0.08433
S309,359,S,V,0.03228,0.7864,0.08433
S309,359,S,W,0.03933,0.7864,0.08433
S309,359,S,Y,0.08122,0.7864,0.08433
S309,360,N,D,0.06888,0.3182,0.06888
S309,360,N,E,0.04938,0.3182,0.06888
S309,360,N,K,0.0399,0.3182,0.06888
S309,360,N,M,0.03459,0.3182,0.06888
S309,360,N,Q,0.02858,0.3182,0.06888
S309,360,N,R,0.05097,0.3182,0.06888
S309,360,N,S,0.04593,0.3182,0.06888
S309,361,C,E,0.9682,2.898,0.9857
S309,361,C,N,0.9857,2.898,0.9857
S309,361,C,P,0.9444,2.898,0.9857
S309,362,V,A,0.03935,0.8348,0.08001
S309,362,V,C,0.03178,0.8348,0.08001
S309,362,V,D,0.04193,0.8348,0.08001
S309,362,V,E,0.04252,0.8348,0.08001
S309,362,V,F,0.04278,0.8348,0.08001
S309,362,V,G,0.06689,0.8348,0.08001
S309,362,V,H,0.04636,0.8348,0.08001
S309,362,V,I,0.06707,0.8348,0.08001
S309,362,V,K,0.04871,0.8348,0.08001
S309,362,V,L,0.03918,0.8348,0.08001
S309,362,V,M,0.03821,0.8348,0.08001
S309,362,V,N,0.03994,0.8348,0.08001
S309,362,V,Q,0.0427,0.8348,0.08001
S309,362,V,R,0.04168,0.8348,0.08001
S309,362,V,S,0.05901,0.8348,0.08001
S309,362,V,T,0.08001,0.8348,0.08001
S309,362,V,W,0.02566,0.8348,0.08001
S309,362,V,Y,0.04097,0.8348,0.08001
S309,363,A,C,0.04646,0.6697,0.09976
S309,363,A,F,0.04503,0.6697,0.09976
S309,363,A,G,0.04468,0.6697,0.09976
S309,363,A,H,0.04851,0.6697,0.09976
S309,363,A,I,0.052,0.6697,0.09976
S309,363,A,L,0.09976,0.6697,0.09976
S309,363,A,M,0.03907,0.6697,0.09976
S309,363,A,P,0.04848,0.6697,0.09976
S309,363,A,Q,0.04162,0.6697,0.09976
S309,363,A,S,0.04082,0.6697,0.09976
S309,363,A,T,0.04311,0.6697,0.09976
S309,363,A,V,0.04657,0.6697,0.09976
S309,363,A,W,0.0395,0.6697,0.09976
S309,363,A,Y,0.03415,0.6697,0.09976
S309,365,Y,A,0.1296,1.217,0.2982
S309,365,Y,C,0.2982,1.217,0.2982
S309,365,Y,F,0.04277,1.217,0.2982
S309,365,Y,G,0.2707,1.217,0.2982
S309,365,Y,I,0.076,1.217,0.2982
S309,365,Y,L,0.04181,1.217,0.2982
S309,365,Y,M,0.0419,1.217,0.2982
S309,365,Y,P,0.184,1.217,0.2982
S309,365,Y,T,0.05087,1.217,0.2982
S309,365,Y,V,0.04104,1.217,0.2982
S309,365,Y,W,0.04053,1.217,0.2982
S309,366,S,A,0.04422,0.7548,0.07665
S309,366,S,D,0.04157,0.7548,0.07665
S309,366,S,E,0.04597,0.7548,0.07665
S309,366,S,F,0.04825,0.7548,0.07665
S309,366,S,G,0.04319,0.7548,0.07665
S309,366,S,H,0.07665,0.7548,0.07665
S309,366,S,I,0.04748,0.7548,0.07665
S309,366,S,K,0.035,0.7548,0.07665
S309,366,S,L,0.04674,0.7548,0.07665
S309,366,S,M,0.04378,0.7548,0.07665
S309,366,S,N,0.04454,0.7548,0.07665
S309,366,S,P,0.03974,0.7548,0.07665
S309,366,S,Q,0.03597,0.7548,0.07665
S309,366,S,R,0.04432,0.7548,0.07665
S309,366,S,T,0.03317,0.7548,0.07665
S309,366,S,V,0.04377,0.7548,0.07665
S309,366,S,W,0.04044,0.7548,0.07665
S309,367,V,A,0.02598,0.7751,0.05227
S309,367,V,C,0.04409,0.7751,0.05227
S309,367,V,D,0.05074,0.7751,0.05227
S309,367,V,E,0.0464,0.7751,0.05227
S309,367,V,F,0.03334,0.7751,0.05227
S309,367,V,G,0.03429,0.7751,0.05227
S309,367,V,H,0.03856,0.7751,0.05227
S309,367,V,I,0.04059,0.7751,0.05227
S309,367,V,K,0.05216,0.7751,0.05227
S309,367,V,L,0.03408,0.7751,0.05227
S309,367,V,M,0.0324,0.7751,0.05227
S309,367,V,N,0.03793,0.7751,0.05227
S309,367,V,P,0.03886,0.7751,0.05227
S309,367,V,Q,0.04372,0.7751,0.05227
S309,367,V,R,0.05227,0.7751,0.05227
S309,367,V,S,0.04302,0.7751,0.05227
S309,367,V,T,0.04871,0.7751,0.05227
S309,367,V,W,0.03772,0.7751,0.05227
S309,367,V,Y,0.04023,0.7751,0.05227
S309,368,L,F,0.05211,0.1724,0.05211
S309,368,L,I,0.04174,0.1724,0.05211
S309,368,L,M,0.0373,0.1724,0.05211
S309,368,L,V,0.04128,0.1724,0.05211
S309,369,Y,A,0.03792,0.8874,0.08991
S309,369,Y,C,0.04554,0.8874,0.08991
S309,369,Y,D,0.04856,0.8874,0.08991
S309,369,Y,E,0.04998,0.8874,0.08991
S309,369,Y,F,0.04202,0.8874,0.08991
S309,369,Y,G,0.08991,0.8874,0.08991
S309,369,Y,H,0.03888,0.8874,0.08991
S309,369,Y,I,0.03946,0.8874,0.08991
S309,369,Y,K,0.04661,0.8874,0.08991
S309,369,Y,L,0.04554,0.8874,0.08991
S309,369,Y,M,0.04713,0.8874,0.08991
S309,369,Y,N,0.04029,0.8874,0.08991
S309,369,Y,P,0.08436,0.8874,0.08991
S309,369,Y,Q,0.03546,0.8874,0.08991
S309,369,Y,R,0.03942,0.8874,0.08991
S309,369,Y,S,0.03928,0.8874,0.08991
S309,369,Y,T,0.0386,0.8874,0.08991
S309,369,Y,V,0.03635,0.8874,0.08991
S309,369,Y,W,0.04214,0.8874,0.08991
S309,370,N,A,0.03274,0.5616,0.04941
S309,370,N,D,0.04868,0.5616,0.04941
S309,370,N,E,0.04067,0.5616,0.04941
S309,370,N,G,0.03841,0.5616,0.04941
S309,370,N,H,0.03994,0.5616,0.04941
S309,370,N,K,0.03797,0.5616,0.04941
S309,370,N,L,0.03993,0.5616,0.04941
S309,370,N,M,0.03952,0.5616,0.04941
S309,370,N,P,0.03787,0.5616,0.04941
S309,370,N,Q,0.03606,0.5616,0.04941
S309,370,N,R,0.04127,0.5616,0.04941
S309,370,N,S,0.04277,0.5616,0.04941
S309,370,N,T,0.03631,0.5616,0.04941
S309,370,N,Y,0.04941,0.5616,0.04941
S309,371,S,A,0.04018,0.8731,0.1406
S309,371,S,C,0.04006,0.8731,0.1406
S309,371,S,D,0.04025,0.8731,0.1406
S309,371,S,E,0.03735,0.8731,0.1406
S309,371,S,F,0.05116,0.8731,0.1406
S309,371,S,G,0.04427,0.8731,0.1406
S309,371,S,H,0.03451,0.8731,0.1406
S309,371,S,I,0.04276,0.8731,0.1406
S309,371,S,K,0.042,0.8731,0.1406
S309,371,S,L,0.04985,0.8731,0.1406
S309,371,S,M,0.04071,0.8731,0.1406
S309,371,S,N,0.1406,0.8731,0.1406
S309,371,S,P,0.03259,0.8731,0.1406
S309,371,S,Q,0.03564,0.8731,0.1406
S309,371,S,R,0.04536,0.8731,0.1406
S309,371,S,T,0.04128,0.8731,0.1406
S309,371,S,V,0.03758,0.8731,0.1406
S309,371,S,W,0.04159,0.8731,0.1406
S309,371,S,Y,0.03529,0.8731,0.1406
S309,372,A,D,0.04636,0.7496,0.0648
S309,372,A,E,0.03655,0.7496,0.0648
S309,372,A,F,0.04266,0.7496,0.0648
S309,372,A,G,0.03695,0.7496,0.0648
S309,372,A,H,0.04646,0.7496,0.0648
S309,372,A,I,0.04079,0.7496,0.0648
S309,372,A,K,0.03495,0.7496,0.0648
S309,372,A,L,0.04026,0.7496,0.0648
S309,372,A,M,0.03514,0.7496,0.0648
S309,372,A,N,0.03958,0.7496,0.0648
S309,372,A,P,0.03836,0.7496,0.0648
S309,372,A,Q,0.04051,0.7496,0.0648
S309,372,A,R,0.04218,0.7496,0.0648
S309,372,A,S,0.0648,0.7496,0.0648
S309,372,A,T,0.04418,0.7496,0.0648
S309,372,A,V,0.04026,0.7496,0.0648
S309,372,A,W,0.04188,0.7496,0.0648
S309,372,A,Y,0.03775,0.7496,0.0648
S309,373,S,A,0.04038,0.7689,0.04606
S309,373,S,C,0.03871,0.7689,0.04606
S309,373,S,D,0.0459,0.7689,0.04606
S309,373,S,E,0.03794,0.7689,0.04606
S309,373,S,F,0.03705,0.7689,0.04606
S309,373,S,G,0.03319,0.7689,0.04606
S309,373,S,H,0.04309,0.7689,0.04606
S309,373,S,I,0.03854,0.7689,0.04606
S309,373,S,K,0.03905,0.7689,0.04606
S309,373,S,L,0.04265,0.7689,0.04606
S309,373,S,M,0.04126,0.7689,0.04606
S309,373,S,N,0.03953,0.7689,0.04606
S309,373,S,P,0.04606,0.7689,0.04606
S309,373,S,Q,0.041,0.7689,0.04606
S309,373,S,R,0.04448,0.7689,0.04606
S309,373,S,T,0.04109,0.7689,0.04606
S309,373,S,V,0.03784,0.7689,0.04606
S309,373,S,W,0.04104,0.7689,0.04606
S309,373,S,Y,0.04006,0.7689,0.04606
S309,374,F,A,0.05206,0.6029,0.08073
S309,374,F,D,0.08073,0.6029,0.08073
S309,374,F,H,0.06116,0.6029,0.08073
S309,374,F,I,0.04691,0.6029,0.08073
S309,374,F,L,0.05151,0.6029,0.08073
S309,374,F,M,0.03874,0.6029,0.08073
S309,374,F,N,0.03818,0.6029,0.08073
S309,374,F,Q,0.05157,0.6029,0.08073
S309,374,F,T,0.05083,0.6029,0.08073
S309,374,F,V,0.05232,0.6029,0.08073
S309,374,F,W,0.03747,0.6029,0.08073
S309,374,F,Y,0.04139,0.6029,0.08073
S309,375,S,A,0.04503,0.362,0.04858
S309,375,S,D,0.03961,0.362,0.04858
S309,375,S,E,0.03625,0.362,0.04858
S309,375,S,G,0.04677,0.362,0.04858
S309,375,S,H,0.04076,0.362,0.04858
S309,375,S,K,0.04858,0.362,0.04858
S309,375,S,N,0.03526,0.362,0.04858
S309,375,S,Q,0.03653,0.362,0.04858
S309,375,S,T,0.03324,0.362,0.04858
S309,376,T,C,0.0352,0.4986,0.04763
S309,376,T,D,0.04763,0.4986,0.04763
S309,376,T,F,0.04375,0.4986,0.04763
S309,376,T,H,0.04168,0.4986,0.04763
S309,376,T,I,0.04382,0.4986,0.04763
S309,376,T,K,0.04591,0.4986,0.04763
S309,376,T,L,0.03933,0.4986,0.04763
S309,376,T,M,0.04376,0.4986,0.04763
S309,376,T,N,0.04127,0.4986,0.04763
S309,376,T,S,0.03961,0.4986,0.04763
S309,376,T,V,0.03771,0.4986,0.04763
S309,376,T,Y,0.03889,0.4986,0.04763
S309,377,F,I,0.06033,0.2332,0.06033
S309,377,F,L,0.04194,0.2332,0.06033
S309,377,F,M,0.0412,0.2332,0.06033
S309,377,F,V,0.04061,0.2332,0.06033
S309,377,F,W,0.04917,0.2332,0.06033
S309,378,K,A,0.0422,0.5317,0.04879
S309,378,K,D,0.03773,0.5317,0.04879
S309,378,K,E,0.04528,0.5317,0.04879
S309,378,K,H,0.04525,0.5317,0.04879
S309,378,K,I,0.04397,0.5317,0.04879
S309,378,K,L,0.04046,0.5317,0.04879
S309,378,K,M,0.04879,0.5317,0.04879
S309,378,K,N,0.03964,0.5317,0.04879
S309,378,K,Q,0.04163,0.5317,0.04879
S309,378,K,R,0.03607,0.5317,0.04879
S309,378,K,S,0.03677,0.5317,0.04879
S309,378,K,T,0.03552,0.5317,0.04879
S309,378,K,V,0.03836,0.5317,0.04879
S309,380,Y,F,0.04561,0.07865,0.04561
S309,380,Y,W,0.03304,0.07865,0.04561
S309,381,G,H,0.03977,0.2409,0.04574
S309,381,G,K,0.03616,0.2409,0.04574
S309,381,G,N,0.03745,0.2409,0.04574
S309,381,G,Q,0.04555,0.2409,0.04574
S309,381,G,R,0.03621,0.2409,0.04574
S309,381,G,S,0.04574,0.2409,0.04574
S309,382,V,C,0.03835,0.2665,0.0454
S309,382,V,F,0.0454,0.2665,0.0454
S309,382,V,I,0.04254,0.2665,0.0454
S309,382,V,L,0.03643,0.2665,0.0454
S309,382,V,M,0.0345,0.2665,0.0454
S309,382,V,T,0.03642,0.2665,0.0454
S309,382,V,Y,0.03289,0.2665,0.0454
S309,383,S,A,0.03643,0.5643,0.04462
S309,383,S,C,0.03766,0.5643,0.04462
S309,383,S,D,0.04032,0.5643,0.04462
S309,383,S,E,0.03542,0.5643,0.04462
S309,383,S,H,0.03615,0.5643,0.04462
S309,383,S,I,0.04071,0.5643,0.04462
S309,383,S,K,0.03656,0.5643,0.04462
S309,383,S,L,0.03624,0.5643,0.04462
S309,383,S,M,0.000717,0.5643,0.04462
S309,383,S,N,0.03326,0.5643,0.04462
S309,383,S,P,0.03859,0.5643,0.04462
S309,383,S,Q,0.03232,0.5643,0.04462
S309,383,S,R,0.04462,0.5643,0.04462
S309,383,S,T,0.04157,0.5643,0.04462
S309,383,S,V,0.03991,0.5643,0.04462
S309,383,S,Y,0.03381,0.5643,0.04462
S309,384,P,A,0.04389,0.6649,0.05248
S309,384,P,E,0.03973,0.6649,0.05248
S309,384,P,F,0.04203,0.6649,0.05248
S309,384,P,G,0.05248,0.6649,0.05248
S309,384,P,H,0.03682,0.6649,0.05248
S309,384,P,I,0.04345,0.6649,0.05248
S309,384,P,K,0.03044,0.6649,0.05248
S309,384,P,L,0.03198,0.6649,0.05248
S309,384,P,M,0.03794,0.6649,0.05248
S309,384,P,N,0.03771,0.6649,0.05248
S309,384,P,Q,0.04308,0.6649,0.05248
S309,384,P,R,0.03653,0.6649,0.05248
S309,384,P,S,0.03236,0.6649,0.05248
S309,384,P,T,0.04295,0.6649,0.05248
S309,384,P,V,0.04241,0.6649,0.05248
S309,384,P,W,0.03782,0.6649,0.05248
S309,384,P,Y,0.03324,0.6649,0.05248
S309,385,T,A,0.03846,0.7786,0.0618
S309,385,T,C,0.04777,0.7786,0.0618
S309,385,T,D,0.03763,0.7786,0.0618
S309,385,T,E,0.0432,0.7786,0.0618
S309,385,T,F,0.03592,0.7786,0.0618
S309,385,T,G,0.0359,0.7786,0.0618
S309,385,T,H,0.04093,0.7786,0.0618
S309,385,T,I,0.03319,0.7786,0.0618
S309,385,T,K,0.04542,0.7786,0.0618
S309,385,T,L,0.04153,0.7786,0.0618
S309,385,T,M,0.04735,0.7786,0.0618
S309,385,T,N,0.03752,0.7786,0.0618
S309,385,T,P,0.04054,0.7786,0.0618
S309,385,T,Q,0.0618,0.7786,0.0618
S309,385,T,R,0.04169,0.7786,0.0618
S309,385,T,S,0.03369,0.7786,0.0618
S309,385,T,V,0.03814,0.7786,0.0618
S309,385,T,W,0.04384,0.7786,0.0618
S309,385,T,Y,0.03406,0.7786,0.0618
S309,386,K,A,0.04052,0.6215,0.04784
S309,386,K,C,0.04326,0.6215,0.04784
S309,386,K,D,0.0411,0.6215,0.04784
S309,386,K,E,0.03554,0.6215,0.04784
S309,386,K,G,0.03663,0.6215,0.04784
S309,386,K,H,0.03941,0.6215,0.04784
S309,386,K,I,0.03563,0.6215,0.04784
S309,386,K,L,0.03516,0.6215,0.04784
S309,386,K,M,0.03995,0.6215,0.04784
S309,386,K,N,0.03599,0.6215,0.04784
S309,386,K,Q,0.03327,0.6215,0.04784
S309,386,K,R,0.04397,0.6215,0.04784
S309,386,K,S,0.04358,0.6215,0.04784
S309,386,K,T,0.03493,0.6215,0.04784
S309,386,K,V,0.04784,0.6215,0.04784
S309,386,K,Y,0.03474,0.6215,0.04784
S309,387,L,I,0.04171,0.08216,0.04171
S309,387,L,M,0.04045,0.08216,0.04171
S309,388,N,A,0.03838,0.6212,0.08082
S309,388,N,D,0.04166,0.6212,0.08082
S309,388,N,E,0.03507,0.6212,0.08082
S309,388,N,G,0.08082,0.6212,0.08082
S309,388,N,H,0.04075,0.6212,0.08082
S309,388,N,K,0.04481,0.6212,0.08082
S309,388,N,L,0.0398,0.6212,0.08082
S309,388,N,M,0.03939,0.6212,0.08082
S309,388,N,P,0.0384,0.6212,0.08082
S309,388,N,Q,0.04325,0.6212,0.08082
S309,388,N,R,0.05275,0.6212,0.08082
S309,388,N,S,0.0442,0.6212,0.08082
S309,388,N,T,0.04419,0.6212,0.08082
S309,388,N,V,0.03773,0.6212,0.08082
S309,389,D,A,0.04778,0.6613,0.04778
S309,389,D,C,0.0396,0.6613,0.04778
S309,389,D,E,0.04011,0.6613,0.04778
S309,389,D,F,0.04265,0.6613,0.04778
S309,389,D,G,0.03706,0.6613,0.04778
S309,389,D,H,0.03662,0.6613,0.04778
S309,389,D,K,0.04058,0.6613,0.04778
S309,389,D,L,0.04287,0.6613,0.04778
S309,389,D,M,0.04496,0.6613,0.04778
S309,389,D,N,0.04219,0.6613,0.04778
S309,389,D,Q,0.04201,0.6613,0.04778
S309,389,D,R,0.03981,0.6613,0.04778
S309,389,D,S,0.04122,0.6613,0.04778
S309,389,D,T,0.04525,0.6613,0.04778
S309,389,D,W,0.04128,0.6613,0.04778
S309,389,D,Y,0.03735,0.6613,0.04778
S309,390,L,A,0.05989,0.7692,0.06352
S309,390,L,C,0.0426,0.7692,0.06352
S309,390,L,D,0.03302,0.7692,0.06352
S309,390,L,E,0.0443,0.7692,0.06352
S309,390,L,F,0.04035,0.7692,0.06352
S309,390,L,G,0.04523,0.7692,0.06352
S309,390,L,H,0.03594,0.7692,0.06352
S309,390,L,I,0.0445,0.7692,0.06352
S309,390,L,K,0.04837,0.7692,0.06352
S309,390,L,M,0.03467,0.7692,0.06352
S309,390,L,N,0.04103,0.7692,0.06352
S309,390,L,Q,0.04193,0.7692,0.06352
S309,390,L,R,0.04102,0.7692,0.06352
S309,390,L,S,0.04211,0.7692,0.06352
S309,390,L,T,0.06352,0.7692,0.06352
S309,390,L,V,0.04677,0.7692,0.06352
S309,390,L,W,0.03302,0.7692,0.06352
S309,390,L,Y,0.03093,0.7692,0.06352
S309,391,C,A,0.03665,0.7826,0.06221
S309,391,C,D,0.03264,0.7826,0.06221
S309,391,C,E,0.03957,0.7826,0.06221
S309,391,C,F,0.04143,0.7826,0.06221
S309,391,C,G,0.04114,0.7826,0.06221
S309,391,C,H,0.0493,0.7826,0.06221
S309,391,C,I,0.0359,0.7826,0.06221
S309,391,C,K,0.04253,0.7826,0.06221
S309,391,C,L,0.03792,0.7826,0.06221
S309,391,C,M,0.06221,0.7826,0.06221
S309,391,C,N,0.04982,0.7826,0.06221
S309,391,C,P,0.03811,0.7826,0.06221
S309,391,C,Q,0.04589,0.7826,0.06221
S309,391,C,R,0.03719,0.7826,0.06221
S309,391,C,S,0.04082,0.7826,0.06221
S309,391,C,T,0.03372,0.7826,0.06221
S309,391,C,V,0.04179,0.7826,0.06221
S309,391,C,W,0.03932,0.7826,0.06221
S309,391,C,Y,0.03668,0.7826,0.06221
S309,392,F,A,0.04211,0.5372,0.05109
S309,392,F,C,0.04104,0.5372,0.05109
S309,392,F,H,0.03629,0.5372,0.05109
S309,392,F,I,0.03934,0.5372,0.05109
S309,392,F,L,0.04145,0.5372,0.05109
S309,392,F,M,0.04487,0.5372,0.05109
S309,392,F,N,0.04511,0.5372,0.05109
S309,392,F,P,0.04251,0.5372,0.05109
S309,392,F,S,0.0389,0.5372,0.05109
S309,392,F,T,0.05109,0.5372,0.05109
S309,392,F,V,0.03782,0.5372,0.05109
S309,392,F,W,0.03707,0.5372,0.05109
S309,392,F,Y,0.03966,0.5372,0.05109
S309,393,T,A,0.0616,0.6853,0.0616
S309,393,T,C,0.04236,0.6853,0.0616
S309,393,T,D,0.04093,0.6853,0.0616
S309,393,T,E,0.03613,0.6853,0.0616
S309,393,T,G,0.04125,0.6853,0.0616
S309,393,T,H,0.04085,0.6853,0.0616
S309,393,T,I,0.04876,0.6853,0.0616
S309,393,T,K,0.04069,0.6853,0.0616
S309,393,T,L,0.04757,0.6853,0.0616
S309,393,T,M,0.04277,0.6853,0.0616
S309,393,T,N,0.03989,0.6853,0.0616
S309,393,T,Q,0.03681,0.6853,0.0616
S309,393,T,R,0.04225,0.6853,0.0616
S309,393,T,S,0.04417,0.6853,0.0616
S309,393,T,V,0.03587,0.6853,0.0616
S309,393,T,Y,0.04341,0.6853,0.0616
S309,394,N,A,0.03971,0.7553,0.04666
S309,394,N,C,0.0452,0.7553,0.04666
S309,394,N,D,0.04115,0.7553,0.04666
S309,394,N,E,0.03513,0.7553,0.04666
S309,394,N,F,0.03484,0.7553,0.04666
S309,394,N,G,0.04192,0.7553,0.04666
S309,394,N,H,0.04666,0.7553,0.04666
S309,394,N,I,0.03436,0.7553,0.04666
S309,394,N,K,0.03917,0.7553,0.04666
S309,394,N,L,0.03898,0.7553,0.04666
S309,394,N,M,0.04359,0.7553,0.04666
S309,394,N,P,0.04475,0.7553,0.04666
S309,394,N,Q,0.03913,0.7553,0.04666
S309,394,N,R,0.0415,0.7553,0.04666
S309,394,N,S,0.0271,0.7553,0.04666
S309,394,N,T,0.04258,0.7553,0.04666
S309,394,N,V,0.04014,0.7553,0.04666
S309,394,N,W,0.03938,0.7553,0.04666
S309,394,N,Y,0.04,0.7553,0.04666
S309,395,V,A,0.0527,0.2038,0.0527
S309,395,V,G,0.03708,0.2038,0.0527
S309,395,V,I,0.03885,0.2038,0.0527
S309,395,V,L,0.0345,0.2038,0.0527
S309,395,V,M,0.04069,0.2038,0.0527
S309,396,Y,C,0.05417,0.426,0.05417
S309,396,Y,F,0.03193,0.426,0.05417
S309,396,Y,H,0.03087,0.426,0.05417
S309,396,Y,I,0.03417,0.426,0.05417
S309,396,Y,L,0.04202,0.426,0.05417
S309,396,Y,M,0.04121,0.426,0.05417
S309,396,Y,N,0.04021,0.426,0.05417
S309,396,Y,S,0.04435,0.426,0.05417
S309,396,Y,T,0.0392,0.426,0.05417
S309,396,Y,V,0.03586,0.426,0.05417
S309,396,Y,W,0.03196,0.426,0.05417
S309,397,A,C,0.04244,0.2083,0.08621
S309,397,A,I,0.03934,0.2083,0.08621
S309,397,A,L,0.08621,0.2083,0.08621
S309,397,A,V,0.04027,0.2083,0.08621
S309,399,S,T,0.04523,0.04523,0.04523
S309,401,V,I,0.04116,0.04116,0.04116
S309,402,I,C,0.04115,0.1216,0.04209
S309,402,I,L,0.04209,0.1216,0.04209
S309,402,I,V,0.03839,0.1216,0.04209
S309,403,R,A,0.04074,0.1967,0.04412
S309,403,R,K,0.03802,0.1967,0.04412
S309,403,R,M,0.0369,0.1967,0.04412
S309,403,R,S,0.04412,0.1967,0.04412
S309,403,R,T,0.03688,0.1967,0.04412
S309,404,G,A,0.03675,0.07079,0.03675
S309,404,G,K,0.03404,0.07079,0.03675
S309,405,D,A,0.035,0.268,0.08176
S309,405,D,E,0.0339,0.268,0.08176
S309,405,D,K,0.03898,0.268,0.08176
S309,405,D,N,0.0334,0.268,0.08176
S309,405,D,R,0.08176,0.268,0.08176
S309,405,D,S,0.04492,0.268,0.08176
S309,406,E,D,0.04163,0.1215,0.04163
S309,406,E,Q,0.04046,0.1215,0.04163
S309,406,E,W,0.03938,0.1215,0.04163
S309,407,V,I,0.04729,0.08416,0.04729
S309,407,V,L,0.03688,0.08416,0.04729
S309,408,R,A,0.04267,0.5113,0.04391
S309,408,R,C,0.04391,0.5113,0.04391
S309,408,R,E,0.03702,0.5113,0.04391
S309,408,R,F,0.04239,0.5113,0.04391
S309,408,R,G,0.04052,0.5113,0.04391
S309,408,R,H,0.0395,0.5113,0.04391
S309,408,R,K,0.03991,0.5113,0.04391
S309,408,R,L,0.03805,0.5113,0.04391
S309,408,R,P,0.03919,0.5113,0.04391
S309,408,R,S,0.03954,0.5113,0.04391
S309,408,R,T,0.03355,0.5113,0.04391
S309,408,R,V,0.03406,0.5113,0.04391
S309,408,R,W,0.04103,0.5113,0.04391
S309,409,Q,E,0.03998,0.03998,0.03998
S309,410,I,V,0.03287,0.03287,0.03287
S309,411,A,E,0.04718,0.199,0.04718
S309,411,A,G,0.03484,0.199,0.04718
S309,411,A,Q,0.04585,0.199,0.04718
S309,411,A,R,0.03297,0.199,0.04718
S309,411,A,S,0.03821,0.199,0.04718
S309,413,G,A,0.04385,0.4849,0.04686
S309,413,G,C,0.03713,0.4849,0.04686
S309,413,G,F,0.03398,0.4849,0.04686
S309,413,G,H,0.03927,0.4849,0.04686
S309,413,G,K,0.04604,0.4849,0.04686
S309,413,G,L,0.04521,0.4849,0.04686
S309,413,G,M,0.04686,0.4849,0.04686
S309,413,G,N,0.03956,0.4849,0.04686
S309,413,G,Q,0.03896,0.4849,0.04686
S309,413,G,R,0.03667,0.4849,0.04686
S309,413,G,S,0.03879,0.4849,0.04686
S309,413,G,Y,0.03853,0.4849,0.04686
S309,414,Q,A,0.03888,0.4314,0.04434
S309,414,Q,C,0.04012,0.4314,0.04434
S309,414,Q,E,0.03508,0.4314,0.04434
S309,414,Q,G,0.03819,0.4314,0.04434
S309,414,Q,I,0.04028,0.4314,0.04434
S309,414,Q,K,0.03706,0.4314,0.04434
S309,414,Q,M,0.04133,0.4314,0.04434
S309,414,Q,R,0.03978,0.4314,0.04434
S309,414,Q,S,0.03522,0.4314,0.04434
S309,414,Q,T,0.04434,0.4314,0.04434
S309,414,Q,V,0.04111,0.4314,0.04434
S309,415,T,A,0.03041,0.5656,0.06473
S309,415,T,D,0.03407,0.5656,0.06473
S309,415,T,E,0.04543,0.5656,0.06473
S309,415,T,G,0.03718,0.5656,0.06473
S309,415,T,H,0.04118,0.5656,0.06473
S309,415,T,I,0.0419,0.5656,0.06473
S309,415,T,K,0.06473,0.5656,0.06473
S309,415,T,M,0.03867,0.5656,0.06473
S309,415,T,N,0.02922,0.5656,0.06473
S309,415,T,Q,0.04205,0.5656,0.06473
S309,415,T,R,0.04029,0.5656,0.06473
S309,415,T,S,0.04359,0.5656,0.06473
S309,415,T,V,0.04115,0.5656,0.06473
S309,415,T,Y,0.03574,0.5656,0.06473
S309,417,K,A,0.04578,0.8065,0.07632
S309,417,K,C,0.03879,0.8065,0.07632
S309,417,K,D,0.03231,0.8065,0.07632
S309,417,K,E,0.04491,0.8065,0.07632
S309,417,K,F,0.07632,0.8065,0.07632
S309,417,K,G,0.03921,0.8065,0.07632
S309,417,K,H,0.04371,0.8065,0.07632
S309,417,K,I,0.03888,0.8065,0.07632
S309,417,K,L,0.04415,0.8065,0.07632
S309,417,K,M,0.03597,0.8065,0.07632
S309,417,K,N,0.04357,0.8065,0.07632
S309,417,K,P,0.0428,0.8065,0.07632
S309,417,K,Q,0.0405,0.8065,0.07632
S309,417,K,R,0.04118,0.8065,0.07632
S309,417,K,S,0.04577,0.8065,0.07632
S309,417,K,T,0.03816,0.8065,0.07632
S309,417,K,V,0.04174,0.8065,0.07632
S309,417,K,W,0.0394,0.8065,0.07632
S309,417,K,Y,0.03339,0.8065,0.07632
S309,418,I,V,0.04245,0.04245,0.04245
S309,419,A,P,0.04546,0.07966,0.04546
S309,419,A,S,0.0342,0.07966,0.04546
S309,420,D,A,0.0365,0.3084,0.04562
S309,420,D,E,0.03721,0.3084,0.04562
S309,420,D,K,0.03544,0.3084,0.04562
S309,420,D,M,0.04562,0.3084,0.04562
S309,420,D,N,0.03618,0.3084,0.04562
S309,420,D,Q,0.04326,0.3084,0.04562
S309,420,D,R,0.03234,0.3084,0.04562
S309,420,D,S,0.04183,0.3084,0.04562
S309,421,Y,F,0.0414,0.1665,0.04365
S309,421,Y,L,0.04365,0.1665,0.04365
S309,421,Y,M,0.04189,0.1665,0.04365
S309,421,Y,W,0.0396,0.1665,0.04365
S309,424,K,H,0.04233,0.09762,0.05529
S309,424,K,R,0.05529,0.09762,0.05529
S309,425,L,I,0.03707,0.1212,0.04429
S309,425,L,M,0.04429,0.1212,0.04429
S309,425,L,V,0.03983,0.1212,0.04429
S309,427,D,A,0.03811,0.7013,0.04722
S309,427,D,E,0.03774,0.7013,0.04722
S309,427,D,F,0.03229,0.7013,0.04722
S309,427,D,G,0.03577,0.7013,0.04722
S309,427,D,H,0.03996,0.7013,0.04722
S309,427,D,I,0.03201,0.7013,0.04722
S309,427,D,K,0.041,0.7013,0.04722
S309,427,D,L,0.03797,0.7013,0.04722
S309,427,D,M,0.03982,0.7013,0.04722
S309,427,D,N,0.04722,0.7013,0.04722
S309,427,D,P,0.04582,0.7013,0.04722
S309,427,D,Q,0.04222,0.7013,0.04722
S309,427,D,R,0.03872,0.7013,0.04722
S309,427,D,S,0.04085,0.7013,0.04722
S309,427,D,T,0.0406,0.7013,0.04722
S309,427,D,V,0.03459,0.7013,0.04722
S309,427,D,W,0.03817,0.7013,0.04722
S309,427,D,Y,0.03842,0.7013,0.04722
S309,428,D,A,0.04297,0.4384,0.04706
S309,428,D,E,0.03372,0.4384,0.04706
S309,428,D,G,0.0418,0.4384,0.04706
S309,428,D,H,0.03767,0.4384,0.04706
S309,428,D,K,0.0449,0.4384,0.04706
S309,428,D,N,0.03372,0.4384,0.04706
S309,428,D,P,0.03971,0.4384,0.04706
S309,428,D,Q,0.03448,0.4384,0.04706
S309,428,D,R,0.04319,0.4384,0.04706
S309,428,D,S,0.03918,0.4384,0.04706
S309,428,D,T,0.04706,0.4384,0.04706
S309,429,F,W,0.03438,0.03438,0.03438
S309,430,T,A,0.04334,0.606,0.04734
S309,430,T,C,0.03741,0.606,0.04734
S309,430,T,F,0.0308,0.606,0.04734
S309,430,T,H,0.04071,0.606,0.04734
S309,430,T,I,0.04578,0.606,0.04734
S309,430,T,K,0.0407,0.606,0.04734
S309,430,T,L,0.04163,0.606,0.04734
S309,430,T,M,0.03775,0.606,0.04734
S309,430,T,N,0.04402,0.606,0.04734
S309,430,T,Q,0.04009,0.606,0.04734
S309,430,T,R,0.03975,0.606,0.04734
S309,430,T,S,0.04074,0.606,0.04734
S309,430,T,V,0.03415,0.606,0.04734
S309,430,T,W,0.04734,0.606,0.04734
S309,430,T,Y,0.04182,0.606,0.04734
S309,433,V,I,0.04254,0.04254,0.04254
S309,434,I,F,0.03175,0.2193,0.04182
S309,434,I,L,0.03865,0.2193,0.04182
S309,434,I,M,0.04182,0.2193,0.04182
S309,434,I,V,0.03987,0.2193,0.04182
S309,434,I,W,0.03663,0.2193,0.04182
S309,434,I,Y,0.03058,0.2193,0.04182
S309,435,A,S,0.04813,0.0928,0.04813
S309,435,A,T,0.04467,0.0928,0.04813
S309,437,N,P,0.04583,0.04583,0.04583
S309,438,S,A,0.04012,0.07861,0.04012
S309,438,S,T,0.03849,0.07861,0.04012
S309,439,N,D,0.03819,0.4133,0.08465
S309,439,N,H,0.04299,0.4133,0.08465
S309,439,N,K,0.000717,0.4133,0.08465
S309,439,N,L,0.03959,0.4133,0.08465
S309,439,N,M,0.03876,0.4133,0.08465
S309,439,N,Q,0.03432,0.4133,0.08465
S309,439,N,S,0.08465,0.4133,0.08465
S309,439,N,T,0.04638,0.4133,0.08465
S309,439,N,V,0.04527,0.4133,0.08465
S309,439,N,Y,0.0424,0.4133,0.08465
S309,440,N,A,0.034,0.7176,0.06105
S309,440,N,C,0.03698,0.7176,0.06105
S309,440,N,D,0.06105,0.7176,0.06105
S309,440,N,E,0.04531,0.7176,0.06105
S309,440,N,F,0.04783,0.7176,0.06105
S309,440,N,G,0.04336,0.7176,0.06105
S309,440,N,H,0.000717,0.7176,0.06105
S309,440,N,I,0.03902,0.7176,0.06105
S309,440,N,K,0.03883,0.7176,0.06105
S309,440,N,L,0.03962,0.7176,0.06105
S309,440,N,M,0.03832,0.7176,0.06105
S309,440,N,P,0.04457,0.7176,0.06105
S309,440,N,Q,0.04037,0.7176,0.06105
S309,440,N,R,0.04269,0.7176,0.06105
S309,440,N,S,0.04106,0.7176,0.06105
S309,440,N,T,0.03922,0.7176,0.06105
S309,440,N,V,0.03952,0.7176,0.06105
S309,440,N,Y,0.04514,0.7176,0.06105
S309,441,L,A,0.04227,0.322,0.07717
S309,441,L,F,0.03525,0.322,0.07717
S309,441,L,H,0.03358,0.322,0.07717
S309,441,L,I,0.03307,0.322,0.07717
S309,441,L,Q,0.02833,0.322,0.07717
S309,441,L,R,0.07717,0.322,0.07717
S309,441,L,S,0.03446,0.322,0.07717
S309,441,L,V,0.03714,0.322,0.07717
S309,441,L,W,0.000717,0.322,0.07717
S309,443,S,A,0.04186,0.3041,0.04186
S309,443,S,C,0.03696,0.3041,0.04186
S309,443,S,G,0.03778,0.3041,0.04186
S309,443,S,N,0.03823,0.3041,0.04186
S309,443,S,Q,0.03319,0.3041,0.04186
S309,443,S,T,0.0377,0.3041,0.04186
S309,443,S,V,0.03803,0.3041,0.04186
S309,443,S,Y,0.04034,0.3041,0.04186
S309,444,K,A,0.03949,0.7247,0.04443
S309,444,K,C,0.041,0.7247,0.04443
S309,444,K,D,0.0353,0.7247,0.04443
S309,444,K,E,0.04111,0.7247,0.04443
S309,444,K,F,0.04134,0.7247,0.04443
S309,444,K,G,0.04218,0.7247,0.04443
S309,444,K,H,0.03861,0.7247,0.04443
S309,444,K,I,0.03906,0.7247,0.04443
S309,444,K,L,0.03971,0.7247,0.04443
S309,444,K,M,0.03729,0.7247,0.04443
S309,444,K,N,0.03662,0.7247,0.04443
S309,444,K,P,0.03553,0.7247,0.04443
S309,444,K,Q,0.03141,0.7247,0.04443
S309,444,K,R,0.0337,0.7247,0.04443
S309,444,K,S,0.03383,0.7247,0.04443
S309,444,K,T,0.03905,0.7247,0.04443
S309,444,K,V,0.03424,0.7247,0.04443
S309,444,K,W,0.04443,0.7247,0.04443
S309,444,K,Y,0.04083,0.7247,0.04443
S309,445,V,A,0.03795,0.7622,0.05072
S309,445,V,C,0.03938,0.7622,0.05072
S309,445,V,D,0.03138,0.7622,0.05072
S309,445,V,E,0.03481,0.7622,0.05072
S309,445,V,F,0.04196,0.7622,0.05072
S309,445,V,G,0.04069,0.7622,0.05072
S309,445,V,H,0.03191,0.7622,0.05072
S309,445,V,I,0.03832,0.7622,0.05072
S309,445,V,K,0.04793,0.7622,0.05072
S309,445,V,L,0.03611,0.7622,0.05072
S309,445,V,M,0.05072,0.7622,0.05072
S309,445,V,N,0.03805,0.7622,0.05072
S309,445,V,P,0.04426,0.7622,0.05072
S309,445,V,Q,0.03854,0.7622,0.05072
S309,445,V,R,0.0435,0.7622,0.05072
S309,445,V,S,0.04669,0.7622,0.05072
S309,445,V,T,0.03844,0.7622,0.05072
S309,445,V,W,0.04198,0.7622,0.05072
S309,445,V,Y,0.03961,0.7622,0.05072
S309,446,G,A,0.03768,0.6746,0.04262
S309,446,G,C,0.04164,0.6746,0.04262
S309,446,G,D,0.0371,0.6746,0.04262
S309,446,G,E,0.03387,0.6746,0.04262
S309,446,G,F,0.0396,0.6746,0.04262
S309,446,G,H,0.03906,0.6746,0.04262
S309,446,G,I,0.03731,0.6746,0.04262
S309,446,G,K,0.03611,0.6746,0.04262
S309,446,G,L,0.04043,0.6746,0.04262
S309,446,G,M,0.04262,0.6746,0.04262
S309,446,G,N,0.03204,0.6746,0.04262
S309,446,G,P,0.03091,0.6746,0.04262
S309,446,G,Q,0.000717,0.6746,0.04262
S309,446,G,R,0.03832,0.6746,0.04262
S309,446,G,S,0.03415,0.6746,0.04262
S309,446,G,T,0.04149,0.6746,0.04262
S309,446,G,V,0.03886,0.6746,0.04262
S309,446,G,W,0.03435,0.6746,0.04262
S309,446,G,Y,0.03838,0.6746,0.04262
S309,447,G,A,0.03845,0.7714,0.0948
S309,447,G,C,0.03635,0.7714,0.0948
S309,447,G,D,0.03852,0.7714,0.0948
S309,447,G,E,0.04283,0.7714,0.0948
S309,447,G,F,0.047,0.7714,0.0948
S309,447,G,H,0.03915,0.7714,0.0948
S309,447,G,I,0.04201,0.7714,0.0948
S309,447,G,K,0.04561,0.7714,0.0948
S309,447,G,L,0.04029,0.7714,0.0948
S309,447,G,M,0.04381,0.7714,0.0948
S309,447,G,N,0.04092,0.7714,0.0948
S309,447,G,P,0.03294,0.7714,0.0948
S309,447,G,Q,0.03751,0.7714,0.0948
S309,447,G,R,0.04001,0.7714,0.0948
S309,447,G,S,0.04444,0.7714,0.0948
S309,447,G,T,0.03196,0.7714,0.0948
S309,447,G,V,0.03476,0.7714,0.0948
S309,447,G,Y,0.0948,0.7714,0.0948
S309,448,N,A,0.03483,0.5503,0.04392
S309,448,N,C,0.04001,0.5503,0.04392
S309,448,N,D,0.04004,0.5503,0.04392
S309,448,N,E,0.03413,0.5503,0.04392
S309,448,N,G,0.03925,0.5503,0.04392
S309,448,N,H,0.0377,0.5503,0.04392
S309,448,N,K,0.04232,0.5503,0.04392
S309,448,N,P,0.04047,0.5503,0.04392
S309,448,N,Q,0.03703,0.5503,0.04392
S309,448,N,R,0.03972,0.5503,0.04392
S309,448,N,S,0.03788,0.5503,0.04392
S309,448,N,T,0.03922,0.5503,0.04392
S309,448,N,V,0.04392,0.5503,0.04392
S309,448,N,Y,0.04384,0.5503,0.04392
S309,449,Y,A,0.03615,0.7389,0.04621
S309,449,Y,C,0.03967,0.7389,0.04621
S309,449,Y,D,0.04621,0.7389,0.04621
S309,449,Y,E,0.03656,0.7389,0.04621
S309,449,Y,F,0.03994,0.7389,0.04621
S309,449,Y,G,0.03453,0.7389,0.04621
S309,449,Y,H,0.03731,0.7389,0.04621
S309,449,Y,I,0.04503,0.7389,0.04621
S309,449,Y,K,0.04001,0.7389,0.04621
S309,449,Y,L,0.03674,0.7389,0.04621
S309,449,Y,M,0.04256,0.7389,0.04621
S309,449,Y,N,0.03709,0.7389,0.04621
S309,449,Y,P,0.04279,0.7389,0.04621
S309,449,Y,Q,0.04217,0.7389,0.04621
S309,449,Y,R,0.04016,0.7389,0.04621
S309,449,Y,S,0.03878,0.7389,0.04621
S309,449,Y,T,0.02901,0.7389,0.04621
S309,449,Y,V,0.03492,0.7389,0.04621
S309,449,Y,W,0.03926,0.7389,0.04621
S309,450,N,A,0.03643,0.7336,0.05054
S309,450,N,C,0.03628,0.7336,0.05054
S309,450,N,D,0.02728,0.7336,0.05054
S309,450,N,E,0.03352,0.7336,0.05054
S309,450,N,F,0.04067,0.7336,0.05054
S309,450,N,G,0.04417,0.7336,0.05054
S309,450,N,H,0.0361,0.7336,0.05054
S309,450,N,I,0.05054,0.7336,0.05054
S309,450,N,K,0.03557,0.7336,0.05054
S309,450,N,L,0.04128,0.7336,0.05054
S309,450,N,M,0.03269,0.7336,0.05054
S309,450,N,P,0.0327,0.7336,0.05054
S309,450,N,Q,0.03867,0.7336,0.05054
S309,450,N,R,0.04485,0.7336,0.05054
S309,450,N,S,0.03941,0.7336,0.05054
S309,450,N,T,0.04312,0.7336,0.05054
S309,450,N,V,0.04019,0.7336,0.05054
S309,450,N,W,0.03953,0.7336,0.05054
S309,450,N,Y,0.0406,0.7336,0.05054
S309,451,Y,F,0.03935,0.2396,0.04637
S309,451,Y,H,0.03741,0.2396,0.04637
S309,451,Y,I,0.03791,0.2396,0.04637
S309,451,Y,L,0.03882,0.2396,0.04637
S309,451,Y,M,0.04637,0.2396,0.04637
S309,451,Y,Q,0.03975,0.2396,0.04637
S309,452,L,A,0.04856,0.7599,0.07449
S309,452,L,C,0.03263,0.7599,0.07449
S309,452,L,D,0.03737,0.7599,0.07449
S309,452,L,E,0.03954,0.7599,0.07449
S309,452,L,F,0.03446,0.7599,0.07449
S309,452,L,G,0.04311,0.7599,0.07449
S309,452,L,H,0.03406,0.7599,0.07449
S309,452,L,I,0.04658,0.7599,0.07449
S309,452,L,K,0.04098,0.7599,0.07449
S309,452,L,M,0.03805,0.7599,0.07449
S309,452,L,N,0.03942,0.7599,0.07449
S309,452,L,Q,0.0396,0.7599,0.07449
S309,452,L,R,0.03904,0.7599,0.07449
S309,452,L,S,0.04489,0.7599,0.07449
S309,452,L,T,0.07449,0.7599,0.07449
S309,452,L,V,0.04376,0.7599,0.07449
S309,452,L,W,0.04078,0.7599,0.07449
S309,452,L,Y,0.04259,0.7599,0.07449
S309,453,Y,A,0.04214,0.3016,0.04243
S309,453,Y,F,0.03647,0.3016,0.04243
S309,453,Y,H,0.03899,0.3016,0.04243
S309,453,Y,K,0.04243,0.3016,0.04243
S309,453,Y,M,0.04004,0.3016,0.04243
S309,453,Y,R,0.02993,0.3016,0.04243
S309,453,Y,S,0.03676,0.3016,0.04243
S309,453,Y,V,0.03486,0.3016,0.04243
S309,455,L,A,0.02312,0.6717,0.1083
S309,455,L,C,0.04254,0.6717,0.1083
S309,455,L,E,0.0384,0.6717,0.1083
S309,455,L,F,0.03961,0.6717,0.1083
S309,455,L,G,0.04141,0.6717,0.1083
S309,455,L,H,0.03347,0.6717,0.1083
S309,455,L,I,0.03647,0.6717,0.1083
S309,455,L,M,0.1083,0.6717,0.1083
S309,455,L,N,0.03919,0.6717,0.1083
S309,455,L,P,0.03891,0.6717,0.1083
S309,455,L,R,0.03841,0.6717,0.1083
S309,455,L,S,0.03511,0.6717,0.1083
S309,455,L,T,0.04021,0.6717,0.1083
S309,455,L,V,0.03708,0.6717,0.1083
S309,455,L,W,0.0372,0.6717,0.1083
S309,455,L,Y,0.04228,0.6717,0.1083
S309,456,F,A,0.04719,0.6004,0.05231
S309,456,F,C,0.03835,0.6004,0.05231
S309,456,F,G,0.04826,0.6004,0.05231
S309,456,F,H,0.03975,0.6004,0.05231
S309,456,F,I,0.05231,0.6004,0.05231
S309,456,F,K,0.04268,0.6004,0.05231
S309,456,F,L,0.04038,0.6004,0.05231
S309,456,F,M,0.04036,0.6004,0.05231
S309,456,F,Q,0.0378,0.6004,0.05231
S309,456,F,R,0.05104,0.6004,0.05231
S309,456,F,T,0.03913,0.6004,0.05231
S309,456,F,V,0.04851,0.6004,0.05231
S309,456,F,W,0.03602,0.6004,0.05231
S309,456,F,Y,0.03864,0.6004,0.05231
S309,458,K,A,0.03758,0.7162,0.04794
S309,458,K,D,0.04389,0.7162,0.04794
S309,458,K,E,0.0446,0.7162,0.04794
S309,458,K,F,0.04126,0.7162,0.04794
S309,458,K,G,0.03887,0.7162,0.04794
S309,458,K,H,0.03996,0.7162,0.04794
S309,458,K,I,0.03806,0.7162,0.04794
S309,458,K,L,0.04517,0.7162,0.04794
S309,458,K,M,0.03296,0.7162,0.04794
S309,458,K,N,0.04794,0.7162,0.04794
S309,458,K,P,0.0372,0.7162,0.04794
S309,458,K,Q,0.03811,0.7162,0.04794
S309,458,K,R,0.04061,0.7162,0.04794
S309,458,K,S,0.0401,0.7162,0.04794
S309,458,K,T,0.03834,0.7162,0.04794
S309,458,K,V,0.03318,0.7162,0.04794
S309,458,K,W,0.03992,0.7162,0.04794
S309,458,K,Y,0.03846,0.7162,0.04794
S309,459,S,A,0.04398,0.7334,0.04839
S309,459,S,C,0.03959,0.7334,0.04839
S309,459,S,D,0.0418,0.7334,0.04839
S309,459,S,E,0.04193,0.7334,0.04839
S309,459,S,F,0.03966,0.7334,0.04839
S309,459,S,G,0.04181,0.7334,0.04839
S309,459,S,H,0.03567,0.7334,0.04839
S309,459,S,I,0.04483,0.7334,0.04839
S309,459,S,K,0.04839,0.7334,0.04839
S309,459,S,L,0.04189,0.7334,0.04839
S309,459,S,M,0.0351,0.7334,0.04839
S309,459,S,N,0.03818,0.7334,0.04839
S309,459,S,P,0.04522,0.7334,0.04839
S309,459,S,Q,0.04013,0.7334,0.04839
S309,459,S,R,0.03486,0.7334,0.04839
S309,459,S,T,0.03826,0.7334,0.04839
S309,459,S,V,0.04313,0.7334,0.04839
S309,459,S,Y,0.039,0.7334,0.04839
S309,460,N,A,0.03755,0.7113,0.04491
S309,460,N,C,0.03481,0.7113,0.04491
S309,460,N,D,0.04236,0.7113,0.04491
S309,460,N,E,0.04356,0.7113,0.04491
S309,460,N,F,0.04394,0.7113,0.04491
S309,460,N,G,0.04075,0.7113,0.04491
S309,460,N,H,0.03835,0.7113,0.04491
S309,460,N,I,0.03672,0.7113,0.04491
S309,460,N,K,0.03527,0.7113,0.04491
S309,460,N,L,0.03245,0.7113,0.04491
S309,460,N,M,0.03778,0.7113,0.04491
S309,460,N,P,0.04017,0.7113,0.04491
S309,460,N,Q,0.04457,0.7113,0.04491
S309,460,N,R,0.04098,0.7113,0.04491
S309,460,N,S,0.03385,0.7113,0.04491
S309,460,N,T,0.04382,0.7113,0.04491
S309,460,N,V,0.04491,0.7113,0.04491
S309,460,N,Y,0.03948,0.7113,0.04491
S309,461,L,I,0.04232,0.1697,0.08399
S309,461,L,M,0.08399,0.1697,0.08399
S309,461,L,V,0.04335,0.1697,0.08399
S309,462,K,A,0.04421,0.7085,0.05995
S309,462,K,C,0.04192,0.7085,0.05995
S309,462,K,D,0.04141,0.7085,0.05995
S309,462,K,E,0.04177,0.7085,0.05995
S309,462,K,F,0.03074,0.7085,0.05995
S309,462,K,G,0.03591,0.7085,0.05995
S309,462,K,H,0.04587,0.7085,0.05995
S309,462,K,I,0.04065,0.7085,0.05995
S309,462,K,L,0.04601,0.7085,0.05995
S309,462,K,M,0.03814,0.7085,0.05995
S309,462,K,N,0.05995,0.7085,0.05995
S309,462,K,Q,0.03744,0.7085,0.05995
S309,462,K,R,0.04031,0.7085,0.05995
S309,462,K,S,0.04228,0.7085,0.05995
S309,462,K,T,0.04359,0.7085,0.05995
S309,462,K,V,0.04116,0.7085,0.05995
S309,462,K,Y,0.03717,0.7085,0.05995
S309,463,P,A,0.03443,0.03443,0.03443
S309,464,F,A,0.03477,0.4106,0.04682
S309,464,F,G,0.03282,0.4106,0.04682
S309,464,F,H,0.04385,0.4106,0.04682
S309,464,F,L,0.04621,0.4106,0.04682
S309,464,F,M,0.04682,0.4106,0.04682
S309,464,F,N,0.04014,0.4106,0.04682
S309,464,F,Q,0.04027,0.4106,0.04682
S309,464,F,S,0.04095,0.4106,0.04682
S309,464,F,W,0.04448,0.4106,0.04682
S309,464,F,Y,0.04033,0.4106,0.04682
S309,465,E,D,0.03476,0.1438,0.04028
S309,465,E,G,0.03511,0.1438,0.04028
S309,465,E,H,0.03359,0.1438,0.04028
S309,465,E,Q,0.04028,0.1438,0.04028
S309,466,R,H,0.04842,0.1294,0.04842
S309,466,R,K,0.04216,0.1294,0.04842
S309,466,R,Q,0.03884,0.1294,0.04842
S309,468,I,A,0.04013,0.6975,0.04865
S309,468,I,C,0.0365,0.6975,0.04865
S309,468,I,D,0.03888,0.6975,0.04865
S309,468,I,E,0.04046,0.6975,0.04865
S309,468,I,G,0.03512,0.6975,0.04865
S309,468,I,H,0.04865,0.6975,0.04865
S309,468,I,K,0.0352,0.6975,0.04865
S309,468,I,L,0.04122,0.6975,0.04865
S309,468,I,M,0.04169,0.6975,0.04865
S309,468,I,N,0.04719,0.6975,0.04865
S309,468,I,P,0.04397,0.6975,0.04865
S309,468,I,Q,0.03757,0.6975,0.04865
S309,468,I,R,0.03882,0.6975,0.04865
S309,468,I,S,0.0432,0.6975,0.04865
S309,468,I,T,0.04522,0.6975,0.04865
S309,468,I,V,0.04309,0.6975,0.04865
S309,468,I,Y,0.04058,0.6975,0.04865
S309,469,S,A,0.03607,0.3854,0.04483
S309,469,S,C,0.03298,0.3854,0.04483
S309,469,S,D,0.03668,0.3854,0.04483
S309,469,S,E,0.04472,0.3854,0.04483
S309,469,S,G,0.03298,0.3854,0.04483
S309,469,S,K,0.04015,0.3854,0.04483
S309,469,S,N,0.038,0.3854,0.04483
S309,469,S,Q,0.04483,0.3854,0.04483
S309,469,S,R,0.03833,0.3854,0.04483
S309,469,S,T,0.04068,0.3854,0.04483
S309,470,T,A,0.04198,0.7073,0.0587
S309,470,T,C,0.04863,0.7073,0.0587
S309,470,T,D,0.04295,0.7073,0.0587
S309,470,T,E,0.0587,0.7073,0.0587
S309,470,T,F,0.04738,0.7073,0.0587
S309,470,T,G,0.04312,0.7073,0.0587
S309,470,T,H,0.03845,0.7073,0.0587
S309,470,T,I,0.04088,0.7073,0.0587
S309,470,T,K,0.03791,0.7073,0.0587
S309,470,T,L,0.03205,0.7073,0.0587
S309,470,T,M,0.03367,0.7073,0.0587
S309,470,T,N,0.04798,0.7073,0.0587
S309,470,T,Q,0.02961,0.7073,0.0587
S309,470,T,R,0.03182,0.7073,0.0587
S309,470,T,S,0.04157,0.7073,0.0587
S309,470,T,V,0.04693,0.7073,0.0587
S309,470,T,Y,0.04372,0.7073,0.0587
S309,471,E,A,0.03614,0.6964,0.05499
S309,471,E,C,0.04061,0.6964,0.05499
S309,471,E,D,0.03158,0.6964,0.05499
S309,471,E,F,0.03094,0.6964,0.05499
S309,471,E,G,0.03647,0.6964,0.05499
S309,471,E,H,0.03704,0.6964,0.05499
S309,471,E,I,0.03939,0.6964,0.05499
S309,471,E,K,0.0404,0.6964,0.05499
S309,471,E,L,0.04442,0.6964,0.05499
S309,471,E,M,0.03563,0.6964,0.05499
S309,471,E,N,0.03835,0.6964,0.05499
S309,471,E,P,0.04886,0.6964,0.05499
S309,471,E,Q,0.03951,0.6964,0.05499
S309,471,E,R,0.03617,0.6964,0.05499
S309,471,E,S,0.0343,0.6964,0.05499
S309,471,E,T,0.05499,0.6964,0.05499
S309,471,E,V,0.03617,0.6964,0.05499
S309,471,E,Y,0.03545,0.6964,0.05499
S309,472,I,A,0.03944,0.716,0.04967
S309,472,I,C,0.04143,0.716,0.04967
S309,472,I,D,0.03928,0.716,0.04967
S309,472,I,E,0.03597,0.716,0.04967
S309,472,I,F,0.04218,0.716,0.04967
S309,472,I,G,0.04047,0.716,0.04967
S309,472,I,H,0.04967,0.716,0.04967
S309,472,I,K,0.04017,0.716,0.04967
S309,472,I,L,0.03902,0.716,0.04967
S309,472,I,M,0.03491,0.716,0.04967
S309,472,I,N,0.04219,0.716,0.04967
S309,472,I,P,0.03937,0.716,0.04967
S309,472,I,Q,0.03822,0.716,0.04967
S309,472,I,S,0.03746,0.716,0.04967
S309,472,I,T,0.03839,0.716,0.04967
S309,472,I,V,0.03739,0.716,0.04967
S309,472,I,W,0.0395,0.716,0.04967
S309,472,I,Y,0.04092,0.716,0.04967
S309,473,Y,A,0.03333,0.5798,0.05331
S309,473,Y,C,0.04262,0.5798,0.05331
S309,473,Y,E,0.03522,0.5798,0.05331
S309,473,Y,F,0.03786,0.5798,0.05331
S309,473,Y,H,0.05331,0.5798,0.05331
S309,473,Y,I,0.03966,0.5798,0.05331
S309,473,Y,L,0.03852,0.5798,0.05331
S309,473,Y,M,0.04267,0.5798,0.05331
S309,473,Y,N,0.04003,0.5798,0.05331
S309,473,Y,Q,0.04792,0.5798,0.05331
S309,473,Y,S,0.04113,0.5798,0.05331
S309,473,Y,T,0.03947,0.5798,0.05331
S309,473,Y,V,0.04623,0.5798,0.05331
S309,473,Y,W,0.04185,0.5798,0.05331
S309,474,Q,A,0.000717,0.4681,0.0469
S309,474,Q,D,0.03425,0.4681,0.0469
S309,474,Q,E,0.0469,0.4681,0.0469
S309,474,Q,G,0.03998,0.4681,0.0469
S309,474,Q,H,0.04331,0.4681,0.0469
S309,474,Q,K,0.03682,0.4681,0.0469
S309,474,Q,M,0.03581,0.4681,0.0469
S309,474,Q,N,0.02963,0.4681,0.0469
S309,474,Q,P,0.03949,0.4681,0.0469
S309,474,Q,R,0.04334,0.4681,0.0469
S309,474,Q,S,0.04198,0.4681,0.0469
S309,474,Q,T,0.03983,0.4681,0.0469
S309,474,Q,V,0.03607,0.4681,0.0469
S309,475,A,C,0.04057,0.6311,0.04978
S309,475,A,D,0.04919,0.6311,0.04978
S309,475,A,E,0.03654,0.6311,0.04978
S309,475,A,F,0.03963,0.6311,0.04978
S309,475,A,G,0.03569,0.6311,0.04978
S309,475,A,I,0.04978,0.6311,0.04978
S309,475,A,K,0.0423,0.6311,0.04978
S309,475,A,L,0.03893,0.6311,0.04978
S309,475,A,M,0.03837,0.6311,0.04978
S309,475,A,N,0.03953,0.6311,0.04978
S309,475,A,Q,0.01683,0.6311,0.04978
S309,475,A,R,0.03751,0.6311,0.04978
S309,475,A,S,0.04021,0.6311,0.04978
S309,475,A,T,0.04025,0.6311,0.04978
S309,475,A,V,0.0465,0.6311,0.04978
S309,475,A,Y,0.03929,0.6311,0.04978
S309,476,G,A,0.04043,0.3963,0.04338
S309,476,G,D,0.04012,0.3963,0.04338
S309,476,G,E,0.04338,0.3963,0.04338
S309,476,G,H,0.03736,0.3963,0.04338
S309,476,G,K,0.04186,0.3963,0.04338
S309,476,G,N,0.04002,0.3963,0.04338
S309,476,G,Q,0.04015,0.3963,0.04338
S309,476,G,R,0.03474,0.3963,0.04338
S309,476,G,S,0.03952,0.3963,0.04338
S309,476,G,T,0.03868,0.3963,0.04338
S309,477,S,A,0.04319,0.715,0.08991
S309,477,S,C,0.03658,0.715,0.08991
S309,477,S,D,0.04109,0.715,0.08991
S309,477,S,F,0.02992,0.715,0.08991
S309,477,S,G,0.03618,0.715,0.08991
S309,477,S,H,0.08991,0.715,0.08991
S309,477,S,I,0.03907,0.715,0.08991
S309,477,S,L,0.03338,0.715,0.08991
S309,477,S,M,0.03352,0.715,0.08991
S309,477,S,N,0.04036,0.715,0.08991
S309,477,S,P,0.03712,0.715,0.08991
S309,477,S,Q,0.03135,0.715,0.08991
S309,477,S,R,0.03608,0.715,0.08991
S309,477,S,T,0.03728,0.715,0.08991
S309,477,S,V,0.04157,0.715,0.08991
S309,477,S,W,0.07307,0.715,0.08991
S309,477,S,Y,0.03533,0.715,0.08991
S309,478,T,A,0.04539,0.7325,0.04551
S309,478,T,C,0.03614,0.7325,0.04551
S309,478,T,D,0.03795,0.7325,0.04551
S309,478,T,E,0.04194,0.7325,0.04551
S309,478,T,F,0.03506,0.7325,0.04551
S309,478,T,G,0.03649,0.7325,0.04551
S309,478,T,H,0.03544,0.7325,0.04551
S309,478,T,I,0.04394,0.7325,0.04551
S309,478,T,K,0.03722,0.7325,0.04551
S309,478,T,L,0.03837,0.7325,0.04551
S309,478,T,M,0.03466,0.7325,0.04551
S309,478,T,N,0.03902,0.7325,0.04551
S309,478,T,P,0.03885,0.7325,0.04551
S309,478,T,Q,0.03452,0.7325,0.04551
S309,478,T,R,0.04551,0.7325,0.04551
S309,478,T,S,0.0429,0.7325,0.04551
S309,478,T,V,0.03998,0.7325,0.04551
S309,478,T,W,0.03223,0.7325,0.04551
S309,478,T,Y,0.03687,0.7325,0.04551
S309,479,P,A,0.04467,0.7501,0.05565
S309,479,P,C,0.03603,0.7501,0.05565
S309,479,P,D,0.03932,0.7501,0.05565
S309,479,P,E,0.04312,0.7501,0.05565
S309,479,P,F,0.04516,0.7501,0.05565
S309,479,P,G,0.04341,0.7501,0.05565
S309,479,P,H,0.0436,0.7501,0.05565
S309,479,P,I,0.0417,0.7501,0.05565
S309,479,P,K,0.0433,0.7501,0.05565
S309,479,P,L,0.05565,0.7501,0.05565
S309,479,P,M,0.03786,0.7501,0.05565
S309,479,P,N,0.03713,0.7501,0.05565
S309,479,P,Q,0.03838,0.7501,0.05565
S309,479,P,R,0.03943,0.7501,0.05565
S309,479,P,S,0.03917,0.7501,0.05565
S309,479,P,T,0.03721,0.7501,0.05565
S309,479,P,V,0.04573,0.7501,0.05565
S309,479,P,Y,0.03926,0.7501,0.05565
S309,481,N,A,0.04293,0.701,0.0433
S309,481,N,C,0.03738,0.701,0.0433
S309,481,N,D,0.04266,0.701,0.0433
S309,481,N,E,0.03406,0.701,0.0433
S309,481,N,F,0.03646,0.701,0.0433
S309,481,N,G,0.04289,0.701,0.0433
S309,481,N,H,0.04144,0.701,0.0433
S309,481,N,I,0.03744,0.701,0.0433
S309,481,N,K,0.03887,0.701,0.0433
S309,481,N,L,0.03742,0.701,0.0433
S309,481,N,M,0.0373,0.701,0.0433
S309,481,N,P,0.0433,0.701,0.0433
S309,481,N,Q,0.04185,0.701,0.0433
S309,481,N,R,0.03785,0.701,0.0433
S309,481,N,S,0.03121,0.701,0.0433
S309,481,N,T,0.0382,0.701,0.0433
S309,481,N,V,0.0418,0.701,0.0433
S309,481,N,Y,0.03799,0.701,0.0433
S309,482,G,A,0.04355,0.5492,0.04577
S309,482,G,C,0.04237,0.5492,0.04577
S309,482,G,D,0.04371,0.5492,0.04577
S309,482,G,F,0.0391,0.5492,0.04577
S309,482,G,H,0.0387,0.5492,0.04577
S309,482,G,K,0.03896,0.5492,0.04577
S309,482,G,L,0.04577,0.5492,0.04577
S309,482,G,N,0.03321,0.5492,0.04577
S309,482,G,P,0.03249,0.5492,0.04577
S309,482,G,Q,0.04165,0.5492,0.04577
S309,482,G,R,0.03551,0.5492,0.04577
S309,482,G,S,0.03648,0.5492,0.04577
S309,482,G,T,0.03743,0.5492,0.04577
S309,482,G,Y,0.04029,0.5492,0.04577
S309,483,V,A,0.03446,0.6951,0.0468
S309,483,V,C,0.0365,0.6951,0.0468
S309,483,V,D,0.04429,0.6951,0.0468
S309,483,V,E,0.04441,0.6951,0.0468
S309,483,V,F,0.03589,0.6951,0.0468
S309,483,V,G,0.03912,0.6951,0.0468
S309,483,V,H,0.02958,0.6951,0.0468
S309,483,V,I,0.03661,0.6951,0.0468
S309,483,V,K,0.04366,0.6951,0.0468
S309,483,V,L,0.03633,0.6951,0.0468
S309,483,V,M,0.0468,0.6951,0.0468
S309,483,V,N,0.03778,0.6951,0.0468
S309,483,V,Q,0.04214,0.6951,0.0468
S309,483,V,R,0.04207,0.6951,0.0468
S309,483,V,S,0.03933,0.6951,0.0468
S309,483,V,T,0.03468,0.6951,0.0468
S309,483,V,W,0.03444,0.6951,0.0468
S309,483,V,Y,0.03701,0.6951,0.0468
S309,484,E,A,0.05025,0.7902,0.05653
S309,484,E,C,0.04463,0.7902,0.05653
S309,484,E,D,0.02474,0.7902,0.05653
S309,484,E,F,0.05179,0.7902,0.05653
S309,484,E,G,0.03363,0.7902,0.05653
S309,484,E,H,0.04707,0.7902,0.05653
S309,484,E,I,0.05434,0.7902,0.05653
S309,484,E,K,0.03372,0.7902,0.05653
S309,484,E,L,0.05653,0.7902,0.05653
S309,484,E,M,0.04086,0.7902,0.05653
S309,484,E,N,0.03241,0.7902,0.05653
S309,484,E,P,0.03788,0.7902,0.05653
S309,484,E,Q,0.03516,0.7902,0.05653
S309,484,E,R,0.03663,0.7902,0.05653
S309,484,E,S,0.03703,0.7902,0.05653
S309,484,E,T,0.03593,0.7902,0.05653
S309,484,E,V,0.04229,0.7902,0.05653
S309,484,E,W,0.0557,0.7902,0.05653
S309,484,E,Y,0.03961,0.7902,0.05653
S309,485,G,A,0.04725,0.5214,0.04725
S309,485,G,C,0.04064,0.5214,0.04725
S309,485,G,D,0.04155,0.5214,0.04725
S309,485,G,E,0.03912,0.5214,0.04725
S309,485,G,H,0.03877,0.5214,0.04725
S309,485,G,K,0.03605,0.5214,0.04725
S309,485,G,M,0.03955,0.5214,0.04725
S309,485,G,N,0.03701,0.5214,0.04725
S309,485,G,P,0.04405,0.5214,0.04725
S309,485,G,Q,0.04008,0.5214,0.04725
S309,485,G,R,0.04085,0.5214,0.04725
S309,485,G,S,0.03139,0.5214,0.04725
S309,485,G,T,0.04512,0.5214,0.04725
S309,486,F,A,0.03987,0.6944,0.04126
S309,486,F,C,0.03417,0.6944,0.04126
S309,486,F,D,0.04072,0.6944,0.04126
S309,486,F,E,0.03561,0.6944,0.04126
S309,486,F,G,0.03814,0.6944,0.04126
S309,486,F,H,0.04126,0.6944,0.04126
S309,486,F,I,0.03683,0.6944,0.04126
S309,486,F,K,0.04063,0.6944,0.04126
S309,486,F,L,0.03731,0.6944,0.04126
S309,486,F,M,0.03169,0.6944,0.04126
S309,486,F,N,0.03327,0.6944,0.04126
S309,486,F,P,0.034,0.6944,0.04126
S309,486,F,Q,0.03805,0.6944,0.04126
S309,486,F,R,0.03521,0.6944,0.04126
S309,486,F,S,0.02434,0.6944,0.04126
S309,486,F,T,0.03618,0.6944,0.04126
S309,486,F,V,0.03968,0.6944,0.04126
S309,486,F,W,0.03916,0.6944,0.04126
S309,486,F,Y,0.03824,0.6944,0.04126
S309,487,N,A,0.04467,0.5804,0.05155
S309,487,N,D,0.03585,0.5804,0.05155
S309,487,N,E,0.0424,0.5804,0.05155
S309,487,N,F,0.03943,0.5804,0.05155
S309,487,N,G,0.03799,0.5804,0.05155
S309,487,N,H,0.04267,0.5804,0.05155
S309,487,N,K,0.03457,0.5804,0.05155
S309,487,N,L,0.05155,0.5804,0.05155
S309,487,N,M,0.04064,0.5804,0.05155
S309,487,N,Q,0.0451,0.5804,0.05155
S309,487,N,R,0.04089,0.5804,0.05155
S309,487,N,S,0.03909,0.5804,0.05155
S309,487,N,T,0.03867,0.5804,0.05155
S309,487,N,Y,0.04688,0.5804,0.05155
S309,489,Y,F,0.04381,0.3056,0.0479
S309,489,Y,H,0.03879,0.3056,0.0479
S309,489,Y,I,0.02267,0.3056,0.0479
S309,489,Y,L,0.04249,0.3056,0.0479
S309,489,Y,M,0.0479,0.3056,0.0479
S309,489,Y,Q,0.04034,0.3056,0.0479
S309,489,Y,V,0.0359,0.3056,0.0479
S309,489,Y,W,0.03365,0.3056,0.0479
S309,490,F,A,0.04685,0.7547,0.04694
S309,490,F,C,0.04299,0.7547,0.04694
S309,490,F,D,0.04321,0.7547,0.04694
S309,490,F,E,0.03475,0.7547,0.04694
S309,490,F,G,0.03799,0.7547,0.04694
S309,490,F,H,0.04089,0.7547,0.04694
S309,490,F,I,0.0379,0.7547,0.04694
S309,490,F,K,0.04159,0.7547,0.04694
S309,490,F,L,0.02566,0.7547,0.04694
S309,490,F,M,0.03878,0.7547,0.04694
S309,490,F,N,0.03483,0.7547,0.04694
S309,490,F,P,0.04008,0.7547,0.04694
S309,490,F,Q,0.04438,0.7547,0.04694
S309,490,F,R,0.03408,0.7547,0.04694
S309,490,F,S,0.0398,0.7547,0.04694
S309,490,F,T,0.04,0.7547,0.04694
S309,490,F,V,0.04694,0.7547,0.04694
S309,490,F,W,0.04559,0.7547,0.04694
S309,490,F,Y,0.03838,0.7547,0.04694
S309,492,L,F,0.03766,0.1278,0.04803
S309,492,L,I,0.04208,0.1278,0.04803
S309,492,L,V,0.04803,0.1278,0.04803
S309,493,Q,A,0.04289,0.7306,0.0522
S309,493,Q,C,0.03876,0.7306,0.0522
S309,493,Q,D,0.03522,0.7306,0.0522
S309,493,Q,E,0.03941,0.7306,0.0522
S309,493,Q,F,0.0382,0.7306,0.0522
S309,493,Q,G,0.04929,0.7306,0.0522
S309,493,Q,H,0.03902,0.7306,0.0522
S309,493,Q,I,0.0522,0.7306,0.0522
S309,493,Q,K,0.03345,0.7306,0.0522
S309,493,Q,L,0.03629,0.7306,0.0522
S309,493,Q,M,0.05037,0.7306,0.0522
S309,493,Q,N,0.04005,0.7306,0.0522
S309,493,Q,R,0.03401,0.7306,0.0522
S309,493,Q,S,0.03941,0.7306,0.0522
S309,493,Q,T,0.04333,0.7306,0.0522
S309,493,Q,V,0.04481,0.7306,0.0522
S309,493,Q,W,0.0307,0.7306,0.0522
S309,493,Q,Y,0.04322,0.7306,0.0522
S309,494,S,A,0.0396,0.5655,0.05337
S309,494,S,D,0.000717,0.5655,0.05337
S309,494,S,F,0.04152,0.5655,0.05337
S309,494,S,G,0.03259,0.5655,0.05337
S309,494,S,H,0.03538,0.5655,0.05337
S309,494,S,I,0.05337,0.5655,0.05337
S309,494,S,K,0.04262,0.5655,0.05337
S309,494,S,M,0.03974,0.5655,0.05337
S309,494,S,N,0.04377,0.5655,0.05337
S309,494,S,P,0.04119,0.5655,0.05337
S309,494,S,R,0.0373,0.5655,0.05337
S309,494,S,T,0.03769,0.5655,0.05337
S309,494,S,V,0.0346,0.5655,0.05337
S309,494,S,W,0.04646,0.5655,0.05337
S309,494,S,Y,0.0389,0.5655,0.05337
S309,496,G,A,0.04542,0.712,0.04542
S309,496,G,C,0.03986,0.712,0.04542
S309,496,G,D,0.03433,0.712,0.04542
S309,496,G,E,0.04122,0.712,0.04542
S309,496,G,F,0.0393,0.712,0.04542
S309,496,G,H,0.04214,0.712,0.04542
S309,496,G,I,0.03373,0.712,0.04542
S309,496,G,K,0.03606,0.712,0.04542
S309,496,G,L,0.03466,0.712,0.04542
S309,496,G,M,0.03984,0.712,0.04542
S309,496,G,N,0.04109,0.712,0.04542
S309,496,G,Q,0.04393,0.712,0.04542
S309,496,G,R,0.03894,0.712,0.04542
S309,496,G,S,0.04198,0.712,0.04542
S309,496,G,T,0.04369,0.712,0.04542
S309,496,G,V,0.04218,0.712,0.04542
S309,496,G,W,0.03663,0.712,0.04542
S309,496,G,Y,0.03698,0.712,0.04542
S309,498,Q,A,0.03331,0.6812,0.04965
S309,498,Q,C,0.03891,0.6812,0.04965
S309,498,Q,E,0.0404,0.6812,0.04965
S309,498,Q,F,0.04694,0.6812,0.04965
S309,498,Q,G,0.03812,0.6812,0.04965
S309,498,Q,H,0.03491,0.6812,0.04965
S309,498,Q,I,0.03363,0.6812,0.04965
S309,498,Q,K,0.04551,0.6812,0.04965
S309,498,Q,L,0.04134,0.6812,0.04965
S309,498,Q,M,0.04555,0.6812,0.04965
S309,498,Q,N,0.03707,0.6812,0.04965
S309,498,Q,R,0.04965,0.6812,0.04965
S309,498,Q,S,0.03549,0.6812,0.04965
S309,498,Q,T,0.0476,0.6812,0.04965
S309,498,Q,V,0.03771,0.6812,0.04965
S309,498,Q,W,0.03928,0.6812,0.04965
S309,498,Q,Y,0.03573,0.6812,0.04965
S309,499,P,A,0.03783,0.5881,0.04606
S309,499,P,C,0.03554,0.5881,0.04606
S309,499,P,D,0.04182,0.5881,0.04606
S309,499,P,E,0.03533,0.5881,0.04606
S309,499,P,G,0.03733,0.5881,0.04606
S309,499,P,H,0.04073,0.5881,0.04606
S309,499,P,L,0.03611,0.5881,0.04606
S309,499,P,M,0.03731,0.5881,0.04606
S309,499,P,N,0.04606,0.5881,0.04606
S309,499,P,Q,0.04132,0.5881,0.04606
S309,499,P,R,0.04033,0.5881,0.04606
S309,499,P,S,0.03956,0.5881,0.04606
S309,499,P,T,0.03521,0.5881,0.04606
S309,499,P,V,0.04463,0.5881,0.04606
S309,499,P,Y,0.03899,0.5881,0.04606
S309,500,T,A,0.04797,0.7609,0.05067
S309,500,T,C,0.03996,0.7609,0.05067
S309,500,T,D,0.03852,0.7609,0.05067
S309,500,T,E,0.03837,0.7609,0.05067
S309,500,T,F,0.04041,0.7609,0.05067
S309,500,T,G,0.04082,0.7609,0.05067
S309,500,T,H,0.04214,0.7609,0.05067
S309,500,T,I,0.03498,0.7609,0.05067
S309,500,T,K,0.0349,0.7609,0.05067
S309,500,T,L,0.04481,0.7609,0.05067
S309,500,T,M,0.041,0.7609,0.05067
S309,500,T,N,0.04574,0.7609,0.05067
S309,500,T,P,0.03258,0.7609,0.05067
S309,500,T,Q,0.03264,0.7609,0.05067
S309,500,T,R,0.03738,0.7609,0.05067
S309,500,T,S,0.05067,0.7609,0.05067
S309,500,T,V,0.04189,0.7609,0.05067
S309,500,T,W,0.03695,0.7609,0.05067
S309,500,T,Y,0.03916,0.7609,0.05067
S309,501,N,A,0.03319,0.6603,0.05236
S309,501,N,C,0.03914,0.6603,0.05236
S309,501,N,F,0.03454,0.6603,0.05236
S309,501,N,G,0.05011,0.6603,0.05236
S309,501,N,H,0.05236,0.6603,0.05236
S309,501,N,I,0.04423,0.6603,0.05236
S309,501,N,L,0.03849,0.6603,0.05236
S309,501,N,M,0.04331,0.6603,0.05236
S309,501,N,P,0.04932,0.6603,0.05236
S309,501,N,Q,0.03816,0.6603,0.05236
S309,501,N,R,0.04444,0.6603,0.05236
S309,501,N,S,0.04746,0.6603,0.05236
S309,501,N,T,0.03615,0.6603,0.05236
S309,501,N,V,0.04048,0.6603,0.05236
S309,501,N,W,0.0367,0.6603,0.05236
S309,501,N,Y,0.03222,0.6603,0.05236
S309,503,V,A,0.05565,0.7353,0.05565
S309,503,V,C,0.04126,0.7353,0.05565
S309,503,V,D,0.03585,0.7353,0.05565
S309,503,V,E,0.03859,0.7353,0.05565
S309,503,V,F,0.03994,0.7353,0.05565
S309,503,V,G,0.03389,0.7353,0.05565
S309,503,V,H,0.04214,0.7353,0.05565
S309,503,V,I,0.04017,0.7353,0.05565
S309,503,V,K,0.03813,0.7353,0.05565
S309,503,V,L,0.04235,0.7353,0.05565
S309,503,V,M,0.03817,0.7353,0.05565
S309,503,V,N,0.0464,0.7353,0.05565
S309,503,V,Q,0.04657,0.7353,0.05565
S309,503,V,R,0.03542,0.7353,0.05565
S309,503,V,S,0.0338,0.7353,0.05565
S309,503,V,T,0.04052,0.7353,0.05565
S309,503,V,W,0.04591,0.7353,0.05565
S309,503,V,Y,0.04053,0.7353,0.05565
S309,504,G,A,0.03832,0.7806,0.04774
S309,504,G,C,0.04401,0.7806,0.04774
S309,504,G,D,0.0384,0.7806,0.04774
S309,504,G,E,0.04252,0.7806,0.04774
S309,504,G,F,0.04638,0.7806,0.04774
S309,504,G,H,0.0426,0.7806,0.04774
S309,504,G,I,0.03999,0.7806,0.04774
S309,504,G,K,0.04111,0.7806,0.04774
S309,504,G,L,0.0444,0.7806,0.04774
S309,504,G,M,0.03799,0.7806,0.04774
S309,504,G,N,0.04054,0.7806,0.04774
S309,504,G,P,0.04144,0.7806,0.04774
S309,504,G,Q,0.04774,0.7806,0.04774
S309,504,G,R,0.04531,0.7806,0.04774
S309,504,G,S,0.03889,0.7806,0.04774
S309,504,G,T,0.04012,0.7806,0.04774
S309,504,G,V,0.03765,0.7806,0.04774
S309,504,G,W,0.03645,0.7806,0.04774
S309,504,G,Y,0.03671,0.7806,0.04774
S309,505,Y,F,0.04299,0.172,0.04543
S309,505,Y,H,0.04155,0.172,0.04543
S309,505,Y,M,0.000717,0.172,0.04543
S309,505,Y,N,0.04543,0.172,0.04543
S309,505,Y,Q,0.000717,0.172,0.04543
S309,505,Y,W,0.04063,0.172,0.04543
S309,506,Q,A,0.05295,0.1403,0.05295
S309,506,Q,E,0.03741,0.1403,0.05295
S309,506,Q,H,0.04926,0.1403,0.05295
S309,506,Q,N,0.000717,0.1403,0.05295
S309,507,P,A,0.03604,0.03604,0.03604
S309,508,Y,A,0.04601,0.3304,0.048
S309,508,Y,F,0.0361,0.3304,0.048
S309,508,Y,H,0.03827,0.3304,0.048
S309,508,Y,M,0.048,0.3304,0.048
S309,508,Y,N,0.04652,0.3304,0.048
S309,508,Y,T,0.03151,0.3304,0.048
S309,508,Y,V,0.03934,0.3304,0.048
S309,508,Y,W,0.04462,0.3304,0.048
S309,510,V,I,0.03967,0.03967,0.03967
S309,512,V,I,0.03893,0.03893,0.03893
S309,513,L,I,0.04367,0.08353,0.04367
S309,513,L,M,0.03986,0.08353,0.04367
S309,514,S,A,0.04217,0.6166,0.04585
S309,514,S,C,0.03892,0.6166,0.04585
S309,514,S,F,0.03627,0.6166,0.04585
S309,514,S,G,0.04585,0.6166,0.04585
S309,514,S,H,0.03479,0.6166,0.04585
S309,514,S,I,0.03864,0.6166,0.04585
S309,514,S,K,0.03351,0.6166,0.04585
S309,514,S,L,0.04228,0.6166,0.04585
S309,514,S,M,0.03725,0.6166,0.04585
S309,514,S,N,0.03681,0.6166,0.04585
S309,514,S,Q,0.03854,0.6166,0.04585
S309,514,S,R,0.03649,0.6166,0.04585
S309,514,S,T,0.03749,0.6166,0.04585
S309,514,S,V,0.03572,0.6166,0.04585
S309,514,S,W,0.03828,0.6166,0.04585
S309,514,S,Y,0.0436,0.6166,0.04585
S309,515,F,L,0.03773,0.07788,0.04015
S309,515,F,M,0.04015,0.07788,0.04015
S309,516,E,D,0.04823,0.3678,0.07188
S309,516,E,H,0.04328,0.3678,0.07188
S309,516,E,K,0.0305,0.3678,0.07188
S309,516,E,N,0.04071,0.3678,0.07188
S309,516,E,P,0.03716,0.3678,0.07188
S309,516,E,R,0.05623,0.3678,0.07188
S309,516,E,S,0.03979,0.3678,0.07188
S309,516,E,T,0.07188,0.3678,0.07188
S309,517,L,E,0.03515,0.4704,0.04586
S309,517,L,H,0.03707,0.4704,0.04586
S309,517,L,I,0.03363,0.4704,0.04586
S309,517,L,K,0.03746,0.4704,0.04586
S309,517,L,M,0.03752,0.4704,0.04586
S309,517,L,N,0.0349,0.4704,0.04586
S309,517,L,Q,0.04326,0.4704,0.04586
S309,517,L,R,0.04029,0.4704,0.04586
S309,517,L,S,0.04392,0.4704,0.04586
S309,517,L,T,0.0401,0.4704,0.04586
S309,517,L,V,0.04586,0.4704,0.04586
S309,517,L,Y,0.0412,0.4704,0.04586
S309,518,L,A,0.000717,0.5591,0.04897
S309,518,L,F,0.04478,0.5591,0.04897
S309,518,L,H,0.04387,0.5591,0.04897
S309,518,L,I,0.03368,0.5591,0.04897
S309,518,L,K,0.02852,0.5591,0.04897
S309,518,L,M,0.0424,0.5591,0.04897
S309,518,L,N,0.04386,0.5591,0.04897
S309,518,L,P,0.04897,0.5591,0.04897
S309,518,L,Q,0.03245,0.5591,0.04897
S309,518,L,R,0.0409,0.5591,0.04897
S309,518,L,S,0.03555,0.5591,0.04897
S309,518,L,T,0.04652,0.5591,0.04897
S309,518,L,V,0.0359,0.5591,0.04897
S309,518,L,W,0.04415,0.5591,0.04897
S309,518,L,Y,0.03682,0.5591,0.04897
S309,519,H,C,0.04113,0.5494,0.0559
S309,519,H,D,0.05175,0.5494,0.0559
S309,519,H,F,0.044,0.5494,0.0559
S309,519,H,I,0.03845,0.5494,0.0559
S309,519,H,L,0.03836,0.5494,0.0559
S309,519,H,N,0.04001,0.5494,0.0559
S309,519,H,P,0.04318,0.5494,0.0559
S309,519,H,Q,0.03817,0.5494,0.0559
S309,519,H,R,0.04089,0.5494,0.0559
S309,519,H,S,0.03916,0.5494,0.0559
S309,519,H,T,0.0424,0.5494,0.0559
S309,519,H,V,0.0559,0.5494,0.0559
S309,519,H,Y,0.03595,0.5494,0.0559
S309,520,A,C,0.03902,0.6831,0.05591
S309,520,A,D,0.04572,0.6831,0.05591
S309,520,A,E,0.03395,0.6831,0.05591
S309,520,A,F,0.04386,0.6831,0.05591
S309,520,A,G,0.000717,0.6831,0.05591
S309,520,A,H,0.04481,0.6831,0.05591
S309,520,A,I,0.0496,0.6831,0.05591
S309,520,A,K,0.05268,0.6831,0.05591
S309,520,A,L,0.0336,0.6831,0.05591
S309,520,A,M,0.04626,0.6831,0.05591
S309,520,A,N,0.04601,0.6831,0.05591
S309,520,A,P,0.03754,0.6831,0.05591
S309,520,A,R,0.05591,0.6831,0.05591
S309,520,A,S,0.03723,0.6831,0.05591
S309,520,A,T,0.04024,0.6831,0.05591
S309,520,A,V,0.03881,0.6831,0.05591
S309,520,A,Y,0.03718,0.6831,0.05591
S309,521,P,C,0.06589,0.3636,0.06589
S309,521,P,F,0.04432,0.3636,0.06589
S309,521,P,G,0.04352,0.3636,0.06589
S309,521,P,H,0.04238,0.3636,0.06589
S309,521,P,N,0.04821,0.3636,0.06589
S309,521,P,R,0.04293,0.3636,0.06589
S309,521,P,S,0.03671,0.3636,0.06589
S309,521,P,T,0.03962,0.3636,0.06589
S309,522,A,C,0.07974,0.6292,0.07974
S309,522,A,D,0.03584,0.6292,0.07974
S309,522,A,E,0.03588,0.6292,0.07974
S309,522,A,G,0.03902,0.6292,0.07974
S309,522,A,H,0.04462,0.6292,0.07974
S309,522,A,I,0.03172,0.6292,0.07974
S309,522,A,K,0.000717,0.6292,0.07974
S309,522,A,L,0.0396,0.6292,0.07974
S309,522,A,M,0.04748,0.6292,0.07974
S309,522,A,P,0.04322,0.6292,0.07974
S309,522,A,R,0.03718,0.6292,0.07974
S309,522,A,S,0.03762,0.6292,0.07974
S309,522,A,T,0.03765,0.6292,0.07974
S309,522,A,V,0.03492,0.6292,0.07974
S309,522,A,W,0.03845,0.6292,0.07974
S309,522,A,Y,0.0456,0.6292,0.07974
S309,523,T,I,0.03221,0.06634,0.03413
S309,523,T,Y,0.03413,0.06634,0.03413
S309,524,V,A,0.05534,0.1398,0.05534
S309,524,V,G,0.04638,0.1398,0.05534
S309,524,V,I,0.03812,0.1398,0.05534
S309,525,C,A,0.0288,0.2674,0.04693
S309,525,C,F,0.04693,0.2674,0.04693
S309,525,C,I,0.04399,0.2674,0.04693
S309,525,C,L,0.04299,0.2674,0.04693
S309,525,C,N,0.03605,0.2674,0.04693
S309,525,C,R,0.02893,0.2674,0.04693
S309,525,C,S,0.03966,0.2674,0.04693
S309,526,G,A,0.04105,0.3926,0.04478
S309,526,G,D,0.03365,0.3926,0.04478
S309,526,G,E,0.03308,0.3926,0.04478
S309,526,G,L,0.03859,0.3926,0.04478
S309,526,G,N,0.04224,0.3926,0.04478
S309,526,G,P,0.0384,0.3926,0.04478
S309,526,G,R,0.03928,0.3926,0.04478
S309,526,G,S,0.03721,0.3926,0.04478
S309,526,G,V,0.04428,0.3926,0.04478
S309,526,G,W,0.04478,0.3926,0.04478
S309,527,P,A,0.03817,0.6608,0.05395
S309,527,P,C,0.000717,0.6608,0.05395
S309,527,P,E,0.04238,0.6608,0.05395
S309,527,P,F,0.04002,0.6608,0.05395
S309,527,P,G,0.03489,0.6608,0.05395
S309,527,P,H,0.04793,0.6608,0.05395
S309,527,P,I,0.03645,0.6608,0.05395
S309,527,P,K,0.05395,0.6608,0.05395
S309,527,P,L,0.03527,0.6608,0.05395
S309,527,P,M,0.03776,0.6608,0.05395
S309,527,P,N,0.03775,0.6608,0.05395
S309,527,P,Q,0.03199,0.6608,0.05395
S309,527,P,R,0.03846,0.6608,0.05395
S309,527,P,S,0.03488,0.6608,0.05395
S309,527,P,T,0.03657,0.6608,0.05395
S309,527,P,V,0.03738,0.6608,0.05395
S309,527,P,W,0.03655,0.6608,0.05395
S309,527,P,Y,0.03966,0.6608,0.05395
S309,528,K,A,0.03674,0.7487,0.07154
S309,528,K,C,0.03716,0.7487,0.07154
S309,528,K,D,0.0587,0.7487,0.07154
S309,528,K,E,0.04071,0.7487,0.07154
S309,528,K,G,0.04188,0.7487,0.07154
S309,528,K,H,0.04298,0.7487,0.07154
S309,528,K,I,0.04176,0.7487,0.07154
S309,528,K,L,0.0361,0.7487,0.07154
S309,528,K,M,0.03381,0.7487,0.07154
S309,528,K,N,0.04041,0.7487,0.07154
S309,528,K,P,0.03768,0.7487,0.07154
S309,528,K,Q,0.0274,0.7487,0.07154
S309,528,K,R,0.03901,0.7487,0.07154
S309,528,K,S,0.04039,0.7487,0.07154
S309,528,K,T,0.07154,0.7487,0.07154
S309,528,K,V,0.0387,0.7487,0.07154
S309,528,K,W,0.04047,0.7487,0.07154
S309,528,K,Y,0.04322,0.7487,0.07154
S309,529,K,C,0.03423,0.7978,0.1282
S309,529,K,D,0.1282,0.7978,0.1282
S309,529,K,E,0.03893,0.7978,0.1282
S309,529,K,F,0.04087,0.7978,0.1282
S309,529,K,G,0.03821,0.7978,0.1282
S309,529,K,H,0.04131,0.7978,0.1282
S309,529,K,I,0.04282,0.7978,0.1282
S309,529,K,L,0.04326,0.7978,0.1282
S309,529,K,M,0.03195,0.7978,0.1282
S309,529,K,N,0.04302,0.7978,0.1282
S309,529,K,P,0.04134,0.7978,0.1282
S309,529,K,Q,0.03776,0.7978,0.1282
S309,529,K,R,0.03423,0.7978,0.1282
S309,529,K,S,0.03907,0.7978,0.1282
S309,529,K,T,0.04067,0.7978,0.1282
S309,529,K,V,0.04076,0.7978,0.1282
S309,529,K,W,0.04162,0.7978,0.1282
S309,529,K,Y,0.03955,0.7978,0.1282
S309,530,S,A,0.03894,0.7883,0.09172
S309,530,S,C,0.04047,0.7883,0.09172
S309,530,S,D,0.03444,0.7883,0.09172
S309,530,S,E,0.09172,0.7883,0.09172
S309,530,S,F,0.04045,0.7883,0.09172
S309,530,S,G,0.03809,0.7883,0.09172
S309,530,S,H,0.04167,0.7883,0.09172
S309,530,S,I,0.04527,0.7883,0.09172
S309,530,S,K,0.03666,0.7883,0.09172
S309,530,S,L,0.03628,0.7883,0.09172
S309,530,S,M,0.03434,0.7883,0.09172
S309,530,S,N,0.04144,0.7883,0.09172
S309,530,S,P,0.04246,0.7883,0.09172
S309,530,S,Q,0.03042,0.7883,0.09172
S309,530,S,R,0.03831,0.7883,0.09172
S309,530,S,T,0.04299,0.7883,0.09172
S309,530,S,V,0.0394,0.7883,0.09172
S309,530,S,W,0.04169,0.7883,0.09172
S309,530,S,Y,0.0332,0.7883,0.09172
S309,531,T,A,0.04155,0.7776,0.06366
S309,531,T,C,0.03692,0.7776,0.06366
S309,531,T,D,0.0414,0.7776,0.06366
S309,531,T,E,0.03547,0.7776,0.06366
S309,531,T,F,0.03751,0.7776,0.06366
S309,531,T,G,0.038,0.7776,0.06366
S309,531,T,H,0.04239,0.7776,0.06366
S309,531,T,I,0.03702,0.7776,0.06366
S309,531,T,K,0.06366,0.7776,0.06366
S309,531,T,L,0.04465,0.7776,0.06366
S309,531,T,M,0.03895,0.7776,0.06366
S309,531,T,N,0.04219,0.7776,0.06366
S309,531,T,P,0.03584,0.7776,0.06366
S309,531,T,Q,0.03587,0.7776,0.06366
S309,531,T,R,0.04125,0.7776,0.06366
S309,531,T,S,0.03859,0.7776,0.06366
S309,531,T,V,0.0438,0.7776,0.06366
S309,531,T,W,0.04488,0.7776,0.06366
S309,531,T,Y,0.0376,0.7776,0.06366
