mut_name,mutfracsurvive
A:R327C,0.0089742461061858
A:I326H,0.0084374361012033
A:I326G,0.0081064338458979
A:I326Q,0.0076639435828899
A:R327N,0.0067323384785383
A:R327L,0.0067290738218693
A:Q328N,0.0067155413973693
A:I326C,0.0065424008192885
A:G324T,0.0065263733294042
A:R327I,0.006479092197827
A:Q328L,0.0060000524694894
A:I326T,0.0059452819603003
A:D325P,0.0059368977036967
A:I326F,0.005693178364477
A:I326P,0.0056510794592154
A:Q328H,0.0053011452137305
A:I326K,0.0051807028901227
A:H330V,0.0051708982989524
A:R327W,0.0051317921
A:R327V,0.0050906006432801
A:G324D,0.0050600483026968
A:G324V,0.0050088156837612
A:G324H,0.0049693411179375
A:Q328T,0.004962115873053
A:P417V,0.0049468351730494
A:H330R,0.0047310556476676
A:D325W,0.004668597741851
A:I323E,0.0046504983472792
A:I326S,0.004588059490277
A:G324S,0.0045799018873838
A:G324L,0.0045676921670264
A:D325L,0.0045055910910497
A:Q328V,0.004327120236834
A:I323P,0.0043191397983885
A:H330I,0.0042197526506041
A:I326V,0.0041639248660733
A:I323C,0.0041552978811256
A:R327A,0.0040437946819122
A:I326M,0.0040435322611867
A:H330Q,0.0039870785010566
A:G324E,0.0039782950779543
A:Q328R,0.003907020880061
A:G324F,0.0038410314783961
A:G324Q,0.0037327243582875
A:R327E,0.0037252675951226
A:T415L,0.0037220970057221
A:I326N,0.0035823972793724
A:G324A,0.003523410930827
A:T415H,0.0034528441186464
A:Q328W,0.0033182048
A:Q328D,0.0033177604999999
A:T415S,0.0032911057862933
A:T415R,0.0032817358925039
A:H330T,0.0032496056162024
A:I323S,0.003214352967273
A:H330Y,0.0031797476213468
A:P417N,0.0031751392257405
A:I323T,0.0030289569488444
A:P417H,0.0030281548243307
A:T415P,0.0030043897713119
A:Q328E,0.0029632057787525
A:D325M,0.0029305199846337
A:D325T,0.0028934983753314
A:I323Y,0.0028845750138709
A:R327K,0.002865687521821
A:D325G,0.0028592028393162
A:T415V,0.0028512487572247
A:T415K,0.0028486730784919
A:H330L,0.0028449321050551
A:I326R,0.0028403688683573
A:I323N,0.0028379887205231
A:P417D,0.0028266534362848
A:D325H,0.0028193866526656
A:I323M,0.0028071679991455
A:D325D,0.0028019413704644
A:T415T,0.0028011581999298
A:I323I,0.0028011123919029
A:P417P,0.0028010349484726
A:H330H,0.0028000721539379
A:I326D,0.002800037
A:G324M,0.002800037
A:G324P,0.002800037
A:P417C,0.0028000369999999
A:Q328Q,0.0027995706877841
A:G324G,0.0027987170753194
A:R327R,0.0027984023722385
A:I326I,0.0027962574468962
A:I323F,0.0027841010656515
A:H330M,0.002709245673793
A:I326W,0.0027060376688422
A:G324R,0.0026950361924303
A:P417Y,0.0026651487210576
A:D325V,0.0026491524209846
A:P417F,0.002647730631607
A:R327Q,0.002645067606231
A:R327F,0.0026362716250382
A:T415F,0.0026252925166036
A:G324Y,0.0025976198995593
A:G324I,0.0025976198995593
A:H330P,0.0025974126005218
A:P417W,0.0025969181176096
A:P417M,0.0025880447904706
A:P417E,0.0025880447904706
A:P417I,0.0025880447904706
A:T415D,0.002587929986061
A:H330C,0.0025765055844895
A:R327H,0.0025747564838945
A:P417T,0.00251687931062
A:R327Y,0.0025023275131447
A:T415G,0.0024700791639485
A:R327P,0.0024486040742445
A:T415W,0.0024473066911044
A:Q328S,0.0024442198354154
A:I323L,0.0024422485022173
A:R327T,0.0024311002926122
A:R327D,0.0024152726697985
A:D325C,0.0024127964846337
A:G324C,0.0024127879731017
A:Q328C,0.002396083982023
A:P417S,0.0023770263830634
A:H330D,0.0023750774781685
A:T415N,0.0023744227713264
A:H330W,0.0023738811850113
A:T415E,0.0023326703813369
A:Q328M,0.0022644143964048
A:H330N,0.0022460502622939
A:I326E,0.0022249272568567
A:R327M,0.002210456537268
A:R327S,0.0021876263248055
A:G324N,0.0021700532649162
A:H330G,0.0021696537707729
A:D325Y,0.0021354424104602
A:I323Q,0.0021201223389926
A:Q328Y,0.0021106119737734
A:I323R,0.0021102561980671
A:H330E,0.0021102146218319
A:T415Q,0.0021094288158599
A:P417R,0.00209752654839
A:H330K,0.0020855563694106
A:G324K,0.0020854438779555
A:H330F,0.0020816349924398
A:I326A,0.0020184144042389
A:P417K,0.0020076339265812
A:G324W,0.0019811766685811
A:I326Y,0.0019671943315722
A:T415M,0.0019563343528084
A:P417Q,0.0019427192157533
A:D325F,0.0019375308166499
A:D325N,0.0019077786072637
A:Q328F,0.0019002378084486
A:D325Q,0.0018672463309827
A:T415Y,0.0018616822084784
A:D325R,0.0018613447454816
A:I323H,0.0018300715235511
A:T415C,0.001815142882446
A:Q328A,0.0017907035520067
A:H330S,0.0017849880318456
A:I326L,0.001783355841095
A:P417A,0.0017632410806898
A:P417G,0.0017490124734511
A:I323W,0.0017313022761509
A:I323K,0.0017277917266591
A:I323D,0.0017233036026198
A:I323A,0.0017106277913318
A:D325S,0.001702309359496
A:I323V,0.0016626609331574
A:T415I,0.0015992945665803
A:Q328P,0.0015108728617382
A:H330A,0.0014907020620848
A:P417L,0.0014882702740426
A:T415A,0.0014189220401418
A:Q328G,0.0014187676578561
A:D325K,0.0014131609922365
A:Q328K,0.0013152870110302
A:D325I,0.0013150246714108
A:D325E,0.0012909667471371
A:R327G,0.0012669283032573
A:Q328I,0.001113713530676
A:I323G,0.0010264335287028
A:D325A,0.0008960717559736
