mut_name,Normalized_FitnessMetric
V:H8*,-1.734
V:H8F,-0.4043
V:H8W,-0.0986
V:H8Y,0.0999
V:H8P,0.4579
V:H8M,-0.0732
V:H8L,0.0497
V:H8V,-0.1906
V:H8A,-0.4264
V:H8G,-0.0867
V:H8C,0.0192
V:H8N,-0.161
V:H8Q,0.0915
V:H8D,0.4105
V:H8E,-0.1922
V:H8R,0.1953
V:R9*,-0.7083
V:R9F,0.0205
V:R9W,-0.2248
V:R9Y,-0.3523
V:R9P,-0.1045
V:R9M,0.8722
V:R9I,-0.4914
V:R9L,-0.0791
V:R9V,0.1414
V:R9A,0.3209
V:R9G,0.1464
V:R9C,-1.1653
V:R9S,0.1857
V:R9T,0.6616
V:R9N,0.2959
V:R9Q,0.028
V:R9D,0.2411
V:R9E,0.2618
V:R9H,0.6444
V:R9K,0.1272
V:G10*,-1.3064
V:G10F,-0.4878
V:G10W,-0.3836
V:G10Y,-0.4174
V:G10P,-0.2686
V:G10I,-1.4782
V:G10L,-0.9449
V:G10V,-0.7382
V:G10A,0.3658
V:G10C,-0.3613
V:G10S,-0.1059
V:G10Q,0.0611
V:G10D,0.1257
V:G10E,0.0115
V:G10H,-0.0602
V:G10K,-0.5001
V:G10R,0.1897
V:E11*,-0.9812
V:E11F,-0.6029
V:E11W,-0.7257
V:E11Y,-0.6688
V:E11P,-0.5493
V:E11M,-0.1739
V:E11I,-0.8016
V:E11L,-0.1782
V:E11V,-0.2827
V:E11A,-0.2489
V:E11G,-0.3573
V:E11C,-1.0906
V:E11S,-0.3383
V:E11T,-0.5305
V:E11N,-1.4892
V:E11Q,-0.1211
V:E11D,-0.0207
V:E11H,-1.0387
V:E11K,-0.2396
V:E11R,-1.0658
V:F12*,-1.5894
V:F12W,-0.4723
V:F12Y,0.1729
V:F12I,-0.0675
V:F12L,-0.0136
V:F12V,0.1151
V:F12A,0.0431
V:F12G,0.4753
V:F12C,-0.0372
V:F12S,0.1599
V:F12T,0.0231
V:F12N,0.5555
V:F12Q,0.0863
V:F12D,0.4517
V:F12K,-0.1863
V:F12R,-0.2502
V:S13*,-1.3064
V:S13F,-0.8121
V:S13Y,-0.9259
V:S13P,-0.711
V:S13M,-0.4803
V:S13I,-1.6085
V:S13L,-1.5854
V:S13V,-0.8287
V:S13A,-0.4647
V:S13G,0.0245
V:S13C,-0.8208
V:S13T,-0.2813
V:S13N,-0.3246
V:S13D,0.0407
V:S13E,0.8163
V:S13H,0.4351
V:S13K,-1.0006
V:S13R,-1.5
V:S17*,-0.7609
V:S17F,-1.6856
V:S17W,-1.3071
V:S17Y,-1.4621
V:S17P,-0.1021
V:S17M,-0.8551
V:S17I,-1.302
V:S17L,-1.0561
V:S17V,-0.8891
V:S17A,-0.0377
V:S17G,-0.0265
V:S17C,-1.5804
V:S17T,-0.6652
V:S17Q,-0.9025
V:S17D,-0.2948
V:S17E,-0.3716
V:S17H,-1.5298
V:S17R,-0.9889
V:S19*,-1.4887
V:S19F,-1.2211
V:S19W,-1.7908
V:S19Y,-1.1464
V:S19P,-1.0973
V:S19M,-1.7937
V:S19I,-1.403
V:S19L,-1.6701
V:S19V,-1.737
V:S19A,-0.9868
V:S19G,-0.922
V:S19C,-1.1813
V:S19T,-0.9167
V:S19N,-1.1355
V:S19Q,-1.6504
V:S19D,-1.9891
V:S19E,-1.4753
V:S19H,-0.8204
V:S19K,-1.1896
V:S19R,-1.5703
V:V20*,-1.1935
V:V20F,0.097
V:V20W,-0.5183
V:V20Y,0.1132
V:V20P,-1.3916
V:V20M,0.0479
V:V20I,-0.3469
V:V20L,0.0382
V:V20A,0.2686
V:V20G,0.2413
V:V20C,-0.0702
V:V20S,0.2224
V:V20T,-0.101
V:V20N,0.6079
V:V20Q,0.0324
V:V20D,-0.1968
V:V20E,0.3115
V:V20H,-0.0216
V:V20R,0.22
V:W21*,-0.8284
V:W21F,-1.2225
V:W21Y,-1.169
V:W21P,-1.6466
V:W21M,-1.5235
V:W21I,-1.5076
V:W21L,-0.9285
V:W21V,-1.5283
V:W21A,-1.8189
V:W21G,-0.802
V:W21C,-0.9973
V:W21S,-1.8066
V:W21T,-1.3064
V:W21D,-1.5339
V:W21E,-1.4449
V:W21H,-1.8386
V:W21K,-1.5339
V:W21R,-0.8539
V:G23*,-1.2371
V:G23F,-0.8687
V:G23W,-0.8889
V:G23Y,-1.212
V:G23P,-1.1387
V:G23M,-1.1818
V:G23I,-1.3733
V:G23L,-1.7433
V:G23V,-0.6417
V:G23A,0.3509
V:G23C,-0.4867
V:G23S,-0.1686
V:G23T,0.0498
V:G23N,-0.4304
V:G23Q,-0.7725
V:G23D,-0.1565
V:G23E,-0.5443
V:G23H,-0.8226
V:G23K,-1.5006
V:G23R,-0.6407
V:Y52*,-0.9838
V:Y52F,-0.4697
V:Y52W,0.2075
V:Y52P,-1.6829
V:Y52M,-0.4382
V:Y52I,-1.3443
V:Y52L,-0.9055
V:Y52V,-1.9322
V:Y52A,-1.7606
V:Y52G,-1.6361
V:Y52C,-0.7276
V:Y52S,-1.5718
V:Y52T,-1.5632
V:Y52N,-0.9449
V:Y52Q,-1.5519
V:Y52D,-0.3383
V:Y52E,-1.4661
V:Y52H,-0.5181
V:Y52K,-1.5401
V:Y52R,-1.021
V:F54*,-1.7721
V:F54W,-0.7254
V:F54Y,-0.245
V:F54P,-1.5006
V:F54M,-0.4331
V:F54I,-1.2608
V:F54L,-0.4884
V:F54V,-1.0136
V:F54A,-1.7874
V:F54G,-1.847
V:F54C,-1.4621
V:F54S,-0.9356
V:F54T,-1.5741
V:F54N,-1.4358
V:F54D,-1.9011
V:F54E,-1.5145
V:F54H,-1.7471
V:F54K,-1.6262
V:F54R,-1.5844
V:T56*,-1.4449
V:T56F,-1.201
V:T56W,-1.4362
V:T56Y,-1.1434
V:T56P,-0.9476
V:T56M,-1.6304
V:T56I,0.122
V:T56L,-1.0437
V:T56V,-0.7324
V:T56A,-0.8526
V:T56G,-1.1404
V:T56C,-1.2562
V:T56S,-0.4418
V:T56N,-1.0436
V:T56Q,-1.0819
V:T56D,-1.6175
V:T56E,-1.3733
V:T56H,-1.7759
V:T56K,-1.0651
V:T56R,-1.2724
V:T106*,-1.0541
V:T106F,-1.5859
V:T106W,-1.5212
V:T106Y,-1.8877
V:T106P,-1.0218
V:T106M,-1.5672
V:T106I,-0.656
V:T106L,-1.7599
V:T106V,-0.4531
V:T106A,0.2074
V:T106G,0.2709
V:T106C,-0.2314
V:T106S,0.0051
V:T106N,0.2323
V:T106Q,-1.5291
V:T106D,-1.3069
V:T106E,-1.6827
V:T106H,-1.4549
V:T106K,-1.3557
V:T106R,-1.5461
V:A107*,-1.2255
V:A107F,-1.6258
V:A107W,-1.6298
V:A107Y,-1.8626
V:A107P,-1.3344
V:A107M,-1.7166
V:A107I,-1.7856
V:A107L,-1.2873
V:A107V,-1.0948
V:A107G,-0.0256
V:A107C,-1.4549
V:A107S,-0.7344
V:A107T,-0.8868
V:A107N,-0.9463
V:A107Q,-1.574
V:A107D,-0.9312
V:A107E,-0.9957
V:A107H,-1.6669
V:A107K,-1.1232
V:A107R,-1.5299
V:C108*,-1.0621
V:C108F,-1.4295
V:C108W,-1.4128
V:C108Y,-1.0156
V:C108P,-1.8527
V:C108M,-1.7607
V:C108I,-1.4767
V:C108L,-1.2814
V:C108V,-1.4564
V:C108A,-1.7513
V:C108G,-1.1624
V:C108S,-1.1881
V:C108T,-1.7307
V:C108N,-1.058
V:C108Q,-1.6215
V:C108D,-1.704
V:C108E,-1.6768
V:C108H,-1.0533
V:C108K,-1.6669
V:C108R,-0.9987
